match_id,jornada,fecha_jornada,equipo_local,equipo_visitante,resultado
2486258,Jornada 1,26/09/2025,HLA ALICANTE,CLOUD.GAL OURENSE BALONCESTO,87-76
2486259,Jornada 1,26/09/2025,HESTIA MENORCA,MONBUS OBRADOIRO,97-77
2486260,Jornada 1,26/09/2025,PALMER BASKET MALLORCA PALMA,SÚPER AGROPAL PALENCIA,69-78
2486261,Jornada 1,26/09/2025,GRUPO URETA TIZONA BURGOS,MELILLA CIUDAD DEL DEPORTE,106-91
2486262,Jornada 1,26/09/2025,INVEREADY GIPUZKOA,LEYMA CORUÑA,63-79
2486264,Jornada 1,26/09/2025,GRUPO CAESA SEGUROS FC CARTAGENA CB,FIBWI MALLORCA BASQUET PALMA,72-70
2486265,Jornada 1,26/09/2025,ALIMERKA OVIEDO BALONCESTO,MOVISTAR ESTUDIANTES,87-101
2486266,Jornada 1,26/09/2025,GRUPO ALEGA CANTABRIA,CAJA RURAL CB ZAMORA,72-96
2486267,Jornada 2,03/10/2025,HESTIA MENORCA,FIBWI MALLORCA BASQUET PALMA,70-71
2486268,Jornada 2,03/10/2025,LEYMA CORUÑA,ALIMERKA OVIEDO BALONCESTO,87-72
2486269,Jornada 2,03/10/2025,MONBUS OBRADOIRO,GRUPO ALEGA CANTABRIA,82-87
2486270,Jornada 2,03/10/2025,MOVISTAR ESTUDIANTES,INVEREADY GIPUZKOA,93-88
2486271,Jornada 2,03/10/2025,FLEXICAR FUENLABRADA,MELILLA CIUDAD DEL DEPORTE,82-73
2486272,Jornada 2,03/10/2025,CLOUD.GAL OURENSE BALONCESTO,PALMER BASKET MALLORCA PALMA,82-69
2486273,Jornada 2,03/10/2025,SÚPER AGROPAL PALENCIA,GRUPO CAESA SEGUROS FC CARTAGENA CB,90-73
2486274,Jornada 2,03/10/2025,CAJA RURAL CB ZAMORA,GRUPO URETA TIZONA BURGOS,101-95
2486276,Jornada 3,10/10/2025,HLA ALICANTE,FIBWI MALLORCA BASQUET PALMA,81-74
2486277,Jornada 3,10/10/2025,HESTIA MENORCA,LEYMA CORUÑA,80-102
2486279,Jornada 3,10/10/2025,GRUPO URETA TIZONA BURGOS,FLEXICAR FUENLABRADA,89-93
2486280,Jornada 3,10/10/2025,INVEREADY GIPUZKOA,MONBUS OBRADOIRO,95-96
2486281,Jornada 3,10/10/2025,GRUPO CAESA SEGUROS FC CARTAGENA CB,ALIMERKA OVIEDO BALONCESTO,82-78
2486282,Jornada 3,10/10/2025,GRUPO ALEGA CANTABRIA,SÚPER AGROPAL PALENCIA,58-107
2486283,Jornada 3,10/10/2025,CAJA RURAL CB ZAMORA,CLOUD.GAL OURENSE BALONCESTO,84-94
2486284,Jornada 3,10/10/2025,MELILLA CIUDAD DEL DEPORTE,MOVISTAR ESTUDIANTES,70-82
2486285,Jornada 4,17/10/2025,FIBWI MALLORCA BASQUET PALMA,CAJA RURAL CB ZAMORA,88-83
2486286,Jornada 4,17/10/2025,LEYMA CORUÑA,PALMER BASKET MALLORCA PALMA,91-75
2486287,Jornada 4,17/10/2025,MONBUS OBRADOIRO,MELILLA CIUDAD DEL DEPORTE,79-59
2486288,Jornada 4,17/10/2025,INVEREADY GIPUZKOA,GRUPO CAESA SEGUROS FC CARTAGENA CB,75-69
2486289,Jornada 4,17/10/2025,MOVISTAR ESTUDIANTES,HLA ALICANTE,88-82
2486290,Jornada 4,17/10/2025,FLEXICAR FUENLABRADA,GRUPO ALEGA CANTABRIA,90-75
2486292,Jornada 4,17/10/2025,ALIMERKA OVIEDO BALONCESTO,GRUPO URETA TIZONA BURGOS,93-80
2486293,Jornada 4,17/10/2025,SÚPER AGROPAL PALENCIA,HESTIA MENORCA,89-64
2486294,Jornada 5,24/10/2025,HLA ALICANTE,CAJA RURAL CB ZAMORA,94-86
2486295,Jornada 5,24/10/2025,HESTIA MENORCA,GRUPO CAESA SEGUROS FC CARTAGENA CB,97-61
2486296,Jornada 5,24/10/2025,PALMER BASKET MALLORCA PALMA,ALIMERKA OVIEDO BALONCESTO,57-78
2486297,Jornada 5,24/10/2025,GRUPO URETA TIZONA BURGOS,LEYMA CORUÑA,82-97
2486298,Jornada 5,24/10/2025,MOVISTAR ESTUDIANTES,MONBUS OBRADOIRO,78-79
2486299,Jornada 5,24/10/2025,FLEXICAR FUENLABRADA,FIBWI MALLORCA BASQUET PALMA,99-81
2486300,Jornada 5,24/10/2025,GRUPO ALEGA CANTABRIA,CLOUD.GAL OURENSE BALONCESTO,87-66
2486301,Jornada 5,24/10/2025,MELILLA CIUDAD DEL DEPORTE,SÚPER AGROPAL PALENCIA,80-75
2486304,Jornada 6,31/10/2025,GRUPO URETA TIZONA BURGOS,INVEREADY GIPUZKOA,81-73
2486305,Jornada 6,31/10/2025,LEYMA CORUÑA,FLEXICAR FUENLABRADA,101-75
2486306,Jornada 6,31/10/2025,GRUPO CAESA SEGUROS FC CARTAGENA CB,MOVISTAR ESTUDIANTES,68-95
2486307,Jornada 6,31/10/2025,CLOUD.GAL OURENSE BALONCESTO,HESTIA MENORCA,84-80
2486308,Jornada 6,31/10/2025,ALIMERKA OVIEDO BALONCESTO,MONBUS OBRADOIRO,75-79
2486309,Jornada 6,31/10/2025,SÚPER AGROPAL PALENCIA,HLA ALICANTE,59-79
2486310,Jornada 6,31/10/2025,GRUPO ALEGA CANTABRIA,MELILLA CIUDAD DEL DEPORTE,76-72
2486311,Jornada 6,31/10/2025,CAJA RURAL CB ZAMORA,PALMER BASKET MALLORCA PALMA,99-76
2486312,Jornada 7,07/11/2025,PALMER BASKET MALLORCA PALMA,HESTIA MENORCA,83-80
2486313,Jornada 7,07/11/2025,MONBUS OBRADOIRO,GRUPO URETA TIZONA BURGOS,93-68
2486314,Jornada 7,07/11/2025,INVEREADY GIPUZKOA,FIBWI MALLORCA BASQUET PALMA,65-71
2486315,Jornada 7,07/11/2025,MOVISTAR ESTUDIANTES,LEYMA CORUÑA,87-92
2486316,Jornada 7,07/11/2025,FLEXICAR FUENLABRADA,ALIMERKA OVIEDO BALONCESTO,71-92
2486317,Jornada 7,07/11/2025,CLOUD.GAL OURENSE BALONCESTO,GRUPO CAESA SEGUROS FC CARTAGENA CB,91-65
2486318,Jornada 7,07/11/2025,CAJA RURAL CB ZAMORA,SÚPER AGROPAL PALENCIA,77-102
2486319,Jornada 7,07/11/2025,MELILLA CIUDAD DEL DEPORTE,HLA ALICANTE,79-90
2486321,Jornada 8,14/11/2025,HLA ALICANTE,PALMER BASKET MALLORCA PALMA,109-73
2486322,Jornada 8,14/11/2025,FIBWI MALLORCA BASQUET PALMA,CLOUD.GAL OURENSE BALONCESTO,83-76
2486324,Jornada 8,14/11/2025,LEYMA CORUÑA,MELILLA CIUDAD DEL DEPORTE,101-89
2486325,Jornada 8,14/11/2025,INVEREADY GIPUZKOA,CAJA RURAL CB ZAMORA,82-86
2486326,Jornada 8,14/11/2025,MOVISTAR ESTUDIANTES,FLEXICAR FUENLABRADA,99-76
2486327,Jornada 8,14/11/2025,GRUPO CAESA SEGUROS FC CARTAGENA CB,MONBUS OBRADOIRO,68-94
2486328,Jornada 8,14/11/2025,SÚPER AGROPAL PALENCIA,ALIMERKA OVIEDO BALONCESTO,88-80
2486329,Jornada 8,14/11/2025,GRUPO ALEGA CANTABRIA,GRUPO URETA TIZONA BURGOS,84-91
2486330,Jornada 9,21/11/2025,HLA ALICANTE,GRUPO ALEGA CANTABRIA,101-90
2486331,Jornada 9,21/11/2025,GRUPO URETA TIZONA BURGOS,CLOUD.GAL OURENSE BALONCESTO,77-99
2486332,Jornada 9,21/11/2025,MONBUS OBRADOIRO,FIBWI MALLORCA BASQUET PALMA,99-89
2486333,Jornada 9,21/11/2025,FLEXICAR FUENLABRADA,INVEREADY GIPUZKOA,70-87
2486334,Jornada 9,21/11/2025,ALIMERKA OVIEDO BALONCESTO,HESTIA MENORCA,67-75
2486335,Jornada 9,21/11/2025,SÚPER AGROPAL PALENCIA,MOVISTAR ESTUDIANTES,83-52
2486336,Jornada 9,21/11/2025,CAJA RURAL CB ZAMORA,GRUPO CAESA SEGUROS FC CARTAGENA CB,90-71
2486337,Jornada 9,21/11/2025,MELILLA CIUDAD DEL DEPORTE,PALMER BASKET MALLORCA PALMA,90-76
2486339,Jornada 10,05/12/2025,FIBWI MALLORCA BASQUET PALMA,GRUPO URETA TIZONA BURGOS,87-86
2486340,Jornada 10,05/12/2025,HESTIA MENORCA,CAJA RURAL CB ZAMORA,88-74
2486341,Jornada 10,05/12/2025,PALMER BASKET MALLORCA PALMA,MOVISTAR ESTUDIANTES,64-68
2486342,Jornada 10,05/12/2025,LEYMA CORUÑA,SÚPER AGROPAL PALENCIA,82-75
2486343,Jornada 10,05/12/2025,MONBUS OBRADOIRO,FLEXICAR FUENLABRADA,97-69
2486344,Jornada 10,05/12/2025,INVEREADY GIPUZKOA,HLA ALICANTE,77-70
2486346,Jornada 10,05/12/2025,CLOUD.GAL OURENSE BALONCESTO,MELILLA CIUDAD DEL DEPORTE,98-75
2486347,Jornada 10,05/12/2025,ALIMERKA OVIEDO BALONCESTO,GRUPO ALEGA CANTABRIA,97-79
2486348,Jornada 11,12/12/2025,HLA ALICANTE,ALIMERKA OVIEDO BALONCESTO,88-89
2486349,Jornada 11,12/12/2025,PALMER BASKET MALLORCA PALMA,GRUPO CAESA SEGUROS FC CARTAGENA CB,77-68
2486350,Jornada 11,12/12/2025,MOVISTAR ESTUDIANTES,GRUPO URETA TIZONA BURGOS,102-85
2486351,Jornada 11,12/12/2025,FLEXICAR FUENLABRADA,CLOUD.GAL OURENSE BALONCESTO,78-71
2486352,Jornada 11,12/12/2025,SÚPER AGROPAL PALENCIA,INVEREADY GIPUZKOA,64-76
2486353,Jornada 11,12/12/2025,GRUPO ALEGA CANTABRIA,HESTIA MENORCA,83-80
2486354,Jornada 11,12/12/2025,CAJA RURAL CB ZAMORA,LEYMA CORUÑA,69-81
2486355,Jornada 11,12/12/2025,MELILLA CIUDAD DEL DEPORTE,FIBWI MALLORCA BASQUET PALMA,72-79
2486357,Jornada 12,16/12/2025,HLA ALICANTE,FLEXICAR FUENLABRADA,91-86
2486358,Jornada 12,16/12/2025,FIBWI MALLORCA BASQUET PALMA,SÚPER AGROPAL PALENCIA,86-93
2486359,Jornada 12,16/12/2025,HESTIA MENORCA,MOVISTAR ESTUDIANTES,86-96
2486360,Jornada 12,16/12/2025,GRUPO URETA TIZONA BURGOS,PALMER BASKET MALLORCA PALMA,95-59
2486361,Jornada 12,16/12/2025,LEYMA CORUÑA,CLOUD.GAL OURENSE BALONCESTO,94-77
2486362,Jornada 12,16/12/2025,MONBUS OBRADOIRO,CAJA RURAL CB ZAMORA,106-80
2486363,Jornada 12,16/12/2025,INVEREADY GIPUZKOA,MELILLA CIUDAD DEL DEPORTE,84-62
2486364,Jornada 12,16/12/2025,GRUPO CAESA SEGUROS FC CARTAGENA CB,GRUPO ALEGA CANTABRIA,68-74
2486366,Jornada 13,21/12/2025,PALMER BASKET MALLORCA PALMA,MONBUS OBRADOIRO,45-115
2486367,Jornada 13,21/12/2025,GRUPO URETA TIZONA BURGOS,HLA ALICANTE,72-85
2486368,Jornada 13,21/12/2025,FLEXICAR FUENLABRADA,SÚPER AGROPAL PALENCIA,73-67
2486369,Jornada 13,21/12/2025,GRUPO CAESA SEGUROS FC CARTAGENA CB,LEYMA CORUÑA,80-89
2486370,Jornada 13,21/12/2025,CLOUD.GAL OURENSE BALONCESTO,INVEREADY GIPUZKOA,77-89
2486371,Jornada 13,21/12/2025,GRUPO ALEGA CANTABRIA,FIBWI MALLORCA BASQUET PALMA,77-65
2486372,Jornada 13,21/12/2025,CAJA RURAL CB ZAMORA,ALIMERKA OVIEDO BALONCESTO,104-102
2486373,Jornada 13,21/12/2025,MELILLA CIUDAD DEL DEPORTE,HESTIA MENORCA,65-95
2486375,Jornada 14,28/12/2025,HLA ALICANTE,GRUPO CAESA SEGUROS FC CARTAGENA CB,95-77
2486376,Jornada 14,28/12/2025,FIBWI MALLORCA BASQUET PALMA,PALMER BASKET MALLORCA PALMA,82-80
2486377,Jornada 14,28/12/2025,HESTIA MENORCA,FLEXICAR FUENLABRADA,80-70
2486378,Jornada 14,28/12/2025,MONBUS OBRADOIRO,LEYMA CORUÑA,103-99
2486379,Jornada 14,28/12/2025,INVEREADY GIPUZKOA,GRUPO ALEGA CANTABRIA,88-77
2486380,Jornada 14,28/12/2025,MOVISTAR ESTUDIANTES,CAJA RURAL CB ZAMORA,86-77
2486381,Jornada 14,28/12/2025,ALIMERKA OVIEDO BALONCESTO,CLOUD.GAL OURENSE BALONCESTO,75-73
2486382,Jornada 14,28/12/2025,SÚPER AGROPAL PALENCIA,GRUPO URETA TIZONA BURGOS,91-76
2486384,Jornada 15,04/01/2026,HESTIA MENORCA,HLA ALICANTE,81-68
2486385,Jornada 15,04/01/2026,PALMER BASKET MALLORCA PALMA,INVEREADY GIPUZKOA,63-71
2486387,Jornada 15,04/01/2026,LEYMA CORUÑA,GRUPO ALEGA CANTABRIA,102-67
2486388,Jornada 15,04/01/2026,MOVISTAR ESTUDIANTES,CLOUD.GAL OURENSE BALONCESTO,92-75
2486389,Jornada 15,04/01/2026,GRUPO CAESA SEGUROS FC CARTAGENA CB,FLEXICAR FUENLABRADA,75-88
2486390,Jornada 15,04/01/2026,ALIMERKA OVIEDO BALONCESTO,FIBWI MALLORCA BASQUET PALMA,83-64
2486391,Jornada 15,04/01/2026,SÚPER AGROPAL PALENCIA,MONBUS OBRADOIRO,85-87
2486392,Jornada 15,04/01/2026,CAJA RURAL CB ZAMORA,MELILLA CIUDAD DEL DEPORTE,97-88
2486393,Jornada 16,09/01/2026,HLA ALICANTE,LEYMA CORUÑA,89-96
2486394,Jornada 16,09/01/2026,FIBWI MALLORCA BASQUET PALMA,MOVISTAR ESTUDIANTES,80-76
2486395,Jornada 16,09/01/2026,GRUPO URETA TIZONA BURGOS,HESTIA MENORCA,85-102
2486396,Jornada 16,09/01/2026,INVEREADY GIPUZKOA,ALIMERKA OVIEDO BALONCESTO,74-69
2486397,Jornada 16,09/01/2026,FLEXICAR FUENLABRADA,CAJA RURAL CB ZAMORA,79-61
2486398,Jornada 16,09/01/2026,CLOUD.GAL OURENSE BALONCESTO,MONBUS OBRADOIRO,96-93
2486399,Jornada 16,09/01/2026,GRUPO ALEGA CANTABRIA,PALMER BASKET MALLORCA PALMA,73-76
2486400,Jornada 16,09/01/2026,MELILLA CIUDAD DEL DEPORTE,GRUPO CAESA SEGUROS FC CARTAGENA CB,84-91
2486402,Jornada 17,16/01/2026,HESTIA MENORCA,INVEREADY GIPUZKOA,71-64
2486403,Jornada 17,16/01/2026,PALMER BASKET MALLORCA PALMA,FLEXICAR FUENLABRADA,79-88
2486404,Jornada 17,16/01/2026,LEYMA CORUÑA,FIBWI MALLORCA BASQUET PALMA,94-72
2486405,Jornada 17,16/01/2026,MONBUS OBRADOIRO,HLA ALICANTE,87-75
2486406,Jornada 17,16/01/2026,MOVISTAR ESTUDIANTES,GRUPO ALEGA CANTABRIA,81-74
2486407,Jornada 17,16/01/2026,GRUPO CAESA SEGUROS FC CARTAGENA CB,GRUPO URETA TIZONA BURGOS,89-87
2486408,Jornada 17,16/01/2026,ALIMERKA OVIEDO BALONCESTO,MELILLA CIUDAD DEL DEPORTE,101-70
2486409,Jornada 17,16/01/2026,SÚPER AGROPAL PALENCIA,CLOUD.GAL OURENSE BALONCESTO,83-77
2486411,Jornada 18,30/01/2026,HLA ALICANTE,SÚPER AGROPAL PALENCIA,63-82
2486412,Jornada 18,30/01/2026,PALMER BASKET MALLORCA PALMA,CAJA RURAL CB ZAMORA,92-95
2486413,Jornada 18,30/01/2026,GRUPO URETA TIZONA BURGOS,FIBWI MALLORCA BASQUET PALMA,80-76
2486414,Jornada 18,30/01/2026,MONBUS OBRADOIRO,ALIMERKA OVIEDO BALONCESTO,86-68
2486415,Jornada 18,30/01/2026,INVEREADY GIPUZKOA,MOVISTAR ESTUDIANTES,73-66
2486416,Jornada 18,30/01/2026,CLOUD.GAL OURENSE BALONCESTO,FLEXICAR FUENLABRADA,69-72
2486417,Jornada 18,30/01/2026,GRUPO ALEGA CANTABRIA,GRUPO CAESA SEGUROS FC CARTAGENA CB,78-72
2486418,Jornada 18,30/01/2026,MELILLA CIUDAD DEL DEPORTE,LEYMA CORUÑA,72-105
2486420,Jornada 19,06/02/2026,FIBWI MALLORCA BASQUET PALMA,MELILLA CIUDAD DEL DEPORTE,84-78
2486421,Jornada 19,06/02/2026,HESTIA MENORCA,GRUPO ALEGA CANTABRIA,89-81
2486422,Jornada 19,06/02/2026,MOVISTAR ESTUDIANTES,SÚPER AGROPAL PALENCIA,72-94
2486423,Jornada 19,06/02/2026,FLEXICAR FUENLABRADA,GRUPO URETA TIZONA BURGOS,76-69
2486424,Jornada 19,06/02/2026,GRUPO CAESA SEGUROS FC CARTAGENA CB,INVEREADY GIPUZKOA,64-84
2486425,Jornada 19,06/02/2026,CLOUD.GAL OURENSE BALONCESTO,HLA ALICANTE,81-75
2486426,Jornada 19,06/02/2026,ALIMERKA OVIEDO BALONCESTO,LEYMA CORUÑA,84-89
2486427,Jornada 19,06/02/2026,CAJA RURAL CB ZAMORA,MONBUS OBRADOIRO,77-92
2486429,Jornada 20,10/02/2026,HLA ALICANTE,MELILLA CIUDAD DEL DEPORTE,78-71
2486430,Jornada 20,10/02/2026,FIBWI MALLORCA BASQUET PALMA,FLEXICAR FUENLABRADA,79-80
2486431,Jornada 20,10/02/2026,LEYMA CORUÑA,CAJA RURAL CB ZAMORA,81-76
2486432,Jornada 20,10/02/2026,MONBUS OBRADOIRO,HESTIA MENORCA,100-86
2486433,Jornada 20,10/02/2026,INVEREADY GIPUZKOA,GRUPO URETA TIZONA BURGOS,93-65
2486435,Jornada 20,10/02/2026,GRUPO CAESA SEGUROS FC CARTAGENA CB,CLOUD.GAL OURENSE BALONCESTO,81-80
2486436,Jornada 20,10/02/2026,SÚPER AGROPAL PALENCIA,PALMER BASKET MALLORCA PALMA,85-69
2486437,Jornada 20,10/02/2026,GRUPO ALEGA CANTABRIA,ALIMERKA OVIEDO BALONCESTO,79-87
2486438,Jornada 21,15/02/2026,FIBWI MALLORCA BASQUET PALMA,HESTIA MENORCA,69-76
2486439,Jornada 21,15/02/2026,PALMER BASKET MALLORCA PALMA,LEYMA CORUÑA,65-85
2486440,Jornada 21,15/02/2026,GRUPO URETA TIZONA BURGOS,CAJA RURAL CB ZAMORA,93-101
2486441,Jornada 21,15/02/2026,FLEXICAR FUENLABRADA,HLA ALICANTE,87-90
2486442,Jornada 21,15/02/2026,CLOUD.GAL OURENSE BALONCESTO,MOVISTAR ESTUDIANTES,103-97
2486443,Jornada 21,15/02/2026,ALIMERKA OVIEDO BALONCESTO,SÚPER AGROPAL PALENCIA,61-76
2486444,Jornada 21,15/02/2026,GRUPO ALEGA CANTABRIA,INVEREADY GIPUZKOA,91-90
2486445,Jornada 21,15/02/2026,MELILLA CIUDAD DEL DEPORTE,MONBUS OBRADOIRO,70-92
2486447,Jornada 22,20/02/2026,HLA ALICANTE,HESTIA MENORCA,58-76
2486448,Jornada 22,20/02/2026,GRUPO URETA TIZONA BURGOS,ALIMERKA OVIEDO BALONCESTO,82-89
2486449,Jornada 22,20/02/2026,LEYMA CORUÑA,MOVISTAR ESTUDIANTES,105-82
2486451,Jornada 22,20/02/2026,GRUPO CAESA SEGUROS FC CARTAGENA CB,PALMER BASKET MALLORCA PALMA,66-82
2486452,Jornada 22,20/02/2026,CLOUD.GAL OURENSE BALONCESTO,FIBWI MALLORCA BASQUET PALMA,81-69
2486453,Jornada 22,20/02/2026,SÚPER AGROPAL PALENCIA,FLEXICAR FUENLABRADA,97-74
2486454,Jornada 22,20/02/2026,CAJA RURAL CB ZAMORA,INVEREADY GIPUZKOA,70-101
2486455,Jornada 22,20/02/2026,MELILLA CIUDAD DEL DEPORTE,GRUPO ALEGA CANTABRIA,83-77
2486456,Jornada 23,06/03/2026,FIBWI MALLORCA BASQUET PALMA,GRUPO ALEGA CANTABRIA,68-73
2486457,Jornada 23,06/03/2026,PALMER BASKET MALLORCA PALMA,GRUPO URETA TIZONA BURGOS,88-72
2486458,Jornada 23,06/03/2026,LEYMA CORUÑA,HLA ALICANTE,83-74
2486459,Jornada 23,06/03/2026,INVEREADY GIPUZKOA,CLOUD.GAL OURENSE BALONCESTO,81-79
2486460,Jornada 23,06/03/2026,MOVISTAR ESTUDIANTES,HESTIA MENORCA,85-78
2486461,Jornada 23,06/03/2026,FLEXICAR FUENLABRADA,MONBUS OBRADOIRO,77-97
2486462,Jornada 23,06/03/2026,ALIMERKA OVIEDO BALONCESTO,GRUPO CAESA SEGUROS FC CARTAGENA CB,92-80
2486463,Jornada 23,06/03/2026,SÚPER AGROPAL PALENCIA,CAJA RURAL CB ZAMORA,77-66
2486465,Jornada 24,10/03/2026,FIBWI MALLORCA BASQUET PALMA,HLA ALICANTE,102-104
2486466,Jornada 24,10/03/2026,HESTIA MENORCA,PALMER BASKET MALLORCA PALMA,89-74
2486467,Jornada 24,10/03/2026,GRUPO URETA TIZONA BURGOS,SÚPER AGROPAL PALENCIA,74-91
2486468,Jornada 24,10/03/2026,MONBUS OBRADOIRO,GRUPO CAESA SEGUROS FC CARTAGENA CB,101-49
2486469,Jornada 24,10/03/2026,INVEREADY GIPUZKOA,FLEXICAR FUENLABRADA,90-74
2486470,Jornada 24,10/03/2026,CLOUD.GAL OURENSE BALONCESTO,LEYMA CORUÑA,59-74
2486472,Jornada 24,10/03/2026,CAJA RURAL CB ZAMORA,MOVISTAR ESTUDIANTES,75-86
2486473,Jornada 24,10/03/2026,MELILLA CIUDAD DEL DEPORTE,ALIMERKA OVIEDO BALONCESTO,79-87
2486474,Jornada 25,15/03/2026,HLA ALICANTE,MONBUS OBRADOIRO,80-103
2486475,Jornada 25,15/03/2026,PALMER BASKET MALLORCA PALMA,GRUPO ALEGA CANTABRIA,86-83
2486476,Jornada 25,15/03/2026,MOVISTAR ESTUDIANTES,FIBWI MALLORCA BASQUET PALMA,90-66
2486477,Jornada 25,15/03/2026,FLEXICAR FUENLABRADA,HESTIA MENORCA,78-71
2486478,Jornada 25,15/03/2026,GRUPO CAESA SEGUROS FC CARTAGENA CB,MELILLA CIUDAD DEL DEPORTE,82-68
2486479,Jornada 25,15/03/2026,CLOUD.GAL OURENSE BALONCESTO,GRUPO URETA TIZONA BURGOS,79-77
2486480,Jornada 25,15/03/2026,ALIMERKA OVIEDO BALONCESTO,INVEREADY GIPUZKOA,90-71
2486481,Jornada 25,15/03/2026,SÚPER AGROPAL PALENCIA,LEYMA CORUÑA,99-87
2486483,Jornada 26,20/03/2026,FIBWI MALLORCA BASQUET PALMA,ALIMERKA OVIEDO BALONCESTO,DOMINGO22/03/202618:00
2486484,Jornada 26,20/03/2026,LEYMA CORUÑA,GRUPO URETA TIZONA BURGOS,VIERNES20/03/202620:30
2486485,Jornada 26,20/03/2026,MONBUS OBRADOIRO,PALMER BASKET MALLORCA PALMA,SÁBADO21/03/202618:30
2486486,Jornada 26,20/03/2026,INVEREADY GIPUZKOA,SÚPER AGROPAL PALENCIA,SÁBADO21/03/202618:00
2486487,Jornada 26,20/03/2026,GRUPO CAESA SEGUROS FC CARTAGENA CB,HLA ALICANTE,SÁBADO21/03/202619:00
2486488,Jornada 26,20/03/2026,GRUPO ALEGA CANTABRIA,MOVISTAR ESTUDIANTES,SÁBADO21/03/202619:00
2486489,Jornada 26,20/03/2026,CAJA RURAL CB ZAMORA,HESTIA MENORCA,SÁBADO21/03/202619:30
2486490,Jornada 26,20/03/2026,MELILLA CIUDAD DEL DEPORTE,FLEXICAR FUENLABRADA,DOMINGO22/03/202618:00
2486492,Jornada 27,27/03/2026,HLA ALICANTE,MOVISTAR ESTUDIANTES,SÁBADO28/03/202619:00
2486493,Jornada 27,27/03/2026,FIBWI MALLORCA BASQUET PALMA,MONBUS OBRADOIRO,DOMINGO29/03/202618:00
2486494,Jornada 27,27/03/2026,HESTIA MENORCA,ALIMERKA OVIEDO BALONCESTO,SÁBADO28/03/202619:30
2486495,Jornada 27,27/03/2026,GRUPO URETA TIZONA BURGOS,GRUPO ALEGA CANTABRIA,VIERNES27/03/202620:45
2486496,Jornada 27,27/03/2026,LEYMA CORUÑA,GRUPO CAESA SEGUROS FC CARTAGENA CB,VIERNES27/03/202620:45
2486498,Jornada 27,27/03/2026,FLEXICAR FUENLABRADA,PALMER BASKET MALLORCA PALMA,SÁBADO28/03/202618:30
2486499,Jornada 27,27/03/2026,CLOUD.GAL OURENSE BALONCESTO,CAJA RURAL CB ZAMORA,SÁBADO28/03/202619:00
2486500,Jornada 27,27/03/2026,SÚPER AGROPAL PALENCIA,MELILLA CIUDAD DEL DEPORTE,VIERNES27/03/202621:00
2486501,Jornada 28,03/04/2026,HESTIA MENORCA,GRUPO URETA TIZONA BURGOS,SÁBADO04/04/202620:45
2486502,Jornada 28,03/04/2026,PALMER BASKET MALLORCA PALMA,CLOUD.GAL OURENSE BALONCESTO,DOMINGO05/04/202618:00
2486503,Jornada 28,03/04/2026,MONBUS OBRADOIRO,SÚPER AGROPAL PALENCIA,DOMINGO05/04/202618:30
2486504,Jornada 28,03/04/2026,MOVISTAR ESTUDIANTES,GRUPO CAESA SEGUROS FC CARTAGENA CB,DOMINGO05/04/202611:30
2486505,Jornada 28,03/04/2026,ALIMERKA OVIEDO BALONCESTO,HLA ALICANTE,DOMINGO05/04/202612:00
2486506,Jornada 28,03/04/2026,GRUPO ALEGA CANTABRIA,LEYMA CORUÑA,SÁBADO04/04/202619:00
2486507,Jornada 28,03/04/2026,CAJA RURAL CB ZAMORA,FLEXICAR FUENLABRADA,SÁBADO04/04/202619:30
2486508,Jornada 28,03/04/2026,MELILLA CIUDAD DEL DEPORTE,INVEREADY GIPUZKOA,DOMINGO05/04/202618:00
2486510,Jornada 29,10/04/2026,HLA ALICANTE,INVEREADY GIPUZKOA,SÁBADO11/04/202619:00
2486511,Jornada 29,10/04/2026,PALMER BASKET MALLORCA PALMA,MELILLA CIUDAD DEL DEPORTE,DOMINGO12/04/202618:00
2486512,Jornada 29,10/04/2026,GRUPO URETA TIZONA BURGOS,MOVISTAR ESTUDIANTES,VIERNES10/04/202620:45
2486513,Jornada 29,10/04/2026,LEYMA CORUÑA,MONBUS OBRADOIRO,SÁBADO11/04/202619:00
2486514,Jornada 29,10/04/2026,GRUPO CAESA SEGUROS FC CARTAGENA CB,HESTIA MENORCA,SÁBADO11/04/202619:00
2486515,Jornada 29,10/04/2026,CLOUD.GAL OURENSE BALONCESTO,GRUPO ALEGA CANTABRIA,SÁBADO11/04/202619:00
2486516,Jornada 29,10/04/2026,ALIMERKA OVIEDO BALONCESTO,FLEXICAR FUENLABRADA,SÁBADO11/04/202619:00
2486518,Jornada 29,10/04/2026,CAJA RURAL CB ZAMORA,FIBWI MALLORCA BASQUET PALMA,SÁBADO11/04/202619:30
2486519,Jornada 30,17/04/2026,FIBWI MALLORCA BASQUET PALMA,GRUPO CAESA SEGUROS FC CARTAGENA CB,DOMINGO19/04/202618:00
2486520,Jornada 30,17/04/2026,HESTIA MENORCA,SÚPER AGROPAL PALENCIA,SÁBADO18/04/202619:30
2486521,Jornada 30,17/04/2026,MONBUS OBRADOIRO,CLOUD.GAL OURENSE BALONCESTO,VIERNES17/04/202620:00
2486522,Jornada 30,17/04/2026,INVEREADY GIPUZKOA,PALMER BASKET MALLORCA PALMA,VIERNES17/04/202620:00
2486523,Jornada 30,17/04/2026,MOVISTAR ESTUDIANTES,ALIMERKA OVIEDO BALONCESTO,DOMINGO19/04/202612:30
2486524,Jornada 30,17/04/2026,FLEXICAR FUENLABRADA,LEYMA CORUÑA,SÁBADO18/04/202618:30
2486525,Jornada 30,17/04/2026,GRUPO ALEGA CANTABRIA,HLA ALICANTE,VIERNES17/04/202620:30
2486526,Jornada 30,17/04/2026,MELILLA CIUDAD DEL DEPORTE,CAJA RURAL CB ZAMORA,DOMINGO19/04/202618:00
2486529,Jornada 31,21/04/2026,FIBWI MALLORCA BASQUET PALMA,INVEREADY GIPUZKOA,MIÉRCOLES22/04/202620:00
2486530,Jornada 31,21/04/2026,GRUPO URETA TIZONA BURGOS,MONBUS OBRADOIRO,MARTES21/04/202620:00
2486531,Jornada 31,21/04/2026,LEYMA CORUÑA,HESTIA MENORCA,MIÉRCOLES22/04/202620:45
2486532,Jornada 31,21/04/2026,MOVISTAR ESTUDIANTES,MELILLA CIUDAD DEL DEPORTE,MIÉRCOLES22/04/202620:00
2486533,Jornada 31,21/04/2026,GRUPO CAESA SEGUROS FC CARTAGENA CB,CAJA RURAL CB ZAMORA,MIÉRCOLES22/04/202620:30
2486534,Jornada 31,21/04/2026,CLOUD.GAL OURENSE BALONCESTO,SÚPER AGROPAL PALENCIA,MARTES21/04/202620:45
2486535,Jornada 31,21/04/2026,ALIMERKA OVIEDO BALONCESTO,PALMER BASKET MALLORCA PALMA,MIÉRCOLES22/04/202620:30
2486536,Jornada 31,21/04/2026,GRUPO ALEGA CANTABRIA,FLEXICAR FUENLABRADA,MIÉRCOLES22/04/202620:30
2486537,Jornada 32,26/04/2026,HESTIA MENORCA,CLOUD.GAL OURENSE BALONCESTO,DOMINGO26/04/202612:30
2486538,Jornada 32,26/04/2026,PALMER BASKET MALLORCA PALMA,HLA ALICANTE,DOMINGO26/04/202618:00
2486539,Jornada 32,26/04/2026,LEYMA CORUÑA,INVEREADY GIPUZKOA,DOMINGO26/04/202612:30
2486540,Jornada 32,26/04/2026,MONBUS OBRADOIRO,MOVISTAR ESTUDIANTES,DOMINGO26/04/202618:00
2486541,Jornada 32,26/04/2026,FLEXICAR FUENLABRADA,GRUPO CAESA SEGUROS FC CARTAGENA CB,DOMINGO26/04/202618:00
2486542,Jornada 32,26/04/2026,SÚPER AGROPAL PALENCIA,FIBWI MALLORCA BASQUET PALMA,SÁBADO25/04/202620:00
2486543,Jornada 32,26/04/2026,CAJA RURAL CB ZAMORA,GRUPO ALEGA CANTABRIA,DOMINGO26/04/202612:30
2486544,Jornada 32,26/04/2026,MELILLA CIUDAD DEL DEPORTE,GRUPO URETA TIZONA BURGOS,DOMINGO26/04/202618:00
2486546,Jornada 33,01/05/2026,HLA ALICANTE,GRUPO URETA TIZONA BURGOS,SÁBADO02/05/202619:00
2486547,Jornada 33,01/05/2026,FIBWI MALLORCA BASQUET PALMA,LEYMA CORUÑA,DOMINGO03/05/202618:00
2486548,Jornada 33,01/05/2026,INVEREADY GIPUZKOA,HESTIA MENORCA,DOMINGO03/05/202618:00
2486549,Jornada 33,01/05/2026,MOVISTAR ESTUDIANTES,PALMER BASKET MALLORCA PALMA,DOMINGO03/05/202611:30
2486550,Jornada 33,01/05/2026,GRUPO CAESA SEGUROS FC CARTAGENA CB,SÚPER AGROPAL PALENCIA,SÁBADO02/05/202619:00
2486551,Jornada 33,01/05/2026,ALIMERKA OVIEDO BALONCESTO,CAJA RURAL CB ZAMORA,SÁBADO02/05/202619:00
2486552,Jornada 33,01/05/2026,GRUPO ALEGA CANTABRIA,MONBUS OBRADOIRO,SÁBADO02/05/202619:00
2486553,Jornada 33,01/05/2026,MELILLA CIUDAD DEL DEPORTE,CLOUD.GAL OURENSE BALONCESTO,DOMINGO03/05/202618:00
2486555,Jornada 34,08/05/2026,HESTIA MENORCA,MELILLA CIUDAD DEL DEPORTE,VIERNES08/05/202621:00
2486556,Jornada 34,08/05/2026,PALMER BASKET MALLORCA PALMA,FIBWI MALLORCA BASQUET PALMA,VIERNES08/05/202621:00
2486557,Jornada 34,08/05/2026,GRUPO URETA TIZONA BURGOS,GRUPO CAESA SEGUROS FC CARTAGENA CB,VIERNES08/05/202621:00
2486559,Jornada 34,08/05/2026,MONBUS OBRADOIRO,INVEREADY GIPUZKOA,VIERNES08/05/202621:00
2486560,Jornada 34,08/05/2026,FLEXICAR FUENLABRADA,MOVISTAR ESTUDIANTES,VIERNES08/05/202621:00
2486561,Jornada 34,08/05/2026,CLOUD.GAL OURENSE BALONCESTO,ALIMERKA OVIEDO BALONCESTO,VIERNES08/05/202621:00
2486562,Jornada 34,08/05/2026,SÚPER AGROPAL PALENCIA,GRUPO ALEGA CANTABRIA,VIERNES08/05/202621:00
2486563,Jornada 34,08/05/2026,CAJA RURAL CB ZAMORA,HLA ALICANTE,VIERNES08/05/202621:00
