num,text,team,time,deleted,scoreA,scoreB,quarter,logo,idPlayer,idLicense,idTeam,action,logParam1,logParam2,logParam3,logParam4,logParam5,logParam6,logParam7,logParam8,logParam9,logParam10,Position
455,Fin del Cuarto 4,,00:00,,,,4,,,,,period,4,1,,,,,,,,,
454,(HESTIA MENORCA) J. CONE: TIRO DE 2 FALLADO,1,00:00,,,,4,https://imagenes.feb.es/foto.aspx?c=2785180,2785180,10901117,981300,shoot,00000000-0000-0001-0000-000002486384,10901117,,0,1,2,,12,,,12.341325807586493|48.777121957241285
453,(HESTIA MENORCA) N. GALETTE: ASISTENCIA (Asistencias: 3),1,00:00,,,,4,https://imagenes.feb.es/foto.aspx?c=2820270,2820270,10946135,981300,assist,00000000-0000-0001-0000-000002486384,10946135,,,,,,,,,
452,(HESTIA MENORCA) S. LITTLESON: TIRO DE 3 ANOTADO (Puntos: 27),1,00:00,,81,68,4,https://imagenes.feb.es/foto.aspx?c=2650859,2650859,10901121,981300,shoot,00000000-0000-0001-0000-000002486384,10901121,,1,1,3,,3,,,32.369535252355305|82.05143771101828
451,(HESTIA MENORCA) S. LITTLESON: Sustitución (Sale de pista),1,00:05,,,,4,https://imagenes.feb.es/foto.aspx?c=2650859,2650859,10901121,981300,subst,00000000-0000-0001-0000-000002486384,10901121,,,,,,,,,
450,(HESTIA MENORCA) A. SOLA IDDRISU: Sustitución (Entra a pista),1,00:05,,,,4,https://imagenes.feb.es/foto.aspx?c=1875914,1875914,10901122,981300,subst,00000000-0000-0001-0000-000002486384,,10901122,,,,,,,,
449,(HLA ALICANTE) K. LARSEN: TIRO DE 1 ANOTADO (Puntos: 16),2,00:05,,78,68,4,https://imagenes.feb.es/foto.aspx?c=2433482,2433482,10901175,979989,fthrow,00000000-0000-0002-0000-000002486384,10901175,1,1,,1,0,,,,
448,(HLA ALICANTE) K. LARSEN: TIRO DE 1 ANOTADO (Puntos: 15),2,00:05,,78,67,4,https://imagenes.feb.es/foto.aspx?c=2433482,2433482,10901175,979989,fthrow,00000000-0000-0002-0000-000002486384,10901175,0,1,,1,0,,,,
447,(HESTIA MENORCA) F. SCHOTT: Sustitución (Entra a pista),1,00:05,,,,4,https://imagenes.feb.es/foto.aspx?c=2662856,2662856,10930110,981300,subst,00000000-0000-0001-0000-000002486384,,10930110,,,,,,,,
446,(HESTIA MENORCA) E. WEMBI: Sustitución (Sale de pista),1,00:05,,,,4,https://imagenes.feb.es/foto.aspx?c=2702840,2702840,10901124,981300,subst,00000000-0000-0001-0000-000002486384,10901124,,,,,,,,,
445,(HESTIA MENORCA) E. WEMBI: FALTA Personal (Faltas: 5. Faltas de equipo: 19). Tiros libres: 2,1,00:05,,,,4,https://imagenes.feb.es/foto.aspx?c=2702840,2702840,10901124,981300,foul,00000000-0000-0001-0000-000002486384,10901124,1,10901175,1,2,0,,,1,
444,(HLA ALICANTE) E. POLANCO TAVAREZ: TIRO DE 3 ANOTADO (Puntos: 13),2,00:14,,78,66,4,https://imagenes.feb.es/foto.aspx?c=2863973,2863973,11146255,979989,shoot,00000000-0000-0002-0000-000002486384,11146255,,1,1,3,,15,,,67.84203033752937|86.46280725309389
443,(HESTIA MENORCA) E. WEMBI: FALTA Personal (Faltas: 4. Faltas de equipo: 18). Tiros libres: 0,1,00:16,,,,4,https://imagenes.feb.es/foto.aspx?c=2702840,2702840,10901124,981300,foul,00000000-0000-0001-0000-000002486384,10901124,1,10901176,1,0,0,,,1,
442,(HESTIA MENORCA) S. LITTLESON: PÉRDIDA (Pérdidas: 2),1,00:22,,,,4,https://imagenes.feb.es/foto.aspx?c=2650859,2650859,10901121,981300,lose,00000000-0000-0001-0000-000002486384,0,,10901121,,,,,,,
441,(HESTIA MENORCA) E. WEMBI: REBOTE (Rebotes: 4),1,00:40,,,,4,https://imagenes.feb.es/foto.aspx?c=2702840,2702840,10901124,981300,rebound,00000000-0000-0001-0000-000002486384,10901124,,,,,,,,,
440,(HESTIA MENORCA) N. GALETTE: TIRO DE 3 FALLADO,1,00:40,,,,4,https://imagenes.feb.es/foto.aspx?c=2820270,2820270,10946135,981300,shoot,00000000-0000-0001-0000-000002486384,10946135,,0,1,3,,7,,,35.61353988784209|22.68703346848432
439,(HLA ALICANTE) M. TORRES CUEVAS: TIRO DE 2 ANOTADO (Puntos: 12),2,01:03,,78,63,4,https://imagenes.feb.es/foto.aspx?c=1285873,1285873,10901176,979989,shoot,00000000-0000-0002-0000-000002486384,10901176,,1,1,2,,26,,,89.84485168553559|47.390693095769066
438,(HESTIA MENORCA) E. WEMBI: TIRO DE 1 ANOTADO (Puntos: 11),1,01:18,,78,61,4,https://imagenes.feb.es/foto.aspx?c=2702840,2702840,10901124,981300,fthrow,00000000-0000-0001-0000-000002486384,10901124,0,1,,1,0,,,,
437,(HLA ALICANTE) E. POLANCO TAVAREZ: FALTA Personal (Faltas: 4. Faltas de equipo: 16). Tiros libres: 1,2,01:18,,,,4,https://imagenes.feb.es/foto.aspx?c=2863973,2863973,11146255,979989,foul,00000000-0000-0002-0000-000002486384,11146255,1,10901124,1,1,0,,,1,
436,(HESTIA MENORCA) T. MCFADDEN: ASISTENCIA (Asistencias: 4),1,01:32,,,,4,https://imagenes.feb.es/foto.aspx?c=2325133,2325133,11108801,981300,assist,00000000-0000-0001-0000-000002486384,11108801,,,,,,,,,
435,(HESTIA MENORCA) E. WEMBI: TIRO DE 2 ANOTADO (Puntos: 10),1,01:32,,77,61,4,https://imagenes.feb.es/foto.aspx?c=2702840,2702840,10901124,981300,shoot,00000000-0000-0001-0000-000002486384,10901124,,1,1,2,,12,,,10.366713904349083|51.802059753039195
434,(HESTIA MENORCA) N. GALETTE: REBOTE (Rebotes: 3),1,01:56,,,,4,https://imagenes.feb.es/foto.aspx?c=2820270,2820270,10946135,981300,rebound,00000000-0000-0001-0000-000002486384,10946135,,,,,,,,,
433,(HLA ALICANTE) A. JORDA RODRIGUEZ: TIRO DE 3 FALLADO,2,01:56,,,,4,https://imagenes.feb.es/foto.aspx?c=1676991,1676991,10901171,979989,shoot,00000000-0000-0002-0000-000002486384,10901171,,0,1,3,,15,,,70.09873426727886|87.34507885366462
432,(HLA ALICANTE) Tiempo muerto,2,02:18,,,,4,,,,979989,timeout,00000000-0000-0002-0000-000002486384,,,,,,,,,,
431,(HESTIA MENORCA) S. LITTLESON: TIRO DE 2 ANOTADO (Puntos: 24),1,02:25,,75,61,4,https://imagenes.feb.es/foto.aspx?c=2650859,2650859,10901121,981300,shoot,00000000-0000-0001-0000-000002486384,10901121,,1,1,2,,12,,,15.162200070362603|59.364404242533965
430,(HLA ALICANTE) M. TORRES CUEVAS: Sustitución (Entra a pista),2,02:26,,,,4,https://imagenes.feb.es/foto.aspx?c=1285873,1285873,10901176,979989,subst,00000000-0000-0002-0000-000002486384,,10901176,,,,,,,,
429,(HLA ALICANTE) S. CECCARDI: Sustitución (Sale de pista),2,02:26,,,,4,https://imagenes.feb.es/foto.aspx?c=2787126,2787126,10901178,979989,subst,00000000-0000-0002-0000-000002486384,10901178,,,,,,,,,
428,(HESTIA MENORCA) REBOTE (Rebotes: 26),1,02:41,,,,4,,,,981300,rebound,00000000-0000-0001-0000-000002486384,,,,,,,,,,
427,(HLA ALICANTE) K. LARSEN: TIRO DE 3 FALLADO,2,02:41,,,,4,https://imagenes.feb.es/foto.aspx?c=2433482,2433482,10901175,979989,shoot,00000000-0000-0002-0000-000002486384,10901175,,0,1,3,,16,,,68.54725112263476|19.41001704223567
426,(HESTIA MENORCA) J. CONE: Sustitución (Entra a pista),1,02:49,,,,4,https://imagenes.feb.es/foto.aspx?c=2785180,2785180,10901117,981300,subst,00000000-0000-0001-0000-000002486384,,10901117,,,,,,,,
425,(HESTIA MENORCA) T. MCFADDEN: Sustitución (Entra a pista),1,02:49,,,,4,https://imagenes.feb.es/foto.aspx?c=2325133,2325133,11108801,981300,subst,00000000-0000-0001-0000-000002486384,,11108801,,,,,,,,
424,(HESTIA MENORCA) F. ZURBRIGGEN: Sustitución (Sale de pista),1,02:49,,,,4,https://imagenes.feb.es/foto.aspx?c=2446720,2446720,11127947,981300,subst,00000000-0000-0001-0000-000002486384,11127947,,,,,,,,,
423,(HESTIA MENORCA) A. SOLA IDDRISU: Sustitución (Sale de pista),1,02:49,,,,4,https://imagenes.feb.es/foto.aspx?c=1875914,1875914,10901122,981300,subst,00000000-0000-0001-0000-000002486384,10901122,,,,,,,,,
422,(HESTIA MENORCA) F. ZURBRIGGEN: FALTA Personal (Faltas: 3. Faltas de equipo: 17). Tiros libres: 0,1,02:49,,,,4,https://imagenes.feb.es/foto.aspx?c=2446720,2446720,11127947,981300,foul,00000000-0000-0001-0000-000002486384,11127947,1,10901178,1,0,0,,,1,
421,(HLA ALICANTE) J. MWEMA: REBOTE (Rebotes: 5),2,03:00,,,,4,https://imagenes.feb.es/foto.aspx?c=2734619,2734619,10901179,979989,rebound,00000000-0000-0002-0000-000002486384,10901179,,,,,,,,,
420,(HESTIA MENORCA) A. SOLA IDDRISU: TIRO DE 3 FALLADO,1,03:00,,,,4,https://imagenes.feb.es/foto.aspx?c=1875914,1875914,10901122,981300,shoot,00000000-0000-0001-0000-000002486384,10901122,,0,1,3,,7,,,33.77997359433137|21.804760425510842
419,(HESTIA MENORCA) E. WEMBI: REBOTE (Rebotes: 3),1,03:22,,,,4,https://imagenes.feb.es/foto.aspx?c=2702840,2702840,10901124,981300,rebound,00000000-0000-0001-0000-000002486384,10901124,,,,,,,,,
418,(HLA ALICANTE) K. LARSEN: TIRO DE 2 FALLADO,2,03:22,,,,4,https://imagenes.feb.es/foto.aspx?c=2433482,2433482,10901175,979989,shoot,00000000-0000-0002-0000-000002486384,10901175,,0,1,2,,26,,,89.84485168553559|55.331151924933096
417,(HESTIA MENORCA) E. WEMBI: PÉRDIDA (Pérdidas: 1),1,03:46,,,,4,https://imagenes.feb.es/foto.aspx?c=2702840,2702840,10901124,981300,lose,00000000-0000-0001-0000-000002486384,0,,10901124,,,,,,,
416,(HLA ALICANTE) A. JORDA RODRIGUEZ: TIRO DE 2 ANOTADO (Puntos: 7),2,04:12,,73,61,4,https://imagenes.feb.es/foto.aspx?c=1676991,1676991,10901171,979989,shoot,00000000-0000-0002-0000-000002486384,10901171,,1,1,2,,26,,,85.61353988784208|54.448880324362364
415,(HESTIA MENORCA) F. ZURBRIGGEN: ASISTENCIA (Asistencias: 4),1,04:28,,,,4,https://imagenes.feb.es/foto.aspx?c=2446720,2446720,11127947,981300,assist,00000000-0000-0001-0000-000002486384,11127947,,,,,,,,,
414,(HESTIA MENORCA) E. WEMBI: TIRO DE 2 ANOTADO (Puntos: 8),1,04:28,,73,59,4,https://imagenes.feb.es/foto.aspx?c=2702840,2702840,10901124,981300,shoot,00000000-0000-0001-0000-000002486384,10901124,,1,1,2,,12,,,18.970380688286756|41.21477746774651
413,(HESTIA MENORCA) REBOTE (Rebotes: 25),1,04:40,,,,4,,,,981300,rebound,00000000-0000-0001-0000-000002486384,,,,,,,,,,
412,(HESTIA MENORCA) F. ZURBRIGGEN: TIRO DE 3 FALLADO,1,04:40,,,,4,https://imagenes.feb.es/foto.aspx?c=2446720,2446720,11127947,981300,shoot,00000000-0000-0001-0000-000002486384,11127947,,0,1,3,,3,,,33.074752809225984|76.63175941675068
411,(HESTIA MENORCA) F. ZURBRIGGEN: REBOTE (Rebotes: 3),1,05:00,,,,4,https://imagenes.feb.es/foto.aspx?c=2446720,2446720,11127947,981300,rebound,00000000-0000-0001-0000-000002486384,11127947,,,,,,,,,
410,(HLA ALICANTE) E. POLANCO TAVAREZ: TIRO DE 2 FALLADO,2,05:00,,,,4,https://imagenes.feb.es/foto.aspx?c=2863973,2863973,11146255,979989,shoot,00000000-0000-0002-0000-000002486384,11146255,,0,1,2,,27,,,90.97320365041033|57.34778096853901
409,(HLA ALICANTE) E. POLANCO TAVAREZ: ROBO (Robos: 1),2,05:04,,,,4,https://imagenes.feb.es/foto.aspx?c=2863973,2863973,11146255,979989,recovery,00000000-0000-0002-0000-000002486384,11146255,,,,,,,,,
408,(HESTIA MENORCA) S. LITTLESON: PÉRDIDA (Pérdidas: 1),1,05:04,,,,4,https://imagenes.feb.es/foto.aspx?c=2650859,2650859,10901121,981300,lose,00000000-0000-0001-0000-000002486384,0,,10901121,,,,,,,
407,(HESTIA MENORCA) J. LOBO MARTORELL: Sustitución (Sale de pista),1,05:24,,,,4,https://imagenes.feb.es/foto.aspx?c=1938697,1938697,10901120,981300,subst,00000000-0000-0001-0000-000002486384,10901120,,,,,,,,,
406,(HESTIA MENORCA) A. SOLA IDDRISU: Sustitución (Entra a pista),1,05:24,,,,4,https://imagenes.feb.es/foto.aspx?c=1875914,1875914,10901122,981300,subst,00000000-0000-0001-0000-000002486384,,10901122,,,,,,,,
405,(HESTIA MENORCA) Tiempo muerto,1,05:24,,,,4,,,,981300,timeout,00000000-0000-0001-0000-000002486384,,,,,,,,,,
404,(HLA ALICANTE) K. LARSEN: ASISTENCIA (Asistencias: 2),2,05:30,,,,4,https://imagenes.feb.es/foto.aspx?c=2433482,2433482,10901175,979989,assist,00000000-0000-0002-0000-000002486384,10901175,,,,,,,,,
403,(HLA ALICANTE) E. POLANCO TAVAREZ: TIRO DE 2 ANOTADO (Puntos: 10),2,05:30,,71,59,4,https://imagenes.feb.es/foto.aspx?c=2863973,2863973,11146255,979989,shoot,00000000-0000-0002-0000-000002486384,11146255,,1,1,2,,26,,,93.15938356470845|38.31587970837534
402,(HLA ALICANTE) K. LARSEN: REBOTE (Rebotes: 5),2,05:47,,,,4,https://imagenes.feb.es/foto.aspx?c=2433482,2433482,10901175,979989,rebound,00000000-0000-0002-0000-000002486384,10901175,,,,,,,,,
401,(HESTIA MENORCA) J. LOBO MARTORELL: TIRO DE 3 FALLADO,1,05:47,,,,4,https://imagenes.feb.es/foto.aspx?c=1938697,1938697,10901120,981300,shoot,00000000-0000-0001-0000-000002486384,10901120,,0,1,3,,7,,,30.11283455084053|16.88923650733924
400,(HLA ALICANTE) E. POLANCO TAVAREZ: ASISTENCIA (Asistencias: 1),2,06:02,,,,4,https://imagenes.feb.es/foto.aspx?c=2863973,2863973,11146255,979989,assist,00000000-0000-0002-0000-000002486384,11146255,,,,,,,,,
399,(HLA ALICANTE) J. MWEMA: TIRO DE 3 ANOTADO (Puntos: 14),2,06:02,,71,57,4,https://imagenes.feb.es/foto.aspx?c=2734619,2734619,10901179,979989,shoot,00000000-0000-0002-0000-000002486384,10901179,,1,1,3,,16,,,73.97743244418496|16.88923650733924
398,(HESTIA MENORCA) J. LOBO MARTORELL: ASISTENCIA (Asistencias: 2),1,06:25,,,,4,https://imagenes.feb.es/foto.aspx?c=1938697,1938697,10901120,981300,assist,00000000-0000-0001-0000-000002486384,10901120,,,,,,,,,
397,(HESTIA MENORCA) N. GALETTE: TIRO DE 3 ANOTADO (Puntos: 11),1,06:25,,71,54,4,https://imagenes.feb.es/foto.aspx?c=2820270,2820270,10946135,981300,shoot,00000000-0000-0001-0000-000002486384,10946135,,1,1,3,,3,,,34.76727752830339|79.15253706684163
396,(HLA ALICANTE) S. CECCARDI: FALTA Personal (Faltas: 1. Faltas de equipo: 15). Tiros libres: 2,2,06:33,,,,4,https://imagenes.feb.es/foto.aspx?c=2787126,2787126,10901178,979989,foul,00000000-0000-0002-0000-000002486384,10901178,1,11127947,1,2,0,,,1,
395,(HESTIA MENORCA) F. SCHOTT: Sustitución (Sale de pista),1,06:36,,,,4,https://imagenes.feb.es/foto.aspx?c=2662856,2662856,10930110,981300,subst,00000000-0000-0001-0000-000002486384,10930110,,,,,,,,,
394,(HESTIA MENORCA) E. WEMBI: Sustitución (Entra a pista),1,06:36,,,,4,https://imagenes.feb.es/foto.aspx?c=2702840,2702840,10901124,981300,subst,00000000-0000-0001-0000-000002486384,,10901124,,,,,,,,
393,(HLA ALICANTE) E. POLANCO TAVAREZ: TIRO DE 1 ANOTADO (Puntos: 8),2,06:36,,68,54,4,https://imagenes.feb.es/foto.aspx?c=2863973,2863973,11146255,979989,fthrow,00000000-0000-0002-0000-000002486384,11146255,1,1,,1,0,,,,
392,(HLA ALICANTE) E. POLANCO TAVAREZ: TIRO DE 1 ANOTADO (Puntos: 7),2,06:36,,68,53,4,https://imagenes.feb.es/foto.aspx?c=2863973,2863973,11146255,979989,fthrow,00000000-0000-0002-0000-000002486384,11146255,0,1,,1,0,,,,
391,(HESTIA MENORCA) F. SCHOTT: FALTA Personal (Faltas: 4. Faltas de equipo: 16). Tiros libres: 2,1,06:36,,,,4,https://imagenes.feb.es/foto.aspx?c=2662856,2662856,10930110,981300,foul,00000000-0000-0001-0000-000002486384,10930110,1,11146255,1,2,0,,,1,
390,(HESTIA MENORCA) J. LOBO MARTORELL: Sustitución (Entra a pista),1,06:44,,,,4,https://imagenes.feb.es/foto.aspx?c=1938697,1938697,10901120,981300,subst,00000000-0000-0001-0000-000002486384,,10901120,,,,,,,,
389,(HESTIA MENORCA) T. MCFADDEN: Sustitución (Sale de pista),1,06:44,,,,4,https://imagenes.feb.es/foto.aspx?c=2325133,2325133,11108801,981300,subst,00000000-0000-0001-0000-000002486384,11108801,,,,,,,,,
388,(HESTIA MENORCA) F. ZURBRIGGEN: FALTA Personal (Faltas: 2. Faltas de equipo: 15). Tiros libres: 0,1,06:44,,,,4,https://imagenes.feb.es/foto.aspx?c=2446720,2446720,11127947,981300,foul,00000000-0000-0001-0000-000002486384,11127947,1,10901179,1,0,0,,,1,
387,(HLA ALICANTE) S. CECCARDI: REBOTE (Rebotes: 2),2,06:53,,,,4,https://imagenes.feb.es/foto.aspx?c=2787126,2787126,10901178,979989,rebound,00000000-0000-0002-0000-000002486384,10901178,,,,,,,,,
386,(HESTIA MENORCA) T. MCFADDEN: TIRO DE 3 FALLADO,1,06:53,,,,4,https://imagenes.feb.es/foto.aspx?c=2325133,2325133,11108801,981300,shoot,00000000-0000-0001-0000-000002486384,11108801,,0,1,3,,7,,,29.12553061686852|16.637157876888498
385,(HLA ALICANTE) S. CECCARDI: ASISTENCIA (Asistencias: 3),2,07:10,,,,4,https://imagenes.feb.es/foto.aspx?c=2787126,2787126,10901178,979989,assist,00000000-0000-0002-0000-000002486384,10901178,,,,,,,,,
384,(HLA ALICANTE) A. JORDA RODRIGUEZ: TIRO DE 3 ANOTADO (Puntos: 5),2,07:10,,68,52,4,https://imagenes.feb.es/foto.aspx?c=1676991,1676991,10901171,979989,shoot,00000000-0000-0002-0000-000002486384,10901171,,1,1,3,,15,,,69.18194789228879|86.71488155633641
383,(HLA ALICANTE) D. GEU: Sustitución (Sale de pista),2,07:12,,,,4,https://imagenes.feb.es/foto.aspx?c=2817123,2817123,10935497,979989,subst,00000000-0000-0002-0000-000002486384,10935497,,,,,,,,,
382,(HLA ALICANTE) J. MWEMA: Sustitución (Entra a pista),2,07:12,,,,4,https://imagenes.feb.es/foto.aspx?c=2734619,2734619,10901179,979989,subst,00000000-0000-0002-0000-000002486384,,10901179,,,,,,,,
381,(HLA ALICANTE) I. TAMBA VILLEN: Sustitución (Sale de pista),2,07:12,,,,4,https://imagenes.feb.es/foto.aspx?c=1997161,1997161,10901173,979989,subst,00000000-0000-0002-0000-000002486384,10901173,,,,,,,,,
380,(HLA ALICANTE) K. LARSEN: Sustitución (Entra a pista),2,07:12,,,,4,https://imagenes.feb.es/foto.aspx?c=2433482,2433482,10901175,979989,subst,00000000-0000-0002-0000-000002486384,,10901175,,,,,,,,
379,(HLA ALICANTE) REBOTE (Rebotes: 26),2,07:20,,,,4,,,,979989,rebound,00000000-0000-0002-0000-000002486384,,,,,,,,,,
378,(HESTIA MENORCA) F. ZURBRIGGEN: TAPÓN (Tapones: 1),1,07:20,,,,4,https://imagenes.feb.es/foto.aspx?c=2446720,2446720,11127947,981300,blockshot,00000000-0000-0001-0000-000002486384,11127947,,,,,,,,,
377,(HLA ALICANTE) A. JORDA RODRIGUEZ: TIRO DE 3 FALLADO,2,07:20,,,,4,https://imagenes.feb.es/foto.aspx?c=1676991,1676991,10901171,979989,shoot,00000000-0000-0002-0000-000002486384,10901171,,0,1,3,,15,,,71.65021095545353|88.6054676787101
376,(HESTIA MENORCA) F. SCHOTT: TIRO DE 2 ANOTADO (Puntos: 8),1,07:37,,68,49,4,https://imagenes.feb.es/foto.aspx?c=2662856,2662856,10930110,981300,shoot,00000000-0000-0001-0000-000002486384,10930110,,1,1,2,,12,,,13.39915375700987|57.221738047306786
375,(HESTIA MENORCA) N. GALETTE: REBOTE (Rebotes: 2),1,07:55,,,,4,https://imagenes.feb.es/foto.aspx?c=2820270,2820270,10946135,981300,rebound,00000000-0000-0001-0000-000002486384,10946135,,,,,,,,,
374,(HLA ALICANTE) A. JORDA RODRIGUEZ: TIRO DE 2 FALLADO,2,07:55,,,,4,https://imagenes.feb.es/foto.aspx?c=1676991,1676991,10901171,979989,shoot,00000000-0000-0002-0000-000002486384,10901171,,0,1,2,,26,,,81.59379368003326|62.641422111185356
373,(HLA ALICANTE) Tiempo muerto,2,08:10,,,,4,,,,979989,timeout,00000000-0000-0002-0000-000002486384,,,,,,,,,,
372,(HESTIA MENORCA) F. ZURBRIGGEN: ASISTENCIA (Asistencias: 3),1,08:18,,,,4,https://imagenes.feb.es/foto.aspx?c=2446720,2446720,11127947,981300,assist,00000000-0000-0001-0000-000002486384,11127947,,,,,,,,,
371,(HESTIA MENORCA) F. SCHOTT: MATE ANOTADO (Puntos: 6),1,08:18,,66,49,4,https://imagenes.feb.es/foto.aspx?c=2662856,2662856,10930110,981300,shoot,00000000-0000-0001-0000-000002486384,10930110,,1,9,2,,12,,,13.117066572849861|49.9114736306655
370,(HESTIA MENORCA) F. ZURBRIGGEN: REBOTE (Rebotes: 2),1,08:30,,,,4,https://imagenes.feb.es/foto.aspx?c=2446720,2446720,11127947,981300,rebound,00000000-0000-0001-0000-000002486384,11127947,,,,,,,,,
369,(HLA ALICANTE) D. GEU: TIRO DE 3 FALLADO,2,08:30,,,,4,https://imagenes.feb.es/foto.aspx?c=2817123,2817123,10935497,979989,shoot,00000000-0000-0002-0000-000002486384,10935497,,0,1,3,,15,,,66.50211923923938|87.09299878081114
368,(HLA ALICANTE) S. CECCARDI: REBOTE (Rebotes: 1),2,08:41,,,,4,https://imagenes.feb.es/foto.aspx?c=2787126,2787126,10901178,979989,rebound,00000000-0000-0002-0000-000002486384,10901178,,,,,,,,,
367,(HESTIA MENORCA) F. ZURBRIGGEN: TIRO DE 1 FALLADO,1,08:41,,,,4,https://imagenes.feb.es/foto.aspx?c=2446720,2446720,11127947,981300,fthrow,00000000-0000-0001-0000-000002486384,11127947,1,0,,1,0,,,,
366,(HESTIA MENORCA) F. ZURBRIGGEN: TIRO DE 1 ANOTADO (Puntos: 14),1,08:41,,64,49,4,https://imagenes.feb.es/foto.aspx?c=2446720,2446720,11127947,981300,fthrow,00000000-0000-0001-0000-000002486384,11127947,0,1,,1,0,,,,
365,(HLA ALICANTE) E. POLANCO TAVAREZ: FALTA Personal (Faltas: 3. Faltas de equipo: 14). Tiros libres: 2,2,08:41,,,,4,https://imagenes.feb.es/foto.aspx?c=2863973,2863973,11146255,979989,foul,00000000-0000-0002-0000-000002486384,11146255,1,11127947,1,2,0,,,1,
364,(HLA ALICANTE) E. POLANCO TAVAREZ: TIRO DE 2 ANOTADO (Puntos: 6),2,09:04,,63,49,4,https://imagenes.feb.es/foto.aspx?c=2863973,2863973,11146255,979989,shoot,00000000-0000-0002-0000-000002486384,11146255,,1,1,2,,27,,,90.76163806052566|45.37406693696864
363,(HLA ALICANTE) E. POLANCO TAVAREZ: REBOTE (Rebotes: 2),2,09:11,,,,4,https://imagenes.feb.es/foto.aspx?c=2863973,2863973,11146255,979989,rebound,00000000-0000-0002-0000-000002486384,11146255,,,,,,,,,
362,(HLA ALICANTE) S. CECCARDI: TIRO DE 3 FALLADO,2,09:11,,,,4,https://imagenes.feb.es/foto.aspx?c=2787126,2787126,10901178,979989,shoot,00000000-0000-0002-0000-000002486384,10901178,,0,1,3,,16,,,67.1368160088934|16.637157876888498
361,(HESTIA MENORCA) S. LITTLESON: MATE ANOTADO (Puntos: 22),1,09:27,,63,47,4,https://imagenes.feb.es/foto.aspx?c=2650859,2650859,10901121,981300,shoot,00000000-0000-0001-0000-000002486384,10901121,,1,9,2,,12,,,10.719323489843102|50.919788152468456
360,(HESTIA MENORCA) F. SCHOTT: REBOTE (Rebotes: 4),1,09:37,,,,4,https://imagenes.feb.es/foto.aspx?c=2662856,2662856,10930110,981300,rebound,00000000-0000-0001-0000-000002486384,10930110,,,,,,,,,
359,(HLA ALICANTE) D. GEU: TIRO DE 2 FALLADO,2,09:37,,,,4,https://imagenes.feb.es/foto.aspx?c=2817123,2817123,10935497,979989,shoot,00000000-0000-0002-0000-000002486384,10935497,,0,1,2,,26,,,87.37658862237085|52.93641142646341
358,(HLA ALICANTE) REBOTE (Rebotes: 24),2,09:41,,,,4,,,,979989,rebound,00000000-0000-0002-0000-000002486384,,,,,,,,,,
357,(HLA ALICANTE) D. GEU: TIRO DE 2 FALLADO,2,09:41,,,,4,https://imagenes.feb.es/foto.aspx?c=2817123,2817123,10935497,979989,shoot,00000000-0000-0002-0000-000002486384,10935497,,0,1,2,,26,,,85.40197429795741|42.85328640207221
356,(HLA ALICANTE) J. MWEMA: Sustitución (Sale de pista),2,10:00,,,,4,https://imagenes.feb.es/foto.aspx?c=2734619,2734619,10901179,979989,subst,00000000-0000-0002-0000-000002486384,10901179,,,,,,,,,
355,(HESTIA MENORCA) F. SCHOTT: Sustitución (Entra a pista),1,10:00,,,,4,https://imagenes.feb.es/foto.aspx?c=2662856,2662856,10930110,981300,subst,00000000-0000-0001-0000-000002486384,,10930110,,,,,,,,
354,(HESTIA MENORCA) A. SOLA IDDRISU: Sustitución (Sale de pista),1,10:00,,,,4,https://imagenes.feb.es/foto.aspx?c=1875914,1875914,10901122,981300,subst,00000000-0000-0001-0000-000002486384,10901122,,,,,,,,,
353,(HLA ALICANTE) D. GEU: Sustitución (Entra a pista),2,10:00,,,,4,https://imagenes.feb.es/foto.aspx?c=2817123,2817123,10935497,979989,subst,00000000-0000-0002-0000-000002486384,,10935497,,,,,,,,
352,Comienzo del Cuarto 4,,10:00,,,,4,,,,,period,4,0,,,,,,,,,
351,Fin del Cuarto 3,,00:00,,,,3,,,,,period,3,1,,,,,,,,,
350,(HESTIA MENORCA) A. SOLA IDDRISU: REBOTE (Rebotes: 5),1,00:08,,,,3,https://imagenes.feb.es/foto.aspx?c=1875914,1875914,10901122,981300,rebound,00000000-0000-0001-0000-000002486384,10901122,,,,,,,,,
349,(HLA ALICANTE) J. MWEMA: TIRO DE 3 FALLADO,2,00:08,,,,3,https://imagenes.feb.es/foto.aspx?c=2734619,2734619,10901179,979989,shoot,00000000-0000-0002-0000-000002486384,10901179,,0,1,3,,16,,,66.22002963390334|11.217477419016788
348,(HESTIA MENORCA) F. ZURBRIGGEN: Sustitución (Entra a pista),1,00:12,,,,3,https://imagenes.feb.es/foto.aspx?c=2446720,2446720,11127947,981300,subst,00000000-0000-0001-0000-000002486384,,11127947,,,,,,,,
347,(HESTIA MENORCA) T. MCFADDEN: Sustitución (Entra a pista),1,00:12,,,,3,https://imagenes.feb.es/foto.aspx?c=2325133,2325133,11108801,981300,subst,00000000-0000-0001-0000-000002486384,,11108801,,,,,,,,
346,(HESTIA MENORCA) V. ARTEAGA GONZALEZ: Sustitución (Sale de pista),1,00:12,,,,3,https://imagenes.feb.es/foto.aspx?c=1382456,1382456,10901116,981300,subst,00000000-0000-0001-0000-000002486384,10901116,,,,,,,,,
345,(HESTIA MENORCA) J. CONE: Sustitución (Sale de pista),1,00:12,,,,3,https://imagenes.feb.es/foto.aspx?c=2785180,2785180,10901117,981300,subst,00000000-0000-0001-0000-000002486384,10901117,,,,,,,,,
344,(HESTIA MENORCA) S. LITTLESON: TIRO DE 1 ANOTADO (Puntos: 20),1,00:12,,61,47,3,https://imagenes.feb.es/foto.aspx?c=2650859,2650859,10901121,981300,fthrow,00000000-0000-0001-0000-000002486384,10901121,1,1,,1,0,,,,
343,(HESTIA MENORCA) S. LITTLESON: TIRO DE 1 ANOTADO (Puntos: 19),1,00:12,,60,47,3,https://imagenes.feb.es/foto.aspx?c=2650859,2650859,10901121,981300,fthrow,00000000-0000-0001-0000-000002486384,10901121,0,1,,1,0,,,,
342,(HLA ALICANTE) I. TAMBA VILLEN: FALTA Personal (Faltas: 1. Faltas de equipo: 13). Tiros libres: 2,2,00:12,,,,3,https://imagenes.feb.es/foto.aspx?c=1997161,1997161,10901173,979989,foul,00000000-0000-0002-0000-000002486384,10901173,1,10901121,1,2,0,,,1,
341,(HLA ALICANTE) S. CECCARDI: ASISTENCIA (Asistencias: 2),2,00:33,,,,3,https://imagenes.feb.es/foto.aspx?c=2787126,2787126,10901178,979989,assist,00000000-0000-0002-0000-000002486384,10901178,,,,,,,,,
340,(HLA ALICANTE) J. MWEMA: TIRO DE 3 ANOTADO (Puntos: 11),2,00:33,,59,47,3,https://imagenes.feb.es/foto.aspx?c=2734619,2734619,10901179,979989,shoot,00000000-0000-0002-0000-000002486384,10901179,,1,1,3,,16,,,72.49647331499223|15.880923427939022
339,(HESTIA MENORCA) J. LOBO MARTORELL: Sustitución (Sale de pista),1,01:04,,,,3,https://imagenes.feb.es/foto.aspx?c=1938697,1938697,10901120,981300,subst,00000000-0000-0001-0000-000002486384,10901120,,,,,,,,,
338,(HESTIA MENORCA) S. LITTLESON: Sustitución (Entra a pista),1,01:04,,,,3,https://imagenes.feb.es/foto.aspx?c=2650859,2650859,10901121,981300,subst,00000000-0000-0001-0000-000002486384,,10901121,,,,,,,,
337,(HESTIA MENORCA) J. LOBO MARTORELL: TIRO DE 1 ANOTADO (Puntos: 3),1,01:04,,59,44,3,https://imagenes.feb.es/foto.aspx?c=1938697,1938697,10901120,981300,fthrow,00000000-0000-0001-0000-000002486384,10901120,1,1,,1,0,,,,
336,(HESTIA MENORCA) J. LOBO MARTORELL: TIRO DE 1 FALLADO,1,01:04,,,,3,https://imagenes.feb.es/foto.aspx?c=1938697,1938697,10901120,981300,fthrow,00000000-0000-0001-0000-000002486384,10901120,0,0,,1,0,,,,
335,(HLA ALICANTE) E. POLANCO TAVAREZ: FALTA Personal (Faltas: 2. Faltas de equipo: 12). Tiros libres: 2,2,01:04,,,,3,https://imagenes.feb.es/foto.aspx?c=2863973,2863973,11146255,979989,foul,00000000-0000-0002-0000-000002486384,11146255,1,10901120,1,2,0,,,1,
334,(HLA ALICANTE) A. JORDA RODRIGUEZ: ASISTENCIA (Asistencias: 1),2,01:16,,,,3,https://imagenes.feb.es/foto.aspx?c=1676991,1676991,10901171,979989,assist,00000000-0000-0002-0000-000002486384,10901171,,,,,,,,,
333,(HLA ALICANTE) I. TAMBA VILLEN: MATE ANOTADO (Puntos: 2),2,01:16,,58,44,3,https://imagenes.feb.es/foto.aspx?c=1997161,1997161,10901173,979989,shoot,00000000-0000-0002-0000-000002486384,10901173,,1,9,2,1,26,,,88.85754775156357|60.37271876433692
332,(HESTIA MENORCA) V. ARTEAGA GONZALEZ: Sustitución (Entra a pista),1,01:16,,,,3,https://imagenes.feb.es/foto.aspx?c=1382456,1382456,10901116,981300,subst,00000000-0000-0001-0000-000002486384,,10901116,,,,,,,,
331,(HLA ALICANTE) K. LARSEN: Sustitución (Sale de pista),2,01:16,,,,3,https://imagenes.feb.es/foto.aspx?c=2433482,2433482,10901175,979989,subst,00000000-0000-0002-0000-000002486384,10901175,,,,,,,,,
330,(HESTIA MENORCA) E. WEMBI: Sustitución (Sale de pista),1,01:16,,,,3,https://imagenes.feb.es/foto.aspx?c=2702840,2702840,10901124,981300,subst,00000000-0000-0001-0000-000002486384,10901124,,,,,,,,,
329,(HLA ALICANTE) E. POLANCO TAVAREZ: Sustitución (Entra a pista),2,01:16,,,,3,https://imagenes.feb.es/foto.aspx?c=2863973,2863973,11146255,979989,subst,00000000-0000-0002-0000-000002486384,,11146255,,,,,,,,
328,(HLA ALICANTE) K. LARSEN: FALTA Personal (Faltas: 1. Faltas de equipo: 11). Tiros libres: 0,2,01:16,,,,3,https://imagenes.feb.es/foto.aspx?c=2433482,2433482,10901175,979989,foul,00000000-0000-0002-0000-000002486384,10901175,1,10946135,1,0,0,,,1,
327,(HLA ALICANTE) S. CECCARDI: ASISTENCIA (Asistencias: 1),2,01:37,,,,3,https://imagenes.feb.es/foto.aspx?c=2787126,2787126,10901178,979989,assist,00000000-0000-0002-0000-000002486384,10901178,,,,,,,,,
326,(HLA ALICANTE) K. LARSEN: TIRO DE 3 ANOTADO (Puntos: 14),2,01:37,,58,42,3,https://imagenes.feb.es/foto.aspx?c=2433482,2433482,10901175,979989,shoot,00000000-0000-0002-0000-000002486384,10901175,,1,1,3,,17,,,67.70098876309606|28.988986248128132
325,(HESTIA MENORCA) J. LOBO MARTORELL: TIRO DE 2 ANOTADO (Puntos: 2),1,01:53,,58,39,3,https://imagenes.feb.es/foto.aspx?c=1938697,1938697,10901120,981300,shoot,00000000-0000-0001-0000-000002486384,10901120,,1,1,2,,12,,,9.238364360650376|64.27992816070557
324,(HLA ALICANTE) K. LARSEN: TIRO DE 2 ANOTADO (Puntos: 11),2,02:10,,56,39,3,https://imagenes.feb.es/foto.aspx?c=2433482,2433482,10901175,979989,shoot,00000000-0000-0002-0000-000002486384,10901175,,1,1,2,,26,,,79.12553061686852|51.42394252856445
323,(HESTIA MENORCA) J. CONE: PÉRDIDA (Pérdidas: 1),1,02:28,,,,3,https://imagenes.feb.es/foto.aspx?c=2785180,2785180,10901117,981300,lose,00000000-0000-0001-0000-000002486384,0,,10901117,,,,,,,
322,(HESTIA MENORCA) A. SOLA IDDRISU: REBOTE (Rebotes: 4),1,02:36,,,,3,https://imagenes.feb.es/foto.aspx?c=1875914,1875914,10901122,981300,rebound,00000000-0000-0001-0000-000002486384,10901122,,,,,,,,,
321,(HLA ALICANTE) K. LARSEN: TIRO DE 2 FALLADO,2,02:36,,,,3,https://imagenes.feb.es/foto.aspx?c=2433482,2433482,10901175,979989,shoot,00000000-0000-0002-0000-000002486384,10901175,,0,1,2,,25,,,78.49083384721449|48.39900473276654
320,(HESTIA MENORCA) E. WEMBI: TIRO DE 2 ANOTADO (Puntos: 6),1,02:55,,56,37,3,https://imagenes.feb.es/foto.aspx?c=2702840,2702840,10901124,981300,shoot,00000000-0000-0001-0000-000002486384,10901124,,1,1,2,,12,,,10.225669908739741|64.27992816070557
319,(HESTIA MENORCA) N. GALETTE: REBOTE (Rebotes: 1),1,03:04,,,,3,https://imagenes.feb.es/foto.aspx?c=2820270,2820270,10946135,981300,rebound,00000000-0000-0001-0000-000002486384,10946135,,,,,,,,,
318,(HLA ALICANTE) K. LARSEN: TIRO DE 1 FALLADO,2,03:04,,,,3,https://imagenes.feb.es/foto.aspx?c=2433482,2433482,10901175,979989,fthrow,00000000-0000-0002-0000-000002486384,10901175,1,0,,1,0,,,,
317,(HLA ALICANTE) K. LARSEN: TIRO DE 1 ANOTADO (Puntos: 9),2,03:04,,54,37,3,https://imagenes.feb.es/foto.aspx?c=2433482,2433482,10901175,979989,fthrow,00000000-0000-0002-0000-000002486384,10901175,0,1,,1,0,,,,
316,(HESTIA MENORCA) E. WEMBI: FALTA Personal (Faltas: 3. Faltas de equipo: 14). Tiros libres: 2,1,03:04,,,,3,https://imagenes.feb.es/foto.aspx?c=2702840,2702840,10901124,981300,foul,00000000-0000-0001-0000-000002486384,10901124,1,10901175,1,2,0,,,1,
315,(HLA ALICANTE) S. CECCARDI: Sustitución (Entra a pista),2,03:17,,,,3,https://imagenes.feb.es/foto.aspx?c=2787126,2787126,10901178,979989,subst,00000000-0000-0002-0000-000002486384,,10901178,,,,,,,,
314,(HESTIA MENORCA) S. LITTLESON: Sustitución (Sale de pista),1,03:17,,,,3,https://imagenes.feb.es/foto.aspx?c=2650859,2650859,10901121,981300,subst,00000000-0000-0001-0000-000002486384,10901121,,,,,,,,,
313,(HESTIA MENORCA) F. ZURBRIGGEN: Sustitución (Sale de pista),1,03:17,,,,3,https://imagenes.feb.es/foto.aspx?c=2446720,2446720,11127947,981300,subst,00000000-0000-0001-0000-000002486384,11127947,,,,,,,,,
312,(HLA ALICANTE) I. TAMBA VILLEN: Sustitución (Entra a pista),2,03:17,,,,3,https://imagenes.feb.es/foto.aspx?c=1997161,1997161,10901173,979989,subst,00000000-0000-0002-0000-000002486384,,10901173,,,,,,,,
311,(HLA ALICANTE) M. TORRES CUEVAS: Sustitución (Sale de pista),2,03:17,,,,3,https://imagenes.feb.es/foto.aspx?c=1285873,1285873,10901176,979989,subst,00000000-0000-0002-0000-000002486384,10901176,,,,,,,,,
310,(HESTIA MENORCA) A. SOLA IDDRISU: Sustitución (Entra a pista),1,03:17,,,,3,https://imagenes.feb.es/foto.aspx?c=1875914,1875914,10901122,981300,subst,00000000-0000-0001-0000-000002486384,,10901122,,,,,,,,
309,(HESTIA MENORCA) J. CONE: Sustitución (Entra a pista),1,03:17,,,,3,https://imagenes.feb.es/foto.aspx?c=2785180,2785180,10901117,981300,subst,00000000-0000-0001-0000-000002486384,,10901117,,,,,,,,
308,(HLA ALICANTE) D. GEU: Sustitución (Sale de pista),2,03:17,,,,3,https://imagenes.feb.es/foto.aspx?c=2817123,2817123,10935497,979989,subst,00000000-0000-0002-0000-000002486384,10935497,,,,,,,,,
307,(HESTIA MENORCA) J. LOBO MARTORELL: FALTA Personal (Faltas: 2. Faltas de equipo: 13). Tiros libres: 0,1,03:17,,,,3,https://imagenes.feb.es/foto.aspx?c=1938697,1938697,10901120,981300,foul,00000000-0000-0001-0000-000002486384,10901120,1,10901175,1,0,0,,,1,
306,(HLA ALICANTE) J. MWEMA: REBOTE (Rebotes: 4),2,03:18,,,,3,https://imagenes.feb.es/foto.aspx?c=2734619,2734619,10901179,979989,rebound,00000000-0000-0002-0000-000002486384,10901179,,,,,,,,,
305,(HLA ALICANTE) K. LARSEN: TIRO DE 3 FALLADO,2,03:18,,,,3,https://imagenes.feb.es/foto.aspx?c=2433482,2433482,10901175,979989,shoot,00000000-0000-0002-0000-000002486384,10901175,,0,1,3,,16,,,69.60507907205813|11.09143882499279
304,(HLA ALICANTE) REBOTE (Rebotes: 23),2,03:22,,,,3,,,,979989,rebound,00000000-0000-0002-0000-000002486384,,,,,,,,,,
303,(HESTIA MENORCA) S. LITTLESON: TIRO DE 3 FALLADO,1,03:22,,,,3,https://imagenes.feb.es/foto.aspx?c=2650859,2650859,10901121,981300,shoot,00000000-0000-0001-0000-000002486384,10901121,,0,1,3,,3,,,32.369535252355305|87.84923322976061
302,(HESTIA MENORCA) F. ZURBRIGGEN: REBOTE (Rebotes: 1),1,03:28,,,,3,https://imagenes.feb.es/foto.aspx?c=2446720,2446720,11127947,981300,rebound,00000000-0000-0001-0000-000002486384,11127947,,,,,,,,,
301,(HLA ALICANTE) D. GEU: TIRO DE 3 FALLADO,2,03:28,,,,3,https://imagenes.feb.es/foto.aspx?c=2817123,2817123,10935497,979989,shoot,00000000-0000-0002-0000-000002486384,10935497,,0,1,3,,15,,,73.90691488520301|89.99189942498779
300,(HESTIA MENORCA) J. LOBO MARTORELL: ASISTENCIA (Asistencias: 1),1,03:52,,,,3,https://imagenes.feb.es/foto.aspx?c=1938697,1938697,10901120,981300,assist,00000000-0000-0001-0000-000002486384,10901120,,,,,,,,,
299,(HESTIA MENORCA) F. ZURBRIGGEN: TIRO DE 2 ANOTADO (Puntos: 13),1,03:52,,54,36,3,https://imagenes.feb.es/foto.aspx?c=2446720,2446720,11127947,981300,shoot,00000000-0000-0001-0000-000002486384,11127947,,1,1,2,,13,,,8.60366759099635|44.11367522711768
298,(HLA ALICANTE) J. MWEMA: TIRO DE 1 ANOTADO (Puntos: 8),2,04:07,,52,36,3,https://imagenes.feb.es/foto.aspx?c=2734619,2734619,10901179,979989,fthrow,00000000-0000-0002-0000-000002486384,10901179,0,1,,1,0,,,,
297,(HESTIA MENORCA) J. LOBO MARTORELL: FALTA Personal (Faltas: 1. Faltas de equipo: 12). Tiros libres: 1,1,04:07,,,,3,https://imagenes.feb.es/foto.aspx?c=1938697,1938697,10901120,981300,foul,00000000-0000-0001-0000-000002486384,10901120,1,10901179,1,1,0,,,1,
296,(HLA ALICANTE) J. MWEMA: TIRO DE 2 ANOTADO (Puntos: 7),2,04:07,,52,35,3,https://imagenes.feb.es/foto.aspx?c=2734619,2734619,10901179,979989,shoot,00000000-0000-0002-0000-000002486384,10901179,,1,1,2,,26,,,87.87024381759157|49.15523918171602
295,(HESTIA MENORCA) J. CONE: Sustitución (Sale de pista),1,04:29,,,,3,https://imagenes.feb.es/foto.aspx?c=2785180,2785180,10901117,981300,subst,00000000-0000-0001-0000-000002486384,10901117,,,,,,,,,
294,(HESTIA MENORCA) F. ZURBRIGGEN: Sustitución (Entra a pista),1,04:29,,,,3,https://imagenes.feb.es/foto.aspx?c=2446720,2446720,11127947,981300,subst,00000000-0000-0001-0000-000002486384,,11127947,,,,,,,,
293,(HESTIA MENORCA) T. MCFADDEN: Sustitución (Sale de pista),1,04:47,,,,3,https://imagenes.feb.es/foto.aspx?c=2325133,2325133,11108801,981300,subst,00000000-0000-0001-0000-000002486384,11108801,,,,,,,,,
292,(HESTIA MENORCA) J. LOBO MARTORELL: Sustitución (Entra a pista),1,04:47,,,,3,https://imagenes.feb.es/foto.aspx?c=1938697,1938697,10901120,981300,subst,00000000-0000-0001-0000-000002486384,,10901120,,,,,,,,
291,(HESTIA MENORCA) J. CONE: Sustitución (Entra a pista),1,04:47,,,,3,https://imagenes.feb.es/foto.aspx?c=2785180,2785180,10901117,981300,subst,00000000-0000-0001-0000-000002486384,,10901117,,,,,,,,
290,(HLA ALICANTE) T. RICHARDSON: Sustitución (Sale de pista),2,04:47,,,,3,https://imagenes.feb.es/foto.aspx?c=2836470,2836470,11062805,979989,subst,00000000-0000-0002-0000-000002486384,11062805,,,,,,,,,
289,(HESTIA MENORCA) F. ZURBRIGGEN: Sustitución (Sale de pista),1,04:47,,,,3,https://imagenes.feb.es/foto.aspx?c=2446720,2446720,11127947,981300,subst,00000000-0000-0001-0000-000002486384,11127947,,,,,,,,,
288,(HLA ALICANTE) A. JORDA RODRIGUEZ: Sustitución (Entra a pista),2,04:47,,,,3,https://imagenes.feb.es/foto.aspx?c=1676991,1676991,10901171,979989,subst,00000000-0000-0002-0000-000002486384,,10901171,,,,,,,,
287,(HLA ALICANTE) Tiempo muerto,2,04:47,,,,3,,,,979989,timeout,00000000-0000-0002-0000-000002486384,,,,,,,,,,
286,(HESTIA MENORCA) E. WEMBI: TIRO DE 2 ANOTADO (Puntos: 4),1,04:49,,52,33,3,https://imagenes.feb.es/foto.aspx?c=2702840,2702840,10901124,981300,shoot,00000000-0000-0001-0000-000002486384,10901124,,1,1,2,,8,,,16.22002801978598|68.81733485440243
285,(HESTIA MENORCA) T. MCFADDEN: REBOTE (Rebotes: 2),1,05:12,,,,3,https://imagenes.feb.es/foto.aspx?c=2325133,2325133,11108801,981300,rebound,00000000-0000-0001-0000-000002486384,11108801,,,,,,,,,
284,(HLA ALICANTE) T. RICHARDSON: TIRO DE 2 FALLADO,2,05:12,,,,3,https://imagenes.feb.es/foto.aspx?c=2836470,2836470,11062805,979989,shoot,00000000-0000-0002-0000-000002486384,11062805,,0,1,2,,26,,,85.19040870807274|47.26465305934233
283,(HESTIA MENORCA) T. MCFADDEN: TIRO DE 3 FALLADO,1,05:18,,,,3,https://imagenes.feb.es/foto.aspx?c=2325133,2325133,11108801,981300,shoot,00000000-0000-0001-0000-000002486384,11108801,,0,1,3,,3,,,31.523272892816603|91.50436832288675
282,(HESTIA MENORCA) A. SOLA IDDRISU: Sustitución (Sale de pista),1,05:18,,,,3,https://imagenes.feb.es/foto.aspx?c=1875914,1875914,10901122,981300,subst,00000000-0000-0001-0000-000002486384,10901122,,,,,,,,,
281,(HESTIA MENORCA) T. MCFADDEN: Sustitución (Entra a pista),1,05:18,,,,3,https://imagenes.feb.es/foto.aspx?c=2325133,2325133,11108801,981300,subst,00000000-0000-0001-0000-000002486384,,11108801,,,,,,,,
280,(HESTIA MENORCA) E. WEMBI: TIRO DE 2 ANOTADO (Puntos: 2),1,05:18,,50,33,3,https://imagenes.feb.es/foto.aspx?c=2702840,2702840,10901124,981300,shoot,00000000-0000-0001-0000-000002486384,10901124,,1,1,2,,12,,,12.764456987355844|62.76745926280661
279,(HLA ALICANTE) D. GEU: REBOTE (Rebotes: 3),2,05:33,,,,3,https://imagenes.feb.es/foto.aspx?c=2817123,2817123,10935497,979989,rebound,00000000-0000-0002-0000-000002486384,10935497,,,,,,,,,
278,(HLA ALICANTE) J. MWEMA: TIRO DE 3 FALLADO,2,05:33,,,,3,https://imagenes.feb.es/foto.aspx?c=2734619,2734619,10901179,979989,shoot,00000000-0000-0002-0000-000002486384,10901179,,0,1,3,,16,,,66.71368482912405|18.149626774787453
277,(HLA ALICANTE) M. TORRES CUEVAS: ASISTENCIA (Asistencias: 1),2,05:50,,,,3,https://imagenes.feb.es/foto.aspx?c=1285873,1285873,10901176,979989,assist,00000000-0000-0002-0000-000002486384,10901176,,,,,,,,,
276,(HLA ALICANTE) K. LARSEN: TIRO DE 2 ANOTADO (Puntos: 8),2,05:50,,48,33,3,https://imagenes.feb.es/foto.aspx?c=2433482,2433482,10901175,979989,shoot,00000000-0000-0002-0000-000002486384,10901175,,1,1,2,,23,,,88.22285098190956|65.66635990698326
275,(HLA ALICANTE) J. MWEMA: REBOTE (Rebotes: 3),2,06:04,,,,3,https://imagenes.feb.es/foto.aspx?c=2734619,2734619,10901179,979989,rebound,00000000-0000-0002-0000-000002486384,10901179,,,,,,,,,
274,(HESTIA MENORCA) N. GALETTE: TIRO DE 2 FALLADO,1,06:04,,,,3,https://imagenes.feb.es/foto.aspx?c=2820270,2820270,10946135,981300,shoot,00000000-0000-0001-0000-000002486384,10946135,,0,1,2,,4,,,13.187588167125194|24.82969677890601
273,(HLA ALICANTE) M. TORRES CUEVAS: FALTA Personal (Faltas: 2. Faltas de equipo: 10). Tiros libres: 0,2,06:18,,,,3,https://imagenes.feb.es/foto.aspx?c=1285873,1285873,10901176,979989,foul,00000000-0000-0002-0000-000002486384,10901176,1,10946135,1,0,0,,,1,
272,(HLA ALICANTE) M. TORRES CUEVAS: FALTA Personal (Faltas: 1. Faltas de equipo: 9). Tiros libres: 0,2,06:32,,,,3,https://imagenes.feb.es/foto.aspx?c=1285873,1285873,10901176,979989,foul,00000000-0000-0002-0000-000002486384,10901176,1,10901121,1,0,0,,,1,
271,(HESTIA MENORCA) S. LITTLESON: REBOTE (Rebotes: 3),1,06:37,,,,3,https://imagenes.feb.es/foto.aspx?c=2650859,2650859,10901121,981300,rebound,00000000-0000-0001-0000-000002486384,10901121,,,,,,,,,
270,(HLA ALICANTE) D. GEU: TIRO DE 3 FALLADO,2,06:37,,,,3,https://imagenes.feb.es/foto.aspx?c=2817123,2817123,10935497,979989,shoot,00000000-0000-0002-0000-000002486384,10935497,,0,1,3,,16,,,68.54725112263476|23.317229323409798
269,(HESTIA MENORCA) E. WEMBI: ASISTENCIA (Asistencias: 2),1,07:01,,,,3,https://imagenes.feb.es/foto.aspx?c=2702840,2702840,10901124,981300,assist,00000000-0000-0001-0000-000002486384,10901124,,,,,,,,,
268,(HESTIA MENORCA) S. LITTLESON: TIRO DE 3 ANOTADO (Puntos: 18),1,07:01,,48,31,3,https://imagenes.feb.es/foto.aspx?c=2650859,2650859,10901121,981300,shoot,00000000-0000-0001-0000-000002486384,10901121,,1,1,3,,3,,,30.606489746061246|83.56390660891724
267,(HESTIA MENORCA) E. WEMBI: REBOTE (Rebotes: 2),1,07:16,,,,3,https://imagenes.feb.es/foto.aspx?c=2702840,2702840,10901124,981300,rebound,00000000-0000-0001-0000-000002486384,10901124,,,,,,,,,
266,(HLA ALICANTE) M. TORRES CUEVAS: TIRO DE 3 FALLADO,2,07:16,,,,3,https://imagenes.feb.es/foto.aspx?c=1285873,1285873,10901176,979989,shoot,00000000-0000-0002-0000-000002486384,10901176,,0,1,3,,17,,,66.22002963390334|66.67466865917525
265,(HESTIA MENORCA) F. SCHOTT: Sustitución (Sale de pista),1,07:28,,,,3,https://imagenes.feb.es/foto.aspx?c=2662856,2662856,10930110,981300,subst,00000000-0000-0001-0000-000002486384,10930110,,,,,,,,,
264,(HESTIA MENORCA) E. WEMBI: Sustitución (Entra a pista),1,07:28,,,,3,https://imagenes.feb.es/foto.aspx?c=2702840,2702840,10901124,981300,subst,00000000-0000-0001-0000-000002486384,,10901124,,,,,,,,
263,(HESTIA MENORCA) F. SCHOTT: FALTA Personal (Faltas: 3. Faltas de equipo: 11). Tiros libres: 0,1,07:32,,,,3,https://imagenes.feb.es/foto.aspx?c=2662856,2662856,10930110,981300,foul,00000000-0000-0001-0000-000002486384,10930110,1,10901175,1,0,0,,,1,
262,(HESTIA MENORCA) N. GALETTE: PÉRDIDA (Pérdidas: 1),1,07:52,,,,3,https://imagenes.feb.es/foto.aspx?c=2820270,2820270,10946135,981300,lose,00000000-0000-0001-0000-000002486384,0,,10946135,,,,,,,
261,(HESTIA MENORCA) S. LITTLESON: REBOTE (Rebotes: 2),1,08:06,,,,3,https://imagenes.feb.es/foto.aspx?c=2650859,2650859,10901121,981300,rebound,00000000-0000-0001-0000-000002486384,10901121,,,,,,,,,
260,(HLA ALICANTE) J. MWEMA: TIRO DE 2 FALLADO,2,08:06,,,,3,https://imagenes.feb.es/foto.aspx?c=2734619,2734619,10901179,979989,shoot,00000000-0000-0002-0000-000002486384,10901179,,0,1,2,,22,,,84.69675996932143|24.57761959085801
259,(HLA ALICANTE) REBOTE (Rebotes: 21),2,08:30,,,,3,,,,979989,rebound,00000000-0000-0002-0000-000002486384,,,,,,,,,,
258,(HESTIA MENORCA) N. GALETTE: TIRO DE 3 FALLADO,1,08:30,,,,3,https://imagenes.feb.es/foto.aspx?c=2820270,2820270,10946135,981300,shoot,00000000-0000-0001-0000-000002486384,10946135,,0,1,3,,7,,,32.369535252355305|21.426643201036104
257,(HLA ALICANTE) K. LARSEN: ASISTENCIA (Asistencias: 1),2,08:51,,,,3,https://imagenes.feb.es/foto.aspx?c=2433482,2433482,10901175,979989,assist,00000000-0000-0002-0000-000002486384,10901175,,,,,,,,,
256,(HLA ALICANTE) J. MWEMA: TIRO DE 3 ANOTADO (Puntos: 5),2,08:51,,45,31,3,https://imagenes.feb.es/foto.aspx?c=2734619,2734619,10901179,979989,shoot,00000000-0000-0002-0000-000002486384,10901179,,1,1,3,,15,,,66.22002963390334|89.99189942498779
255,(HESTIA MENORCA) S. LITTLESON: ASISTENCIA (Asistencias: 1),1,09:18,,,,3,https://imagenes.feb.es/foto.aspx?c=2650859,2650859,10901121,981300,assist,00000000-0000-0001-0000-000002486384,10901121,,,,,,,,,
254,(HESTIA MENORCA) N. GALETTE: TIRO DE 3 ANOTADO (Puntos: 8),1,09:18,,45,28,3,https://imagenes.feb.es/foto.aspx?c=2820270,2820270,10946135,981300,shoot,00000000-0000-0001-0000-000002486384,10946135,,1,1,3,,7,,,26.022567555815048|13.486181487066592
253,(HLA ALICANTE) D. GEU: FALTA Personal (Faltas: 1. Faltas de equipo: 8). Tiros libres: 0,2,09:21,,,,3,https://imagenes.feb.es/foto.aspx?c=2817123,2817123,10935497,979989,foul,00000000-0000-0002-0000-000002486384,10935497,1,10901121,1,0,0,,,1,
252,(HESTIA MENORCA) S. LITTLESON: REBOTE (Rebotes: 1),1,09:27,,,,3,https://imagenes.feb.es/foto.aspx?c=2650859,2650859,10901121,981300,rebound,00000000-0000-0001-0000-000002486384,10901121,,,,,,,,,
251,(HLA ALICANTE) T. RICHARDSON: TIRO DE 2 FALLADO,2,09:27,,,,3,https://imagenes.feb.es/foto.aspx?c=2836470,2836470,11062805,979989,shoot,00000000-0000-0002-0000-000002486384,11062805,,0,1,2,,26,,,83.49788398899534|40.71062020684503
250,(HLA ALICANTE) T. RICHARDSON: REBOTE (Rebotes: 2),2,09:46,,,,3,https://imagenes.feb.es/foto.aspx?c=2836470,2836470,11062805,979989,rebound,00000000-0000-0002-0000-000002486384,11062805,,,,,,,,,
249,(HESTIA MENORCA) S. LITTLESON: TIRO DE 2 FALLADO,1,09:46,,,,3,https://imagenes.feb.es/foto.aspx?c=2650859,2650859,10901121,981300,shoot,00000000-0000-0001-0000-000002486384,10901121,,0,1,2,,12,,,14.386460112157913|45.500106973395376
248,(HESTIA MENORCA) V. ARTEAGA GONZALEZ: Sustitución (Sale de pista),1,10:00,,,,3,https://imagenes.feb.es/foto.aspx?c=1382456,1382456,10901116,981300,subst,00000000-0000-0001-0000-000002486384,10901116,,,,,,,,,
247,(HESTIA MENORCA) S. LITTLESON: Sustitución (Entra a pista),1,10:00,,,,3,https://imagenes.feb.es/foto.aspx?c=2650859,2650859,10901121,981300,subst,00000000-0000-0001-0000-000002486384,,10901121,,,,,,,,
246,(HLA ALICANTE) M. TORRES CUEVAS: Sustitución (Entra a pista),2,10:00,,,,3,https://imagenes.feb.es/foto.aspx?c=1285873,1285873,10901176,979989,subst,00000000-0000-0002-0000-000002486384,,10901176,,,,,,,,
245,(HESTIA MENORCA) F. SCHOTT: Sustitución (Entra a pista),1,10:00,,,,3,https://imagenes.feb.es/foto.aspx?c=2662856,2662856,10930110,981300,subst,00000000-0000-0001-0000-000002486384,,10930110,,,,,,,,
244,(HLA ALICANTE) J. MWEMA: Sustitución (Entra a pista),2,10:00,,,,3,https://imagenes.feb.es/foto.aspx?c=2734619,2734619,10901179,979989,subst,00000000-0000-0002-0000-000002486384,,10901179,,,,,,,,
243,(HLA ALICANTE) E. POLANCO TAVAREZ: Sustitución (Sale de pista),2,10:00,,,,3,https://imagenes.feb.es/foto.aspx?c=2863973,2863973,11146255,979989,subst,00000000-0000-0002-0000-000002486384,11146255,,,,,,,,,
242,(HLA ALICANTE) S. CECCARDI: Sustitución (Sale de pista),2,10:00,,,,3,https://imagenes.feb.es/foto.aspx?c=2787126,2787126,10901178,979989,subst,00000000-0000-0002-0000-000002486384,10901178,,,,,,,,,
241,(HESTIA MENORCA) T. MCFADDEN: Sustitución (Sale de pista),1,10:00,,,,3,https://imagenes.feb.es/foto.aspx?c=2325133,2325133,11108801,981300,subst,00000000-0000-0001-0000-000002486384,11108801,,,,,,,,,
240,Comienzo del Cuarto 3,,10:00,,,,3,,,,,period,3,0,,,,,,,,,
239,Fin del Cuarto 2,,00:00,,,,2,,,,,period,2,1,,,,,,,,,
238,(HLA ALICANTE) K. LARSEN: TIRO DE 2 ANOTADO (Puntos: 6),2,00:00,,42,28,2,https://imagenes.feb.es/foto.aspx?c=2433482,2433482,10901175,979989,shoot,00000000-0000-0002-0000-000002486384,10901175,,1,1,2,,12,,,17.348378370543365|46.25634142234485
237,(HESTIA MENORCA) N. GALETTE: ASISTENCIA (Asistencias: 2),1,00:15,,,,2,https://imagenes.feb.es/foto.aspx?c=2820270,2820270,10946135,981300,assist,00000000-0000-0001-0000-000002486384,10946135,,,,,,,,,
236,(HESTIA MENORCA) T. MCFADDEN: TIRO DE 2 ANOTADO (Puntos: 5),1,00:15,,42,26,2,https://imagenes.feb.es/foto.aspx?c=2325133,2325133,11108801,981300,shoot,00000000-0000-0001-0000-000002486384,11108801,,1,1,2,,22,,,81.10014494128197|30.627495182453828
235,(HESTIA MENORCA) A. SOLA IDDRISU: REBOTE (Rebotes: 3),1,00:23,,,,2,https://imagenes.feb.es/foto.aspx?c=1875914,1875914,10901122,981300,rebound,00000000-0000-0001-0000-000002486384,10901122,,,,,,,,,
234,(HESTIA MENORCA) F. ZURBRIGGEN: TIRO DE 3 FALLADO,1,00:23,,,,2,https://imagenes.feb.es/foto.aspx?c=2446720,2446720,11127947,981300,shoot,00000000-0000-0001-0000-000002486384,11127947,,0,1,3,,17,,,66.36107120833664|62.137261965478395
233,(HLA ALICANTE)  Equipo: PÉRDIDA (Pérdidas: 1),2,00:42,,,,2,,,,979989,lose,00000000-0000-0002-0000-000002486384,1,12,,,,,,,,
232,(HLA ALICANTE) K. LARSEN: TIRO DE 2 FALLADO,2,00:42,,,,2,https://imagenes.feb.es/foto.aspx?c=2433482,2433482,10901175,979989,shoot,00000000-0000-0002-0000-000002486384,10901175,,0,1,2,,12,,,19.46403426939012|55.07907762169058
231,(HESTIA MENORCA) T. MCFADDEN: ASISTENCIA (Asistencias: 3),1,01:09,,,,2,https://imagenes.feb.es/foto.aspx?c=2325133,2325133,11108801,981300,assist,00000000-0000-0001-0000-000002486384,11108801,,,,,,,,,
230,(HESTIA MENORCA) N. GALETTE: TIRO DE 3 ANOTADO (Puntos: 5),1,01:09,,40,26,2,https://imagenes.feb.es/foto.aspx?c=2820270,2820270,10946135,981300,shoot,00000000-0000-0001-0000-000002486384,10946135,,1,1,3,,16,,,72.28490772510754|15.628844797488282
229,(HLA ALICANTE) D. GEU: PÉRDIDA (Pérdidas: 2),2,01:28,,,,2,https://imagenes.feb.es/foto.aspx?c=2817123,2817123,10935497,979989,lose,00000000-0000-0002-0000-000002486384,0,,10935497,,,,,,,
228,(HESTIA MENORCA) T. MCFADDEN: Sustitución (Entra a pista),1,01:30,,,,2,https://imagenes.feb.es/foto.aspx?c=2325133,2325133,11108801,981300,subst,00000000-0000-0001-0000-000002486384,,11108801,,,,,,,,
227,(HESTIA MENORCA) S. LITTLESON: Sustitución (Sale de pista),1,01:30,,,,2,https://imagenes.feb.es/foto.aspx?c=2650859,2650859,10901121,981300,subst,00000000-0000-0001-0000-000002486384,10901121,,,,,,,,,
226,(HLA ALICANTE) M. TORRES CUEVAS: Sustitución (Sale de pista),2,01:30,,,,2,https://imagenes.feb.es/foto.aspx?c=1285873,1285873,10901176,979989,subst,00000000-0000-0002-0000-000002486384,10901176,,,,,,,,,
225,(HLA ALICANTE) S. CECCARDI: Sustitución (Entra a pista),2,01:30,,,,2,https://imagenes.feb.es/foto.aspx?c=2787126,2787126,10901178,979989,subst,00000000-0000-0002-0000-000002486384,,10901178,,,,,,,,
224,(HLA ALICANTE) D. GEU: REBOTE (Rebotes: 2),2,01:35,,,,2,https://imagenes.feb.es/foto.aspx?c=2817123,2817123,10935497,979989,rebound,00000000-0000-0002-0000-000002486384,10935497,,,,,,,,,
223,(HLA ALICANTE) D. GEU: TIRO DE 2 FALLADO,2,01:35,,,,2,https://imagenes.feb.es/foto.aspx?c=2817123,2817123,10935497,979989,shoot,00000000-0000-0002-0000-000002486384,10935497,,0,1,2,,12,,,12.55289139747117|42.475169177597465
222,(HLA ALICANTE) K. LARSEN: REBOTE (Rebotes: 4),2,01:50,,,,2,https://imagenes.feb.es/foto.aspx?c=2433482,2433482,10901175,979989,rebound,00000000-0000-0002-0000-000002486384,10901175,,,,,,,,,
221,(HESTIA MENORCA) S. LITTLESON: TIRO DE 3 FALLADO,1,01:50,,,,2,https://imagenes.feb.es/foto.aspx?c=2650859,2650859,10901121,981300,shoot,00000000-0000-0001-0000-000002486384,10901121,,0,1,3,,15,,,63.892808145171905|77.26195094446794
220,(HLA ALICANTE) D. GEU: ASISTENCIA (Asistencias: 1),2,02:08,,,,2,https://imagenes.feb.es/foto.aspx?c=2817123,2817123,10935497,979989,assist,00000000-0000-0002-0000-000002486384,10935497,,,,,,,,,
219,(HLA ALICANTE) E. POLANCO TAVAREZ: TIRO DE 2 ANOTADO (Puntos: 4),2,02:08,,37,26,2,https://imagenes.feb.es/foto.aspx?c=2863973,2863973,11146255,979989,shoot,00000000-0000-0002-0000-000002486384,11146255,,1,1,2,,13,,,9.238364360650376|48.65108480562002
218,(HESTIA MENORCA) A. SOLA IDDRISU: ASISTENCIA (Asistencias: 1),1,02:33,,,,2,https://imagenes.feb.es/foto.aspx?c=1875914,1875914,10901122,981300,assist,00000000-0000-0001-0000-000002486384,10901122,,,,,,,,,
217,(HESTIA MENORCA) F. ZURBRIGGEN: TIRO DE 3 ANOTADO (Puntos: 11),1,02:33,,37,24,2,https://imagenes.feb.es/foto.aspx?c=2446720,2446720,11127947,981300,shoot,00000000-0000-0001-0000-000002486384,11127947,,1,1,3,,16,,,64.66854648925924|18.90586122373693
216,(HLA ALICANTE) D. GEU: Sustitución (Entra a pista),2,02:36,,,,2,https://imagenes.feb.es/foto.aspx?c=2817123,2817123,10935497,979989,subst,00000000-0000-0002-0000-000002486384,,10935497,,,,,,,,
215,(HLA ALICANTE) I. TAMBA VILLEN: Sustitución (Sale de pista),2,02:36,,,,2,https://imagenes.feb.es/foto.aspx?c=1997161,1997161,10901173,979989,subst,00000000-0000-0002-0000-000002486384,10901173,,,,,,,,,
214,(HLA ALICANTE) E. POLANCO TAVAREZ: FALTA Personal (Faltas: 1. Faltas de equipo: 7). Tiros libres: 0,2,02:36,,,,2,https://imagenes.feb.es/foto.aspx?c=2863973,2863973,11146255,979989,foul,00000000-0000-0002-0000-000002486384,11146255,1,10901122,1,0,0,,,1,
213,(HESTIA MENORCA) A. SOLA IDDRISU: REBOTE (Rebotes: 2),1,02:41,,,,2,https://imagenes.feb.es/foto.aspx?c=1875914,1875914,10901122,981300,rebound,00000000-0000-0001-0000-000002486384,10901122,,,,,,,,,
212,(HESTIA MENORCA) V. ARTEAGA GONZALEZ: TIRO DE 2 FALLADO,1,02:41,,,,2,https://imagenes.feb.es/foto.aspx?c=1382456,1382456,10901116,981300,shoot,00000000-0000-0001-0000-000002486384,10901116,,0,1,2,,25,,,76.09308834303171|52.054139825892676
211,(HESTIA MENORCA) REBOTE (Rebotes: 10),1,02:50,,,,2,,,,981300,rebound,00000000-0000-0001-0000-000002486384,,,,,,,,,,
210,(HESTIA MENORCA) S. LITTLESON: TIRO DE 3 FALLADO,1,02:50,,,,2,https://imagenes.feb.es/foto.aspx?c=2650859,2650859,10901121,981300,shoot,00000000-0000-0001-0000-000002486384,10901121,,0,1,3,,15,,,68.97038230240412|86.08469002861915
209,(HESTIA MENORCA) F. ZURBRIGGEN: ROBO (Robos: 2),1,02:55,,,,2,https://imagenes.feb.es/foto.aspx?c=2446720,2446720,11127947,981300,recovery,00000000-0000-0001-0000-000002486384,11127947,,,,,,,,,
208,(HLA ALICANTE) T. RICHARDSON: PÉRDIDA (Pérdidas: 2),2,02:55,,,,2,https://imagenes.feb.es/foto.aspx?c=2836470,2836470,11062805,979989,lose,00000000-0000-0002-0000-000002486384,0,,11062805,,,,,,,
207,(HESTIA MENORCA) F. ZURBRIGGEN: ASISTENCIA (Asistencias: 2),1,03:05,,,,2,https://imagenes.feb.es/foto.aspx?c=2446720,2446720,11127947,981300,assist,00000000-0000-0001-0000-000002486384,11127947,,,,,,,,,
206,(HESTIA MENORCA) S. LITTLESON: TIRO DE 3 ANOTADO (Puntos: 15),1,03:05,,34,24,2,https://imagenes.feb.es/foto.aspx?c=2650859,2650859,10901121,981300,shoot,00000000-0000-0001-0000-000002486384,10901121,,1,1,3,,16,,,65.30324325891327|23.443267917433793
205,(HLA ALICANTE) M. TORRES CUEVAS: TIRO DE 1 ANOTADO (Puntos: 10),2,03:24,,31,24,2,https://imagenes.feb.es/foto.aspx?c=1285873,1285873,10901176,979989,fthrow,00000000-0000-0002-0000-000002486384,10901176,1,1,,1,0,,,,
204,(HLA ALICANTE) M. TORRES CUEVAS: TIRO DE 1 ANOTADO (Puntos: 9),2,03:24,,31,23,2,https://imagenes.feb.es/foto.aspx?c=1285873,1285873,10901176,979989,fthrow,00000000-0000-0002-0000-000002486384,10901176,0,1,,1,0,,,,
203,(HESTIA MENORCA) J. CONE: Sustitución (Sale de pista),1,03:24,,,,2,https://imagenes.feb.es/foto.aspx?c=2785180,2785180,10901117,981300,subst,00000000-0000-0001-0000-000002486384,10901117,,,,,,,,,
202,(HESTIA MENORCA) F. ZURBRIGGEN: Sustitución (Entra a pista),1,03:24,,,,2,https://imagenes.feb.es/foto.aspx?c=2446720,2446720,11127947,981300,subst,00000000-0000-0001-0000-000002486384,,11127947,,,,,,,,
201,(HESTIA MENORCA) J. CONE: FALTA Personal (Faltas: 2. Faltas de equipo: 10). Tiros libres: 2,1,03:24,,,,2,https://imagenes.feb.es/foto.aspx?c=2785180,2785180,10901117,981300,foul,00000000-0000-0001-0000-000002486384,10901117,1,10901176,1,2,0,,,1,
200,(HESTIA MENORCA) N. GALETTE: Sustitución (Entra a pista),1,03:39,,,,2,https://imagenes.feb.es/foto.aspx?c=2820270,2820270,10946135,981300,subst,00000000-0000-0001-0000-000002486384,,10946135,,,,,,,,
199,(HESTIA MENORCA) E. VICEDO AYALA: Sustitución (Sale de pista),1,03:39,,,,2,https://imagenes.feb.es/foto.aspx?c=1715117,1715117,10901123,981300,subst,00000000-0000-0001-0000-000002486384,10901123,,,,,,,,,
198,(HESTIA MENORCA) E. VICEDO AYALA: PÉRDIDA (Pérdidas: 1),1,03:44,,,,2,https://imagenes.feb.es/foto.aspx?c=1715117,1715117,10901123,981300,lose,00000000-0000-0001-0000-000002486384,0,,10901123,,,,,,,
197,(HESTIA MENORCA) V. ARTEAGA GONZALEZ: REBOTE (Rebotes: 2),1,03:54,,,,2,https://imagenes.feb.es/foto.aspx?c=1382456,1382456,10901116,981300,rebound,00000000-0000-0001-0000-000002486384,10901116,,,,,,,,,
196,(HLA ALICANTE) M. TORRES CUEVAS: TIRO DE 2 FALLADO,2,03:54,,,,2,https://imagenes.feb.es/foto.aspx?c=1285873,1285873,10901176,979989,shoot,00000000-0000-0002-0000-000002486384,10901176,,0,1,2,,12,,,9.590973139085715|59.616484315387446
195,(HESTIA MENORCA) S. LITTLESON: TIRO DE 2 ANOTADO (Puntos: 12),1,04:31,,31,22,2,https://imagenes.feb.es/foto.aspx?c=2650859,2650859,10901121,981300,shoot,00000000-0000-0001-0000-000002486384,10901121,,1,1,2,1,26,,,89.13963735689961|61.254990364907655
194,(HESTIA MENORCA) S. LITTLESON: ROBO (Robos: 2),1,04:31,,,,2,https://imagenes.feb.es/foto.aspx?c=2650859,2650859,10901121,981300,recovery,00000000-0000-0001-0000-000002486384,10901121,,,,,,,,,
193,(HLA ALICANTE) T. RICHARDSON: PÉRDIDA (Pérdidas: 1),2,04:31,,,,2,https://imagenes.feb.es/foto.aspx?c=2836470,2836470,11062805,979989,lose,00000000-0000-0002-0000-000002486384,0,,11062805,,,,,,,
192,(HLA ALICANTE) I. TAMBA VILLEN: REBOTE (Rebotes: 3),2,04:31,,,,2,https://imagenes.feb.es/foto.aspx?c=1997161,1997161,10901173,979989,rebound,00000000-0000-0002-0000-000002486384,10901173,,,,,,,,,
191,(HLA ALICANTE) K. LARSEN: TIRO DE 2 FALLADO,2,04:31,,,,2,https://imagenes.feb.es/foto.aspx?c=2433482,2433482,10901175,979989,shoot,00000000-0000-0002-0000-000002486384,10901175,,0,1,2,,4,,,17.13681278065869|33.90451016629974
190,(HLA ALICANTE) REBOTE (Rebotes: 17),2,04:39,,,,2,,,,979989,rebound,00000000-0000-0002-0000-000002486384,,,,,,,,,,
189,(HESTIA MENORCA) S. LITTLESON: TIRO DE 3 FALLADO,1,04:39,,,,2,https://imagenes.feb.es/foto.aspx?c=2650859,2650859,10901121,981300,shoot,00000000-0000-0001-0000-000002486384,10901121,,0,1,3,,16,,,71.08603820125086|17.771509550312715
188,(HLA ALICANTE) A. JORDA RODRIGUEZ: Sustitución (Sale de pista),2,04:46,,,,2,https://imagenes.feb.es/foto.aspx?c=1676991,1676991,10901171,979989,subst,00000000-0000-0002-0000-000002486384,10901171,,,,,,,,,
187,(HLA ALICANTE) E. POLANCO TAVAREZ: Sustitución (Entra a pista),2,04:46,,,,2,https://imagenes.feb.es/foto.aspx?c=2863973,2863973,11146255,979989,subst,00000000-0000-0002-0000-000002486384,,11146255,,,,,,,,
186,(HLA ALICANTE) A. JORDA RODRIGUEZ: FALTA Personal (Faltas: 3. Faltas de equipo: 6). Tiros libres: 0,2,04:46,,,,2,https://imagenes.feb.es/foto.aspx?c=1676991,1676991,10901171,979989,foul,00000000-0000-0002-0000-000002486384,10901171,1,10901122,1,0,0,,,1,
185,(HESTIA MENORCA) E. VICEDO AYALA: Sustitución (Entra a pista),1,04:54,,,,2,https://imagenes.feb.es/foto.aspx?c=1715117,1715117,10901123,981300,subst,00000000-0000-0001-0000-000002486384,,10901123,,,,,,,,
184,(HESTIA MENORCA) A. SOLA IDDRISU: Sustitución (Entra a pista),1,04:54,,,,2,https://imagenes.feb.es/foto.aspx?c=1875914,1875914,10901122,981300,subst,00000000-0000-0001-0000-000002486384,,10901122,,,,,,,,
183,(HESTIA MENORCA) N. GALETTE: Sustitución (Sale de pista),1,04:54,,,,2,https://imagenes.feb.es/foto.aspx?c=2820270,2820270,10946135,981300,subst,00000000-0000-0001-0000-000002486384,10946135,,,,,,,,,
182,(HESTIA MENORCA) T. MCFADDEN: Sustitución (Sale de pista),1,04:54,,,,2,https://imagenes.feb.es/foto.aspx?c=2325133,2325133,11108801,981300,subst,00000000-0000-0001-0000-000002486384,11108801,,,,,,,,,
181,(HESTIA MENORCA) J. CONE: FALTA Personal (Faltas: 1. Faltas de equipo: 9). Tiros libres: 2,1,04:54,,,,2,https://imagenes.feb.es/foto.aspx?c=2785180,2785180,10901117,981300,foul,00000000-0000-0001-0000-000002486384,10901117,1,10901176,1,2,0,,,1,
180,(HESTIA MENORCA) V. ARTEAGA GONZALEZ: FALTA Personal (Faltas: 1. Faltas de equipo: 9). Tiros libres: 0,1,04:54,,,,2,https://imagenes.feb.es/foto.aspx?c=1382456,1382456,10901116,981300,foul,00000000-0000-0001-0000-000002486384,10901116,1,10901175,1,0,0,,,1,
179,(HLA ALICANTE) M. TORRES CUEVAS: TIRO DE 1 ANOTADO (Puntos: 8),2,04:59,,29,22,2,https://imagenes.feb.es/foto.aspx?c=1285873,1285873,10901176,979989,fthrow,00000000-0000-0002-0000-000002486384,10901176,1,1,,1,0,,,,
178,(HLA ALICANTE) M. TORRES CUEVAS: TIRO DE 1 ANOTADO (Puntos: 7),2,04:59,,29,21,2,https://imagenes.feb.es/foto.aspx?c=1285873,1285873,10901176,979989,fthrow,00000000-0000-0002-0000-000002486384,10901176,0,1,,1,0,,,,
177,(HLA ALICANTE) I. TAMBA VILLEN: REBOTE (Rebotes: 2),2,05:14,,,,2,https://imagenes.feb.es/foto.aspx?c=1997161,1997161,10901173,979989,rebound,00000000-0000-0002-0000-000002486384,10901173,,,,,,,,,
176,(HESTIA MENORCA) N. GALETTE: TIRO DE 3 FALLADO,1,05:14,,,,2,https://imagenes.feb.es/foto.aspx?c=2820270,2820270,10946135,981300,shoot,00000000-0000-0001-0000-000002486384,10946135,,0,1,3,,16,,,66.36107120833664|18.65378259328619
175,(HLA ALICANTE) A. JORDA RODRIGUEZ: TIRO DE 2 ANOTADO (Puntos: 2),2,05:31,,29,20,2,https://imagenes.feb.es/foto.aspx?c=1676991,1676991,10901171,979989,shoot,00000000-0000-0002-0000-000002486384,10901171,,1,1,2,,12,,,18.124118328748057|57.09570089568553
174,(HLA ALICANTE) I. TAMBA VILLEN: REBOTE (Rebotes: 1),2,05:44,,,,2,https://imagenes.feb.es/foto.aspx?c=1997161,1997161,10901173,979989,rebound,00000000-0000-0002-0000-000002486384,10901173,,,,,,,,,
173,(HLA ALICANTE) K. LARSEN: TIRO DE 3 FALLADO,2,05:44,,,,2,https://imagenes.feb.es/foto.aspx?c=2433482,2433482,10901175,979989,shoot,00000000-0000-0002-0000-000002486384,10901175,,0,1,3,,3,,,32.01692485980261|85.07637550681619
172,(HLA ALICANTE) T. RICHARDSON: REBOTE (Rebotes: 1),2,06:07,,,,2,https://imagenes.feb.es/foto.aspx?c=2836470,2836470,11062805,979989,rebound,00000000-0000-0002-0000-000002486384,11062805,,,,,,,,,
171,(HESTIA MENORCA) S. LITTLESON: TIRO DE 2 FALLADO,1,06:07,,,,2,https://imagenes.feb.es/foto.aspx?c=2650859,2650859,10901121,981300,shoot,00000000-0000-0001-0000-000002486384,10901121,,0,1,2,,23,,,85.19040870807274|77.64006816894268
170,(HLA ALICANTE) K. LARSEN: TIRO DE 2 ANOTADO (Puntos: 4),2,06:31,,29,18,2,https://imagenes.feb.es/foto.aspx?c=2433482,2433482,10901175,979989,shoot,00000000-0000-0002-0000-000002486384,10901175,,1,1,2,,12,,,11.565585849381803|42.97932355369346
169,(HLA ALICANTE) A. JORDA RODRIGUEZ: Sustitución (Entra a pista),2,06:54,,,,2,https://imagenes.feb.es/foto.aspx?c=1676991,1676991,10901171,979989,subst,00000000-0000-0002-0000-000002486384,,10901171,,,,,,,,
168,(HLA ALICANTE) J. MWEMA: Sustitución (Sale de pista),2,06:54,,,,2,https://imagenes.feb.es/foto.aspx?c=2734619,2734619,10901179,979989,subst,00000000-0000-0002-0000-000002486384,10901179,,,,,,,,,
167,(HLA ALICANTE) E. POLANCO TAVAREZ: Sustitución (Sale de pista),2,06:54,,,,2,https://imagenes.feb.es/foto.aspx?c=2863973,2863973,11146255,979989,subst,00000000-0000-0002-0000-000002486384,11146255,,,,,,,,,
166,(HLA ALICANTE) T. RICHARDSON: Sustitución (Entra a pista),2,06:54,,,,2,https://imagenes.feb.es/foto.aspx?c=2836470,2836470,11062805,979989,subst,00000000-0000-0002-0000-000002486384,,11062805,,,,,,,,
165,(HLA ALICANTE) Tiempo muerto,2,07:02,,,,2,,,,979989,timeout,00000000-0000-0002-0000-000002486384,,,,,,,,,,
164,(HESTIA MENORCA) S. LITTLESON: TIRO DE 2 ANOTADO (Puntos: 10),1,07:05,,29,16,2,https://imagenes.feb.es/foto.aspx?c=2650859,2650859,10901121,981300,shoot,00000000-0000-0001-0000-000002486384,10901121,,1,1,2,,22,,,91.25529325574637|25.585931227855486
163,(HESTIA MENORCA) V. ARTEAGA GONZALEZ: REBOTE (Rebotes: 1),1,07:18,,,,2,https://imagenes.feb.es/foto.aspx?c=1382456,1382456,10901116,981300,rebound,00000000-0000-0001-0000-000002486384,10901116,,,,,,,,,
162,(HLA ALICANTE) I. TAMBA VILLEN: TIRO DE 2 FALLADO,2,07:18,,,,2,https://imagenes.feb.es/foto.aspx?c=1997161,1997161,10901173,979989,shoot,00000000-0000-0002-0000-000002486384,10901173,,0,1,2,,8,,,11.071932268278443|70.96000104962961
161,(HLA ALICANTE) S. LLORENTE PAZ: Sustitución (Sale de pista),2,07:29,,,,2,https://imagenes.feb.es/foto.aspx?c=1381662,1381662,11008945,979989,subst,00000000-0000-0002-0000-000002486384,11008945,,,,,,,,,
160,(HLA ALICANTE) I. TAMBA VILLEN: Sustitución (Entra a pista),2,07:29,,,,2,https://imagenes.feb.es/foto.aspx?c=1997161,1997161,10901173,979989,subst,00000000-0000-0002-0000-000002486384,,10901173,,,,,,,,
159,(HESTIA MENORCA) J. CONE: Sustitución (Entra a pista),1,07:29,,,,2,https://imagenes.feb.es/foto.aspx?c=2785180,2785180,10901117,981300,subst,00000000-0000-0001-0000-000002486384,,10901117,,,,,,,,
158,(HESTIA MENORCA) F. ZURBRIGGEN: Sustitución (Sale de pista),1,07:29,,,,2,https://imagenes.feb.es/foto.aspx?c=2446720,2446720,11127947,981300,subst,00000000-0000-0001-0000-000002486384,11127947,,,,,,,,,
157,(HLA ALICANTE) S. LLORENTE PAZ: FALTA Personal (Faltas: 2. Faltas de equipo: 5). Tiros libres: 0,2,07:29,,,,2,https://imagenes.feb.es/foto.aspx?c=1381662,1381662,11008945,979989,foul,00000000-0000-0002-0000-000002486384,11008945,1,11108801,1,0,0,,,1,
156,(HESTIA MENORCA) S. LITTLESON: TIRO DE 2 ANOTADO (Puntos: 8),1,07:33,,27,16,2,https://imagenes.feb.es/foto.aspx?c=2650859,2650859,10901121,981300,shoot,00000000-0000-0001-0000-000002486384,10901121,,1,1,2,,27,,,91.74894199449767|48.90315910886254
155,(HLA ALICANTE) M. TORRES CUEVAS: TIRO DE 2 ANOTADO (Puntos: 6),2,07:46,,25,16,2,https://imagenes.feb.es/foto.aspx?c=1285873,1285873,10901176,979989,shoot,00000000-0000-0002-0000-000002486384,10901176,,1,1,2,1,8,,,13.892806531054553|68.18713755707421
154,(HESTIA MENORCA) T. MCFADDEN: TIRO DE 3 ANOTADO (Puntos: 3),1,07:56,,25,14,2,https://imagenes.feb.es/foto.aspx?c=2325133,2325133,11108801,981300,shoot,00000000-0000-0001-0000-000002486384,11108801,,1,1,3,,15,,,70.5218654470482|88.22735045423536
153,(HLA ALICANTE) S. LLORENTE PAZ: ASISTENCIA (Asistencias: 1),2,08:12,,,,2,https://imagenes.feb.es/foto.aspx?c=1381662,1381662,11008945,979989,assist,00000000-0000-0002-0000-000002486384,11008945,,,,,,,,,
152,(HLA ALICANTE) K. LARSEN: TIRO DE 2 ANOTADO (Puntos: 2),2,08:12,,22,14,2,https://imagenes.feb.es/foto.aspx?c=2433482,2433482,10901175,979989,shoot,00000000-0000-0002-0000-000002486384,10901175,,1,1,2,,11,,,23.624823665749613|53.18849149931689
151,(HESTIA MENORCA) F. ZURBRIGGEN: FALTA Personal (Faltas: 1. Faltas de equipo: 7). Tiros libres: 0,1,08:23,,,,2,https://imagenes.feb.es/foto.aspx?c=2446720,2446720,11127947,981300,foul,00000000-0000-0001-0000-000002486384,11127947,1,10901176,1,0,0,,,1,
150,(HLA ALICANTE) M. TORRES CUEVAS: REBOTE (Rebotes: 2),2,08:39,,,,2,https://imagenes.feb.es/foto.aspx?c=1285873,1285873,10901176,979989,rebound,00000000-0000-0002-0000-000002486384,10901176,,,,,,,,,
149,(HLA ALICANTE) E. POLANCO TAVAREZ: TIRO DE 3 FALLADO,2,08:39,,,,2,https://imagenes.feb.es/foto.aspx?c=2863973,2863973,11146255,979989,shoot,00000000-0000-0002-0000-000002486384,11146255,,0,1,3,,3,,,34.76727752830339|77.51403101732141
148,(HESTIA MENORCA) F. SCHOTT: Sustitución (Sale de pista),1,08:54,,,,2,https://imagenes.feb.es/foto.aspx?c=2662856,2662856,10930110,981300,subst,00000000-0000-0001-0000-000002486384,10930110,,,,,,,,,
147,(HESTIA MENORCA) V. ARTEAGA GONZALEZ: Sustitución (Entra a pista),1,08:54,,,,2,https://imagenes.feb.es/foto.aspx?c=1382456,1382456,10901116,981300,subst,00000000-0000-0001-0000-000002486384,,10901116,,,,,,,,
146,(HLA ALICANTE) K. LARSEN: Sustitución (Entra a pista),2,08:54,,,,2,https://imagenes.feb.es/foto.aspx?c=2433482,2433482,10901175,979989,subst,00000000-0000-0002-0000-000002486384,,10901175,,,,,,,,
145,(HLA ALICANTE) B. COULIBALY: Sustitución (Sale de pista),2,08:54,,,,2,https://imagenes.feb.es/foto.aspx?c=2818653,2818653,10935498,979989,subst,00000000-0000-0002-0000-000002486384,10935498,,,,,,,,,
144,(HESTIA MENORCA) F. SCHOTT: FALTA Personal (Faltas: 2. Faltas de equipo: 6). Tiros libres: 0,1,08:54,,,,2,https://imagenes.feb.es/foto.aspx?c=2662856,2662856,10930110,981300,foul,00000000-0000-0001-0000-000002486384,10930110,1,10901176,1,0,0,,,1,
143,(HESTIA MENORCA) F. SCHOTT: MATE ANOTADO (Puntos: 4),1,09:15,,22,12,2,https://imagenes.feb.es/foto.aspx?c=2662856,2662856,10930110,981300,shoot,00000000-0000-0001-0000-000002486384,10930110,,1,9,2,0,27,,,85.11989114909079|61.88518766223588
142,(HESTIA MENORCA) F. SCHOTT: REBOTE (Rebotes: 3),1,09:15,,,,2,https://imagenes.feb.es/foto.aspx?c=2662856,2662856,10930110,981300,rebound,00000000-0000-0001-0000-000002486384,10930110,,,,,,,,,
141,(HESTIA MENORCA) S. LITTLESON: TIRO DE 2 FALLADO,1,09:15,,,,2,https://imagenes.feb.es/foto.aspx?c=2650859,2650859,10901121,981300,shoot,00000000-0000-0001-0000-000002486384,10901121,,0,1,2,,26,,,85.11989114909079|61.88518766223588
140,(HLA ALICANTE) M. TORRES CUEVAS: TIRO DE 2 ANOTADO (Puntos: 4),2,09:26,,20,12,2,https://imagenes.feb.es/foto.aspx?c=1285873,1285873,10901176,979989,shoot,00000000-0000-0002-0000-000002486384,10901176,,1,1,2,,9,,,24.47108602528831|32.77015849287552
139,(HESTIA MENORCA) N. GALETTE: ASISTENCIA (Asistencias: 1),1,09:44,,,,2,https://imagenes.feb.es/foto.aspx?c=2820270,2820270,10946135,981300,assist,00000000-0000-0001-0000-000002486384,10946135,,,,,,,,,
138,(HESTIA MENORCA) F. ZURBRIGGEN: TIRO DE 3 ANOTADO (Puntos: 8),1,09:44,,20,10,2,https://imagenes.feb.es/foto.aspx?c=2446720,2446720,11127947,981300,shoot,00000000-0000-0001-0000-000002486384,11127947,,1,1,3,,17,,,66.99576797799067|31.383729631403305
137,(HESTIA MENORCA) J. CONE: Sustitución (Sale de pista),1,10:00,,,,2,https://imagenes.feb.es/foto.aspx?c=2785180,2785180,10901117,981300,subst,00000000-0000-0001-0000-000002486384,10901117,,,,,,,,,
136,(HESTIA MENORCA) T. MCFADDEN: Sustitución (Entra a pista),1,10:00,,,,2,https://imagenes.feb.es/foto.aspx?c=2325133,2325133,11108801,981300,subst,00000000-0000-0001-0000-000002486384,,11108801,,,,,,,,
135,(HLA ALICANTE) M. TORRES CUEVAS: Sustitución (Entra a pista),2,10:00,,,,2,https://imagenes.feb.es/foto.aspx?c=1285873,1285873,10901176,979989,subst,00000000-0000-0002-0000-000002486384,,10901176,,,,,,,,
134,(HESTIA MENORCA) J. LOBO MARTORELL: Sustitución (Sale de pista),1,10:00,,,,2,https://imagenes.feb.es/foto.aspx?c=1938697,1938697,10901120,981300,subst,00000000-0000-0001-0000-000002486384,10901120,,,,,,,,,
133,(HLA ALICANTE) S. CECCARDI: Sustitución (Sale de pista),2,10:00,,,,2,https://imagenes.feb.es/foto.aspx?c=2787126,2787126,10901178,979989,subst,00000000-0000-0002-0000-000002486384,10901178,,,,,,,,,
132,(HESTIA MENORCA) F. ZURBRIGGEN: Sustitución (Entra a pista),1,10:00,,,,2,https://imagenes.feb.es/foto.aspx?c=2446720,2446720,11127947,981300,subst,00000000-0000-0001-0000-000002486384,,11127947,,,,,,,,
131,(HESTIA MENORCA) E. VICEDO AYALA: Sustitución (Sale de pista),1,10:00,,,,2,https://imagenes.feb.es/foto.aspx?c=1715117,1715117,10901123,981300,subst,00000000-0000-0001-0000-000002486384,10901123,,,,,,,,,
130,(HESTIA MENORCA) N. GALETTE: Sustitución (Entra a pista),1,10:00,,,,2,https://imagenes.feb.es/foto.aspx?c=2820270,2820270,10946135,981300,subst,00000000-0000-0001-0000-000002486384,,10946135,,,,,,,,
129,Comienzo del Cuarto 2,,10:00,,,,2,,,,,period,2,0,,,,,,,,,
128,Fin del Cuarto 1,,00:00,,,,1,,,,,period,1,1,,,,,,,,,
127,(HESTIA MENORCA) F. SCHOTT: REBOTE (Rebotes: 2),1,00:02,,,,1,https://imagenes.feb.es/foto.aspx?c=2662856,2662856,10930110,981300,rebound,00000000-0000-0001-0000-000002486384,10930110,,,,,,,,,
126,(HLA ALICANTE) S. LLORENTE PAZ: TIRO DE 3 FALLADO,2,00:02,,,,1,https://imagenes.feb.es/foto.aspx?c=1381662,1381662,11008945,979989,shoot,00000000-0000-0002-0000-000002486384,11008945,,0,1,3,,7,,,34.90832233097141|24.70365962728475
125,(HESTIA MENORCA) V. ARTEAGA GONZALEZ: Sustitución (Sale de pista),1,00:12,,,,1,https://imagenes.feb.es/foto.aspx?c=1382456,1382456,10901116,981300,subst,00000000-0000-0001-0000-000002486384,10901116,,,,,,,,,
124,(HESTIA MENORCA) F. SCHOTT: Sustitución (Entra a pista),1,00:12,,,,1,https://imagenes.feb.es/foto.aspx?c=2662856,2662856,10930110,981300,subst,00000000-0000-0001-0000-000002486384,,10930110,,,,,,,,
123,(HLA ALICANTE) REBOTE (Rebotes: 13),2,00:12,,,,1,,,,979989,rebound,00000000-0000-0002-0000-000002486384,,,,,,,,,,
122,(HLA ALICANTE) S. CECCARDI: TIRO DE 2 FALLADO,2,00:12,,,,1,https://imagenes.feb.es/foto.aspx?c=2787126,2787126,10901178,979989,shoot,00000000-0000-0002-0000-000002486384,10901178,,0,1,2,,12,,,10.789845084118435|54.07076309988762
121,(HLA ALICANTE) S. LLORENTE PAZ: REBOTE (Rebotes: 1),2,00:24,,,,1,https://imagenes.feb.es/foto.aspx?c=1381662,1381662,11008945,979989,rebound,00000000-0000-0002-0000-000002486384,11008945,,,,,,,,,
120,(HLA ALICANTE) E. POLANCO TAVAREZ: TIRO DE 3 FALLADO,2,00:24,,,,1,https://imagenes.feb.es/foto.aspx?c=2863973,2863973,11146255,979989,shoot,00000000-0000-0002-0000-000002486384,11146255,,0,1,3,,7,,,34.55571193841871|11.595594643491527
119,(HLA ALICANTE) B. COULIBALY: REBOTE (Rebotes: 3),2,00:29,,,,1,https://imagenes.feb.es/foto.aspx?c=2818653,2818653,10935498,979989,rebound,00000000-0000-0002-0000-000002486384,10935498,,,,,,,,,
118,(HLA ALICANTE) J. MWEMA: TIRO DE 3 FALLADO,2,00:29,,,,1,https://imagenes.feb.es/foto.aspx?c=2734619,2734619,10901179,979989,shoot,00000000-0000-0002-0000-000002486384,10901179,,0,1,3,,7,,,34.27362556131738|22.434954838033576
117,(HESTIA MENORCA) S. LITTLESON: TIRO DE 2 ANOTADO (Puntos: 6),1,00:46,,17,10,1,https://imagenes.feb.es/foto.aspx?c=2650859,2650859,10901121,981300,shoot,00000000-0000-0001-0000-000002486384,10901121,,1,1,2,,26,,,88.78702373611222|40.71062020684503
116,(HLA ALICANTE) S. LLORENTE PAZ: FALTA Personal (Faltas: 1. Faltas de equipo: 4). Tiros libres: 0,2,00:55,,,,1,https://imagenes.feb.es/foto.aspx?c=1381662,1381662,11008945,979989,foul,00000000-0000-0002-0000-000002486384,11008945,1,10901121,1,0,0,,,1,
115,(HESTIA MENORCA) S. LITTLESON: ROBO (Robos: 1),1,01:00,,,,1,https://imagenes.feb.es/foto.aspx?c=2650859,2650859,10901121,981300,recovery,00000000-0000-0001-0000-000002486384,10901121,,,,,,,,,
114,(HLA ALICANTE) J. MWEMA: PÉRDIDA (Pérdidas: 1),2,01:00,,,,1,https://imagenes.feb.es/foto.aspx?c=2734619,2734619,10901179,979989,lose,00000000-0000-0002-0000-000002486384,0,,10901179,,,,,,,
113,(HLA ALICANTE) J. MWEMA: REBOTE (Rebotes: 2),2,01:13,,,,1,https://imagenes.feb.es/foto.aspx?c=2734619,2734619,10901179,979989,rebound,00000000-0000-0002-0000-000002486384,10901179,,,,,,,,,
112,(HESTIA MENORCA) V. ARTEAGA GONZALEZ: TIRO DE 2 FALLADO,1,01:13,,,,1,https://imagenes.feb.es/foto.aspx?c=1382456,1382456,10901116,981300,shoot,00000000-0000-0001-0000-000002486384,10901116,,0,1,2,,26,,,91.74894199449767|63.64973086337734
111,(HESTIA MENORCA) E. WEMBI: Sustitución (Sale de pista),1,01:19,,,,1,https://imagenes.feb.es/foto.aspx?c=2702840,2702840,10901124,981300,subst,00000000-0000-0001-0000-000002486384,10901124,,,,,,,,,
110,(HESTIA MENORCA) V. ARTEAGA GONZALEZ: Sustitución (Entra a pista),1,01:19,,,,1,https://imagenes.feb.es/foto.aspx?c=1382456,1382456,10901116,981300,subst,00000000-0000-0001-0000-000002486384,,10901116,,,,,,,,
109,(HESTIA MENORCA) E. WEMBI: FALTA Personal (Faltas: 2. Faltas de equipo: 5). Tiros libres: 2,1,01:19,,,,1,https://imagenes.feb.es/foto.aspx?c=2702840,2702840,10901124,981300,foul,00000000-0000-0001-0000-000002486384,10901124,1,10901178,1,2,0,,,1,
108,(HLA ALICANTE) S. CECCARDI: TIRO DE 1 ANOTADO (Puntos: 2),2,01:29,,15,10,1,https://imagenes.feb.es/foto.aspx?c=2787126,2787126,10901178,979989,fthrow,00000000-0000-0002-0000-000002486384,10901178,1,1,,1,0,,,,
107,(HLA ALICANTE) S. CECCARDI: TIRO DE 1 ANOTADO (Puntos: 1),2,01:29,,15,9,1,https://imagenes.feb.es/foto.aspx?c=2787126,2787126,10901178,979989,fthrow,00000000-0000-0002-0000-000002486384,10901178,0,1,,1,0,,,,
106,(HLA ALICANTE) E. POLANCO TAVAREZ: REBOTE (Rebotes: 1),2,01:44,,,,1,https://imagenes.feb.es/foto.aspx?c=2863973,2863973,11146255,979989,rebound,00000000-0000-0002-0000-000002486384,11146255,,,,,,,,,
105,(HESTIA MENORCA) J. LOBO MARTORELL: TIRO DE 3 FALLADO,1,01:44,,,,1,https://imagenes.feb.es/foto.aspx?c=1938697,1938697,10901120,981300,shoot,00000000-0000-0001-0000-000002486384,10901120,,0,1,3,,17,,,65.58533286424931|25.711971264282226
104,(HLA ALICANTE) J. MWEMA: TIRO DE 1 ANOTADO (Puntos: 2),2,02:06,,15,8,1,https://imagenes.feb.es/foto.aspx?c=2734619,2734619,10901179,979989,fthrow,00000000-0000-0002-0000-000002486384,10901179,1,1,,1,0,,,,
103,(HLA ALICANTE) J. MWEMA: TIRO DE 1 ANOTADO (Puntos: 1),2,02:06,,15,7,1,https://imagenes.feb.es/foto.aspx?c=2734619,2734619,10901179,979989,fthrow,00000000-0000-0002-0000-000002486384,10901179,0,1,,1,0,,,,
102,(HESTIA MENORCA) N. GALETTE: Sustitución (Sale de pista),1,02:06,,,,1,https://imagenes.feb.es/foto.aspx?c=2820270,2820270,10946135,981300,subst,00000000-0000-0001-0000-000002486384,10946135,,,,,,,,,
101,(HESTIA MENORCA) E. VICEDO AYALA: Sustitución (Entra a pista),1,02:06,,,,1,https://imagenes.feb.es/foto.aspx?c=1715117,1715117,10901123,981300,subst,00000000-0000-0001-0000-000002486384,,10901123,,,,,,,,
100,(HESTIA MENORCA) N. GALETTE: FALTA Personal (Faltas: 1. Faltas de equipo: 4). Tiros libres: 2,1,02:06,,,,1,https://imagenes.feb.es/foto.aspx?c=2820270,2820270,10946135,981300,foul,00000000-0000-0001-0000-000002486384,10946135,1,10901179,1,2,0,,,1,
99,(HLA ALICANTE) J. MWEMA: REBOTE (Rebotes: 1),2,02:19,,,,1,https://imagenes.feb.es/foto.aspx?c=2734619,2734619,10901179,979989,rebound,00000000-0000-0002-0000-000002486384,10901179,,,,,,,,,
98,(HESTIA MENORCA) J. CONE: TIRO DE 3 FALLADO,1,02:19,,,,1,https://imagenes.feb.es/foto.aspx?c=2785180,2785180,10901117,981300,shoot,00000000-0000-0001-0000-000002486384,10901117,,0,1,3,,15,,,62.62341460586386|79.9087715157911
97,(HLA ALICANTE) S. LLORENTE PAZ: Sustitución (Entra a pista),2,02:27,,,,1,https://imagenes.feb.es/foto.aspx?c=1381662,1381662,11008945,979989,subst,00000000-0000-0002-0000-000002486384,,11008945,,,,,,,,
96,(HLA ALICANTE) T. RICHARDSON: Sustitución (Sale de pista),2,02:27,,,,1,https://imagenes.feb.es/foto.aspx?c=2836470,2836470,11062805,979989,subst,00000000-0000-0002-0000-000002486384,11062805,,,,,,,,,
95,(HLA ALICANTE) J. MWEMA: FALTA Personal (Faltas: 1. Faltas de equipo: 3). Tiros libres: 0,2,02:27,,,,1,https://imagenes.feb.es/foto.aspx?c=2734619,2734619,10901179,979989,foul,00000000-0000-0002-0000-000002486384,10901179,1,10901120,1,0,0,,,1,
94,(HLA ALICANTE) B. COULIBALY: PÉRDIDA (Pérdidas: 2),2,02:40,,,,1,https://imagenes.feb.es/foto.aspx?c=2818653,2818653,10935498,979989,lose,00000000-0000-0002-0000-000002486384,0,,10935498,,,,,,,
93,(HESTIA MENORCA) E. WEMBI: ASISTENCIA (Asistencias: 1),1,02:56,,,,1,https://imagenes.feb.es/foto.aspx?c=2702840,2702840,10901124,981300,assist,00000000-0000-0001-0000-000002486384,10901124,,,,,,,,,
92,(HESTIA MENORCA) N. GALETTE: TIRO DE 2 ANOTADO (Puntos: 2),1,02:56,,15,6,1,https://imagenes.feb.es/foto.aspx?c=2820270,2820270,10946135,981300,shoot,00000000-0000-0001-0000-000002486384,10946135,,1,1,2,,26,,,89.42172050576625|58.86024986643797
91,(HESTIA MENORCA) E. WEMBI: REBOTE (Rebotes: 1),1,03:09,,,,1,https://imagenes.feb.es/foto.aspx?c=2702840,2702840,10901124,981300,rebound,00000000-0000-0001-0000-000002486384,10901124,,,,,,,,,
90,(HLA ALICANTE) J. MWEMA: TIRO DE 3 FALLADO,2,03:09,,,,1,https://imagenes.feb.es/foto.aspx?c=2734619,2734619,10901179,979989,shoot,00000000-0000-0002-0000-000002486384,10901179,,0,1,3,,3,,,32.228490449687285|80.66500596474059
89,(HLA ALICANTE) M. TORRES CUEVAS: Sustitución (Sale de pista),2,03:32,,,,1,https://imagenes.feb.es/foto.aspx?c=1285873,1285873,10901176,979989,subst,00000000-0000-0002-0000-000002486384,10901176,,,,,,,,,
88,(HESTIA MENORCA) V. ARTEAGA GONZALEZ: Sustitución (Sale de pista),1,03:32,,,,1,https://imagenes.feb.es/foto.aspx?c=1382456,1382456,10901116,981300,subst,00000000-0000-0001-0000-000002486384,10901116,,,,,,,,,
87,(HLA ALICANTE) S. CECCARDI: Sustitución (Entra a pista),2,03:32,,,,1,https://imagenes.feb.es/foto.aspx?c=2787126,2787126,10901178,979989,subst,00000000-0000-0002-0000-000002486384,,10901178,,,,,,,,
86,(HLA ALICANTE) J. MWEMA: Sustitución (Entra a pista),2,03:32,,,,1,https://imagenes.feb.es/foto.aspx?c=2734619,2734619,10901179,979989,subst,00000000-0000-0002-0000-000002486384,,10901179,,,,,,,,
85,(HESTIA MENORCA) E. WEMBI: Sustitución (Entra a pista),1,03:32,,,,1,https://imagenes.feb.es/foto.aspx?c=2702840,2702840,10901124,981300,subst,00000000-0000-0001-0000-000002486384,,10901124,,,,,,,,
84,(HLA ALICANTE) D. GEU: Sustitución (Sale de pista),2,03:32,,,,1,https://imagenes.feb.es/foto.aspx?c=2817123,2817123,10935497,979989,subst,00000000-0000-0002-0000-000002486384,10935497,,,,,,,,,
83,(HESTIA MENORCA) E. VICEDO AYALA: Sustitución (Sale de pista),1,03:32,,,,1,https://imagenes.feb.es/foto.aspx?c=1715117,1715117,10901123,981300,subst,00000000-0000-0001-0000-000002486384,10901123,,,,,,,,,
82,(HESTIA MENORCA) N. GALETTE: Sustitución (Entra a pista),1,03:32,,,,1,https://imagenes.feb.es/foto.aspx?c=2820270,2820270,10946135,981300,subst,00000000-0000-0001-0000-000002486384,,10946135,,,,,,,,
81,(HLA ALICANTE) Tiempo muerto,2,03:46,,,,1,,,,979989,timeout,00000000-0000-0002-0000-000002486384,,,,,,,,,,
80,(HESTIA MENORCA) S. LITTLESON: TIRO DE 2 ANOTADO (Puntos: 4),1,03:50,,13,6,1,https://imagenes.feb.es/foto.aspx?c=2650859,2650859,10901121,981300,shoot,00000000-0000-0001-0000-000002486384,10901121,,1,1,2,,26,,,88.78702373611222|48.146927544718544
79,(HESTIA MENORCA) J. CONE: REBOTE (Rebotes: 1),1,04:05,,,,1,https://imagenes.feb.es/foto.aspx?c=2785180,2785180,10901117,981300,rebound,00000000-0000-0001-0000-000002486384,10901117,,,,,,,,,
78,(HESTIA MENORCA) E. VICEDO AYALA: TIRO DE 3 FALLADO,1,04:05,,,,1,https://imagenes.feb.es/foto.aspx?c=1715117,1715117,10901123,981300,shoot,00000000-0000-0001-0000-000002486384,10901123,,0,1,3,,16,,,71.29760379113554|10.461242970067312
77,(HESTIA MENORCA) J. CONE: ROBO (Robos: 1),1,04:09,,,,1,https://imagenes.feb.es/foto.aspx?c=2785180,2785180,10901117,981300,recovery,00000000-0000-0001-0000-000002486384,10901117,,,,,,,,,
76,(HLA ALICANTE) B. COULIBALY: PÉRDIDA (Pérdidas: 1),2,04:09,,,,1,https://imagenes.feb.es/foto.aspx?c=2818653,2818653,10935498,979989,lose,00000000-0000-0002-0000-000002486384,0,,10935498,,,,,,,
75,(HLA ALICANTE) B. COULIBALY: REBOTE (Rebotes: 2),2,04:18,,,,1,https://imagenes.feb.es/foto.aspx?c=2818653,2818653,10935498,979989,rebound,00000000-0000-0002-0000-000002486384,10935498,,,,,,,,,
74,(HESTIA MENORCA) J. CONE: TIRO DE 3 FALLADO,1,04:18,,,,1,https://imagenes.feb.es/foto.aspx?c=2785180,2785180,10901117,981300,shoot,00000000-0000-0001-0000-000002486384,10901117,,0,1,3,,16,,,70.59238300603015|14.620533160490808
73,(HESTIA MENORCA) J. LOBO MARTORELL: REBOTE (Rebotes: 1),1,04:23,,,,1,https://imagenes.feb.es/foto.aspx?c=1938697,1938697,10901120,981300,rebound,00000000-0000-0001-0000-000002486384,10901120,,,,,,,,,
72,(HLA ALICANTE) T. RICHARDSON: TIRO DE 2 FALLADO,2,04:23,,,,1,https://imagenes.feb.es/foto.aspx?c=2836470,2836470,11062805,979989,shoot,00000000-0000-0002-0000-000002486384,11062805,,0,1,2,,12,,,11.918194627817144|62.76745926280661
71,(HLA ALICANTE) B. COULIBALY: REBOTE (Rebotes: 1),2,04:41,,,,1,https://imagenes.feb.es/foto.aspx?c=2818653,2818653,10935498,979989,rebound,00000000-0000-0002-0000-000002486384,10935498,,,,,,,,,
70,(HESTIA MENORCA) J. LOBO MARTORELL: TIRO DE 2 FALLADO,1,04:41,,,,1,https://imagenes.feb.es/foto.aspx?c=1938697,1938697,10901120,981300,shoot,00000000-0000-0001-0000-000002486384,10901120,,0,1,2,,26,,,85.40197429795741|46.25634142234485
69,(HLA ALICANTE) E. POLANCO TAVAREZ: TIRO DE 1 ANOTADO (Puntos: 2),2,04:45,,11,6,1,https://imagenes.feb.es/foto.aspx?c=2863973,2863973,11146255,979989,fthrow,00000000-0000-0002-0000-000002486384,11146255,1,1,,1,0,,,,
68,(HLA ALICANTE) E. POLANCO TAVAREZ: TIRO DE 1 ANOTADO (Puntos: 1),2,04:45,,11,5,1,https://imagenes.feb.es/foto.aspx?c=2863973,2863973,11146255,979989,fthrow,00000000-0000-0002-0000-000002486384,11146255,0,1,,1,0,,,,
67,(HLA ALICANTE) B. COULIBALY: Sustitución (Entra a pista),2,04:45,,,,1,https://imagenes.feb.es/foto.aspx?c=2818653,2818653,10935498,979989,subst,00000000-0000-0002-0000-000002486384,,10935498,,,,,,,,
66,(HLA ALICANTE) K. LARSEN: Sustitución (Sale de pista),2,04:45,,,,1,https://imagenes.feb.es/foto.aspx?c=2433482,2433482,10901175,979989,subst,00000000-0000-0002-0000-000002486384,10901175,,,,,,,,,
65,(HESTIA MENORCA) E. VICEDO AYALA: FALTA Personal (Faltas: 1. Faltas de equipo: 3). Tiros libres: 2,1,04:45,,,,1,https://imagenes.feb.es/foto.aspx?c=1715117,1715117,10901123,981300,foul,00000000-0000-0001-0000-000002486384,10901123,1,10935497,1,2,0,,,1,
64,(HLA ALICANTE) M. TORRES CUEVAS: REBOTE (Rebotes: 1),2,04:53,,,,1,https://imagenes.feb.es/foto.aspx?c=1285873,1285873,10901176,979989,rebound,00000000-0000-0002-0000-000002486384,10901176,,,,,,,,,
63,(HLA ALICANTE) K. LARSEN: TIRO DE 2 FALLADO,2,04:53,,,,1,https://imagenes.feb.es/foto.aspx?c=2433482,2433482,10901175,979989,shoot,00000000-0000-0002-0000-000002486384,10901175,,0,1,2,,12,,,15.37376566024728|53.440565802559405
62,(HESTIA MENORCA) S. LITTLESON: TIRO DE 2 ANOTADO (Puntos: 2),1,05:08,,11,4,1,https://imagenes.feb.es/foto.aspx?c=2650859,2650859,10901121,981300,shoot,00000000-0000-0001-0000-000002486384,10901121,,1,1,2,,27,,,92.52468679505442|42.223089104743984
61,(HESTIA MENORCA) A. SOLA IDDRISU: Sustitución (Sale de pista),1,05:15,,,,1,https://imagenes.feb.es/foto.aspx?c=1875914,1875914,10901122,981300,subst,00000000-0000-0001-0000-000002486384,10901122,,,,,,,,,
60,(HESTIA MENORCA) J. LOBO MARTORELL: Sustitución (Entra a pista),1,05:15,,,,1,https://imagenes.feb.es/foto.aspx?c=1938697,1938697,10901120,981300,subst,00000000-0000-0001-0000-000002486384,,10901120,,,,,,,,
59,(HLA ALICANTE) A. JORDA RODRIGUEZ: Sustitución (Sale de pista),2,05:15,,,,1,https://imagenes.feb.es/foto.aspx?c=1676991,1676991,10901171,979989,subst,00000000-0000-0002-0000-000002486384,10901171,,,,,,,,,
58,(HLA ALICANTE) E. POLANCO TAVAREZ: Sustitución (Entra a pista),2,05:15,,,,1,https://imagenes.feb.es/foto.aspx?c=2863973,2863973,11146255,979989,subst,00000000-0000-0002-0000-000002486384,,11146255,,,,,,,,
57,(HLA ALICANTE) A. JORDA RODRIGUEZ: FALTA Personal (Faltas: 2. Faltas de equipo: 2). Tiros libres: 0,2,05:15,,,,1,https://imagenes.feb.es/foto.aspx?c=1676991,1676991,10901171,979989,foul,00000000-0000-0002-0000-000002486384,10901171,1,10901122,1,0,0,,,1,
56,(HESTIA MENORCA) A. SOLA IDDRISU: REBOTE (Rebotes: 1),1,05:20,,,,1,https://imagenes.feb.es/foto.aspx?c=1875914,1875914,10901122,981300,rebound,00000000-0000-0001-0000-000002486384,10901122,,,,,,,,,
55,(HLA ALICANTE) D. GEU: TIRO DE 3 FALLADO,2,05:20,,,,1,https://imagenes.feb.es/foto.aspx?c=2817123,2817123,10935497,979989,shoot,00000000-0000-0002-0000-000002486384,10935497,,0,1,3,,3,,,31.382228090148583|88.73151059994233
54,(HLA ALICANTE) K. LARSEN: REBOTE (Rebotes: 3),2,05:28,,,,1,https://imagenes.feb.es/foto.aspx?c=2433482,2433482,10901175,979989,rebound,00000000-0000-0002-0000-000002486384,10901175,,,,,,,,,
53,(HESTIA MENORCA) V. ARTEAGA GONZALEZ: TAPÓN (Tapones: 1),1,05:28,,,,1,https://imagenes.feb.es/foto.aspx?c=1382456,1382456,10901116,981300,blockshot,00000000-0000-0001-0000-000002486384,10901116,,,,,,,,,
52,(HLA ALICANTE) K. LARSEN: TIRO DE 2 FALLADO,2,05:28,,,,1,https://imagenes.feb.es/foto.aspx?c=2433482,2433482,10901175,979989,shoot,00000000-0000-0002-0000-000002486384,10901175,,0,1,2,,12,,,14.245416923607248|59.86855861862996
51,(HESTIA MENORCA) J. CONE: Sustitución (Entra a pista),1,05:41,,,,1,https://imagenes.feb.es/foto.aspx?c=2785180,2785180,10901117,981300,subst,00000000-0000-0001-0000-000002486384,,10901117,,,,,,,,
50,(HESTIA MENORCA) T. MCFADDEN: Sustitución (Sale de pista),1,05:41,,,,1,https://imagenes.feb.es/foto.aspx?c=2325133,2325133,11108801,981300,subst,00000000-0000-0001-0000-000002486384,11108801,,,,,,,,,
49,(HESTIA MENORCA) F. ZURBRIGGEN: Sustitución (Sale de pista),1,05:41,,,,1,https://imagenes.feb.es/foto.aspx?c=2446720,2446720,11127947,981300,subst,00000000-0000-0001-0000-000002486384,11127947,,,,,,,,,
48,(HESTIA MENORCA) E. WEMBI: Sustitución (Sale de pista),1,05:41,,,,1,https://imagenes.feb.es/foto.aspx?c=2702840,2702840,10901124,981300,subst,00000000-0000-0001-0000-000002486384,10901124,,,,,,,,,
47,(HESTIA MENORCA) V. ARTEAGA GONZALEZ: Sustitución (Entra a pista),1,05:41,,,,1,https://imagenes.feb.es/foto.aspx?c=1382456,1382456,10901116,981300,subst,00000000-0000-0001-0000-000002486384,,10901116,,,,,,,,
46,(HESTIA MENORCA) S. LITTLESON: Sustitución (Entra a pista),1,05:41,,,,1,https://imagenes.feb.es/foto.aspx?c=2650859,2650859,10901121,981300,subst,00000000-0000-0001-0000-000002486384,,10901121,,,,,,,,
45,(HESTIA MENORCA) E. WEMBI: FALTA Personal (Faltas: 1. Faltas de equipo: 2). Tiros libres: 2,1,05:41,,,,1,https://imagenes.feb.es/foto.aspx?c=2702840,2702840,10901124,981300,foul,00000000-0000-0001-0000-000002486384,10901124,1,10901175,1,2,0,,,1,
44,(HESTIA MENORCA) F. ZURBRIGGEN: TIRO DE 2 ANOTADO (Puntos: 5),1,06:00,,9,4,1,https://imagenes.feb.es/foto.aspx?c=2446720,2446720,11127947,981300,shoot,00000000-0000-0001-0000-000002486384,11127947,,1,1,2,,26,,,92.87729395937241|60.750835988811666
43,(HLA ALICANTE) M. TORRES CUEVAS: TIRO DE 2 ANOTADO (Puntos: 2),2,06:29,,7,4,1,https://imagenes.feb.es/foto.aspx?c=1285873,1285873,10901176,979989,shoot,00000000-0000-0002-0000-000002486384,10901176,,1,1,2,,8,,,10.789845084118435|65.66635990698326
42,(HLA ALICANTE) K. LARSEN: REBOTE (Rebotes: 2),2,06:52,,,,1,https://imagenes.feb.es/foto.aspx?c=2433482,2433482,10901175,979989,rebound,00000000-0000-0002-0000-000002486384,10901175,,,,,,,,,
41,(HESTIA MENORCA) T. MCFADDEN: TIRO DE 3 FALLADO,1,06:52,,,,1,https://imagenes.feb.es/foto.aspx?c=2325133,2325133,11108801,981300,shoot,00000000-0000-0001-0000-000002486384,11108801,,0,1,3,,16,,,72.07334213522287|16.763196470912497
40,(HESTIA MENORCA) F. SCHOTT: Sustitución (Sale de pista),1,06:53,,,,1,https://imagenes.feb.es/foto.aspx?c=2662856,2662856,10930110,981300,subst,00000000-0000-0001-0000-000002486384,10930110,,,,,,,,,
39,(HESTIA MENORCA) E. WEMBI: Sustitución (Entra a pista),1,06:53,,,,1,https://imagenes.feb.es/foto.aspx?c=2702840,2702840,10901124,981300,subst,00000000-0000-0001-0000-000002486384,,10901124,,,,,,,,
38,(HESTIA MENORCA) REBOTE (Rebotes: 2),1,07:02,,,,1,,,,981300,rebound,00000000-0000-0001-0000-000002486384,,,,,,,,,,
37,(HLA ALICANTE) M. TORRES CUEVAS: TAPÓN (Tapones: 1),2,07:02,,,,1,https://imagenes.feb.es/foto.aspx?c=1285873,1285873,10901176,979989,blockshot,00000000-0000-0002-0000-000002486384,10901176,,,,,,,,,
36,(HESTIA MENORCA) T. MCFADDEN: TIRO DE 2 FALLADO,1,07:02,,,,1,https://imagenes.feb.es/foto.aspx?c=2325133,2325133,11108801,981300,shoot,00000000-0000-0001-0000-000002486384,11108801,,0,1,2,,27,,,93.58251474447779|57.09570089568553
35,(HLA ALICANTE) D. GEU: PÉRDIDA (Pérdidas: 1),2,07:16,,,,1,https://imagenes.feb.es/foto.aspx?c=2817123,2817123,10935497,979989,lose,00000000-0000-0002-0000-000002486384,0,,10935497,,,,,,,
34,(HESTIA MENORCA) F. ZURBRIGGEN: ASISTENCIA (Asistencias: 1),1,07:33,,,,1,https://imagenes.feb.es/foto.aspx?c=2446720,2446720,11127947,981300,assist,00000000-0000-0001-0000-000002486384,11127947,,,,,,,,,
33,(HESTIA MENORCA) A. SOLA IDDRISU: TIRO DE 2 ANOTADO (Puntos: 2),1,07:33,,7,2,1,https://imagenes.feb.es/foto.aspx?c=1875914,1875914,10901122,981300,shoot,00000000-0000-0001-0000-000002486384,10901122,,1,1,2,1,26,,,87.23554704793754|39.8283486062743
32,(HESTIA MENORCA) F. ZURBRIGGEN: ROBO (Robos: 1),1,07:38,,,,1,https://imagenes.feb.es/foto.aspx?c=2446720,2446720,11127947,981300,recovery,00000000-0000-0001-0000-000002486384,11127947,,,,,,,,,
31,(HLA ALICANTE) A. JORDA RODRIGUEZ: PÉRDIDA (Pérdidas: 1),2,07:38,,,,1,https://imagenes.feb.es/foto.aspx?c=1676991,1676991,10901171,979989,lose,00000000-0000-0002-0000-000002486384,0,,10901171,,,,,,,
30,(HLA ALICANTE) A. JORDA RODRIGUEZ: REBOTE (Rebotes: 1),2,07:57,,,,1,https://imagenes.feb.es/foto.aspx?c=1676991,1676991,10901171,979989,rebound,00000000-0000-0002-0000-000002486384,10901171,,,,,,,,,
29,(HESTIA MENORCA) A. SOLA IDDRISU: TIRO DE 2 FALLADO,1,07:57,,,,1,https://imagenes.feb.es/foto.aspx?c=1875914,1875914,10901122,981300,shoot,00000000-0000-0001-0000-000002486384,10901122,,0,1,2,,27,,,96.05077780764253|49.78543647904424
28,(HESTIA MENORCA) F. SCHOTT: REBOTE (Rebotes: 1),1,08:03,,,,1,https://imagenes.feb.es/foto.aspx?c=2662856,2662856,10930110,981300,rebound,00000000-0000-0001-0000-000002486384,10930110,,,,,,,,,
27,(HLA ALICANTE) T. RICHARDSON: TIRO DE 3 FALLADO,2,08:03,,,,1,https://imagenes.feb.es/foto.aspx?c=2836470,2836470,11062805,979989,shoot,00000000-0000-0002-0000-000002486384,11062805,,0,1,3,,3,,,29.689703371071182|82.05143771101828
26,(HLA ALICANTE) D. GEU: REBOTE (Rebotes: 1),2,08:08,,,,1,https://imagenes.feb.es/foto.aspx?c=2817123,2817123,10935497,979989,rebound,00000000-0000-0002-0000-000002486384,10935497,,,,,,,,,
25,(HLA ALICANTE) A. JORDA RODRIGUEZ: TIRO DE 3 FALLADO,2,08:08,,,,1,https://imagenes.feb.es/foto.aspx?c=1676991,1676991,10901171,979989,shoot,00000000-0000-0002-0000-000002486384,10901171,,0,1,3,,3,,,26.234133145699722|87.34507885366462
24,(HESTIA MENORCA) T. MCFADDEN: ASISTENCIA (Asistencias: 2),1,08:23,,,,1,https://imagenes.feb.es/foto.aspx?c=2325133,2325133,11108801,981300,assist,00000000-0000-0001-0000-000002486384,11108801,,,,,,,,,
23,(HESTIA MENORCA) F. SCHOTT: TIRO DE 2 ANOTADO (Puntos: 2),1,08:23,,5,2,1,https://imagenes.feb.es/foto.aspx?c=2662856,2662856,10930110,981300,shoot,00000000-0000-0001-0000-000002486384,10930110,,1,1,2,,26,,,86.88293342715014|51.2979053769432
22,(HLA ALICANTE) T. RICHARDSON: TIRO DE 2 ANOTADO (Puntos: 2),2,08:43,,3,2,1,https://imagenes.feb.es/foto.aspx?c=2836470,2836470,11062805,979989,shoot,00000000-0000-0002-0000-000002486384,11062805,,1,1,2,1,12,,,9.73201713469506|59.99460153986219
21,(HLA ALICANTE) K. LARSEN: REBOTE (Rebotes: 1),2,08:51,,,,1,https://imagenes.feb.es/foto.aspx?c=2433482,2433482,10901175,979989,rebound,00000000-0000-0002-0000-000002486384,10901175,,,,,,,,,
20,(HESTIA MENORCA) T. MCFADDEN: TIRO DE 2 FALLADO,1,08:51,,,,1,https://imagenes.feb.es/foto.aspx?c=2325133,2325133,11108801,981300,shoot,00000000-0000-0001-0000-000002486384,11108801,,0,1,2,,26,,,94.14668749868046|60.12063869148344
19,(HESTIA MENORCA) T. MCFADDEN: REBOTE (Rebotes: 1),1,09:00,,,,1,https://imagenes.feb.es/foto.aspx?c=2325133,2325133,11108801,981300,rebound,00000000-0000-0001-0000-000002486384,11108801,,,,,,,,,
18,(HLA ALICANTE) M. TORRES CUEVAS: TIRO DE 3 FALLADO,2,09:00,,,,1,https://imagenes.feb.es/foto.aspx?c=1285873,1285873,10901176,979989,shoot,00000000-0000-0002-0000-000002486384,10901176,,0,1,3,,7,,,33.28631839911066|18.275665368811453
17,(HESTIA MENORCA) F. SCHOTT: FALTA Personal (Faltas: 1. Faltas de equipo: 1). Tiros libres: 0,1,09:07,,,,1,https://imagenes.feb.es/foto.aspx?c=2662856,2662856,10930110,981300,foul,00000000-0000-0001-0000-000002486384,10930110,1,10901175,1,0,0,,,1,
16,(HESTIA MENORCA) T. MCFADDEN: ASISTENCIA (Asistencias: 1),1,09:23,,,,1,https://imagenes.feb.es/foto.aspx?c=2325133,2325133,11108801,981300,assist,00000000-0000-0001-0000-000002486384,11108801,,,,,,,,,
15,(HESTIA MENORCA) F. ZURBRIGGEN: TIRO DE 3 ANOTADO (Puntos: 3),1,09:23,,3,0,1,https://imagenes.feb.es/foto.aspx?c=2446720,2446720,11127947,981300,shoot,00000000-0000-0001-0000-000002486384,11127947,,1,1,3,,15,,,68.05359592741405|81.29520326206881
14,(HLA ALICANTE) A. JORDA RODRIGUEZ: FALTA Personal (Faltas: 1. Faltas de equipo: 1). Tiros libres: 0,2,09:35,,,,1,https://imagenes.feb.es/foto.aspx?c=1676991,1676991,10901171,979989,foul,00000000-0000-0002-0000-000002486384,10901171,1,11108801,1,0,0,,,1,
13,(HESTIA MENORCA) REBOTE (Rebotes: 0),1,09:40,,,,1,,,,981300,rebound,00000000-0000-0001-0000-000002486384,,,,,,,,,,
12,(HESTIA MENORCA) F. ZURBRIGGEN: TIRO DE 3 FALLADO,1,09:40,,,,1,https://imagenes.feb.es/foto.aspx?c=2446720,2446720,11127947,981300,shoot,00000000-0000-0001-0000-000002486384,11127947,,0,1,3,,16,,,67.2778575833267|20.922485940134624
11,(HLA ALICANTE) D. GEU: Sustitución (Entra a pista),2,10:00,,,,1,https://imagenes.feb.es/foto.aspx?c=2817123,2817123,10935497,979989,subst,00000000-0000-0002-0000-000002486384,,10935497,,,,,,,,
10,(HESTIA MENORCA) T. MCFADDEN: Sustitución (Entra a pista),1,10:00,,,,1,https://imagenes.feb.es/foto.aspx?c=2325133,2325133,11108801,981300,subst,00000000-0000-0001-0000-000002486384,,11108801,,,,,,,,
9,(HESTIA MENORCA) A. SOLA IDDRISU: Sustitución (Entra a pista),1,10:00,,,,1,https://imagenes.feb.es/foto.aspx?c=1875914,1875914,10901122,981300,subst,00000000-0000-0001-0000-000002486384,,10901122,,,,,,,,
8,(HLA ALICANTE) M. TORRES CUEVAS: Sustitución (Entra a pista),2,10:00,,,,1,https://imagenes.feb.es/foto.aspx?c=1285873,1285873,10901176,979989,subst,00000000-0000-0002-0000-000002486384,,10901176,,,,,,,,
7,(HESTIA MENORCA) F. SCHOTT: Sustitución (Entra a pista),1,10:00,,,,1,https://imagenes.feb.es/foto.aspx?c=2662856,2662856,10930110,981300,subst,00000000-0000-0001-0000-000002486384,,10930110,,,,,,,,
6,(HLA ALICANTE) T. RICHARDSON: Sustitución (Entra a pista),2,10:00,,,,1,https://imagenes.feb.es/foto.aspx?c=2836470,2836470,11062805,979989,subst,00000000-0000-0002-0000-000002486384,,11062805,,,,,,,,
5,(HESTIA MENORCA) E. VICEDO AYALA: Sustitución (Entra a pista),1,10:00,,,,1,https://imagenes.feb.es/foto.aspx?c=1715117,1715117,10901123,981300,subst,00000000-0000-0001-0000-000002486384,,10901123,,,,,,,,
4,(HESTIA MENORCA) F. ZURBRIGGEN: Sustitución (Entra a pista),1,10:00,,,,1,https://imagenes.feb.es/foto.aspx?c=2446720,2446720,11127947,981300,subst,00000000-0000-0001-0000-000002486384,,11127947,,,,,,,,
3,(HLA ALICANTE) A. JORDA RODRIGUEZ: Sustitución (Entra a pista),2,10:00,,,,1,https://imagenes.feb.es/foto.aspx?c=1676991,1676991,10901171,979989,subst,00000000-0000-0002-0000-000002486384,,10901171,,,,,,,,
2,Comienzo del Cuarto 1,,10:00,,,,1,,,,,period,1,0,,,,,,,,,
1,(HLA ALICANTE) K. LARSEN: Sustitución (Entra a pista),2,10:00,,,,1,https://imagenes.feb.es/foto.aspx?c=2433482,2433482,10901175,979989,subst,00000000-0000-0002-0000-000002486384,,10901175,,,,,,,,
