PLAYER_ID,PLAYER_NAME,TEAM,POSITION,ROLE_NAME,MIN,PTS,eFG%,TS%,TOV%,ORB%,FTr,USG%,AST%,STL%,BLK%,2PT%,3PT%,FT%,DRB%,3PAr
1251001,C. Diaz,MELILLA CIUDAD DEL DEPORTE,PG,Offensive Engine,483.2,167.0,54.4,50.5,21.4,3.4,49.3,20.1,24.8,1.9,0.0,34.6,31.0,88.1,6.9,42.6
1253254,A. Muñoz,SÚPER AGROPAL PALENCIA,SF,3&D Wing,275.6,106.0,69.4,53.4,5.7,5.1,23.3,18.0,8.2,1.6,0.7,45.7,34.5,81.0,13.4,61.1
1285873,M. Torres,HLA ALICANTE,PG,High Volume Scorer,545.0,229.0,64.5,58.1,13.6,3.8,42.8,20.5,24.0,1.5,0.2,46.9,38.6,81.7,7.1,42.2
1382456,V. Arteaga,HESTIA MENORCA,C,Traditional Center,274.6,114.0,55.5,58.8,21.8,13.8,41.5,22.0,2.0,0.6,2.5,55.6,0.0,70.6,16.5,1.2
1382710,I. Cruz,MELILLA CIUDAD DEL DEPORTE,PF,Stretch Big,300.6,160.0,69.0,59.6,14.6,9.7,9.3,23.7,21.2,1.0,0.2,50.6,46.2,83.3,33.2,40.3
1384223,A. Martin,GRUPO CAESA SEGUROS FC CARTAGENA CB,PG,Offensive Engine,399.0,106.0,59.5,43.9,25.3,2.5,34.3,19.5,34.6,2.9,0.0,41.7,24.6,66.7,9.6,54.3
1442713,P. Hernandez,GRUPO ALEGA CANTABRIA,SF,High Volume Scorer,430.8,147.0,69.3,56.7,14.5,3.5,20.2,17.0,8.2,0.9,0.1,40.4,41.8,87.5,10.6,56.3
1447983,M. Motos,INVEREADY GIPUZKOA,SG,3&D Wing,303.8,55.0,62.9,45.0,21.8,6.7,12.1,12.3,11.8,2.3,0.0,48.1,25.8,71.4,14.0,53.4
1491674,G. Coll,LEYMA CORUÑA,SF,Shooter Specialist,468.2,181.0,84.8,64.4,5.4,7.7,34.4,14.3,6.7,2.2,0.1,59.3,42.1,69.0,15.2,77.9
1509876,A. Aramburu,FIBWI MALLORCA BASQUET PALMA,PF,3&D Wing,666.5,192.0,67.5,55.9,14.5,6.8,51.4,14.4,10.5,2.8,1.4,57.8,31.6,58.3,22.1,40.7
1517914,S. Garcia Calvo,MOVISTAR ESTUDIANTES,PG,Offensive Engine,300.1,88.0,69.6,55.6,25.4,4.8,33.3,17.5,25.8,2.0,0.4,44.8,37.5,73.9,15.3,58.0
1541543,J. Diaz,LEYMA CORUÑA,SF,Shooter Specialist,347.5,163.0,84.9,73.5,6.7,7.1,10.4,15.4,6.0,1.8,0.7,64.6,51.7,100.0,18.7,54.7
1572466,R. Vila,GRUPO URETA TIZONA BURGOS,C,Stretch Big,490.8,209.0,63.9,61.8,13.8,10.1,34.0,18.3,10.9,1.1,0.5,60.6,35.0,68.0,11.5,13.6
1591996,J. Carralero,PALMER BASKET MALLORCA PALMA,PF,3&D Wing,402.1,138.0,58.6,51.9,14.8,8.7,47.3,18.3,10.6,1.3,2.3,42.9,29.8,80.8,10.0,42.7
1593686,A. Urdiain,PALMER BASKET MALLORCA PALMA,SF,3&D Wing,392.5,130.0,68.1,48.5,8.8,4.1,28.6,17.8,4.1,1.4,0.0,41.0,31.2,67.6,14.5,67.2
1625687,R. Seoane,GRUPO URETA TIZONA BURGOS,SF,3&D Wing,453.1,141.0,60.3,50.3,14.6,5.9,16.0,16.7,7.3,1.4,0.3,40.0,37.5,85.7,15.1,42.7
1662155,R. Cosialls Borras,ALIMERKA OVIEDO BALONCESTO,PF,Stretch Big,434.8,113.0,64.9,61.1,19.9,17.2,56.8,12.1,12.9,2.0,0.6,58.3,42.9,59.5,18.6,18.9
1676845,D. Alderete,GRUPO ALEGA CANTABRIA,SF,3&D Wing,274.7,45.0,61.6,45.8,10.9,10.8,32.6,9.7,6.8,2.5,0.0,54.2,21.1,50.0,19.1,44.2
1676991,A. Jorda,HLA ALICANTE,SF,High Volume Scorer,414.8,174.0,73.7,59.4,12.5,2.1,12.2,19.7,13.7,1.3,0.0,46.4,42.2,100.0,6.9,59.7
1677841,P. Cordoba,MELILLA CIUDAD DEL DEPORTE,SG,3&D Wing,474.4,167.0,59.2,48.9,12.3,7.4,26.1,18.9,13.9,2.8,0.1,47.9,27.1,72.5,11.5,38.6
1688669,J. Feliu,PALMER BASKET MALLORCA PALMA,SG,3&D Wing,253.8,84.0,65.5,49.9,13.4,6.5,31.1,18.3,9.0,3.0,0.0,51.4,28.2,65.2,9.6,52.7
1702420,J. Peris,CAJA RURAL CB ZAMORA,SG,High Volume Scorer,450.6,299.0,66.9,58.8,14.5,1.6,40.3,29.7,20.2,2.5,0.1,50.5,34.3,90.8,12.6,48.6
1710454,D. Manchon,FLEXICAR FUENLABRADA,SG,Lead Guard,646.3,269.0,66.6,54.7,14.6,1.8,30.4,21.4,16.0,3.8,0.1,55.3,34.1,54.5,10.8,39.2
1715117,E. Vicedo,HESTIA MENORCA,C,Shooter Specialist,482.0,173.0,78.0,58.0,8.6,4.3,9.8,16.6,3.6,1.4,0.6,60.4,36.8,71.4,22.3,66.4
1749125,A. Zubizarreta,INVEREADY GIPUZKOA,PG,Offensive Engine,254.7,71.0,62.1,49.8,25.2,4.7,33.9,18.1,21.0,1.1,0.3,51.7,21.2,95.2,9.7,53.2
1750421,X. Oroz,SÚPER AGROPAL PALENCIA,PG,3&D Wing,368.7,66.0,62.3,47.0,19.5,6.1,18.5,11.1,14.4,2.8,0.2,52.9,22.6,75.0,15.8,47.7
1759354,G. Egun,PALMER BASKET MALLORCA PALMA,C,Rolling Big,365.9,64.0,58.7,49.8,20.9,10.7,53.8,10.6,9.9,0.9,0.8,53.3,42.9,25.0,16.1,13.5
1766217,A. Comendador,PALMER BASKET MALLORCA PALMA,PF,Stretch Big,311.4,106.0,63.2,63.5,15.2,8.7,51.5,15.0,9.0,1.0,1.8,60.0,37.5,71.4,16.4,11.8
1778999,I. Vazquez,CLOUD.GAL OURENSE BALONCESTO,PG,Lead Guard,443.3,177.0,63.1,51.8,11.4,6.3,33.6,20.0,28.9,3.3,0.4,51.7,29.0,66.0,14.9,41.6
1787348,A. Parrado,GRUPO URETA TIZONA BURGOS,PF,Offensive Engine,491.8,235.0,56.2,45.5,18.1,9.1,41.7,29.4,15.1,1.9,0.3,40.2,28.6,60.4,23.4,41.7
1787363,G. Jofresa,GRUPO URETA TIZONA BURGOS,SG,High Volume Scorer,450.6,243.0,69.2,55.4,12.0,3.5,35.3,25.4,12.4,2.6,0.1,43.7,34.5,86.6,14.5,62.6
1808439,G. Gil,GRUPO URETA TIZONA BURGOS,PF,3&D Wing,408.5,124.0,62.9,45.2,14.4,7.1,24.2,18.1,12.5,2.4,0.3,48.1,24.3,70.0,17.1,56.5
1821694,G. Martinez,GRUPO ALEGA CANTABRIA,SG,Offensive Engine,498.9,161.0,67.7,51.6,18.8,5.1,24.1,18.6,20.4,1.9,0.3,41.1,35.3,73.5,14.6,60.3
1822814,G. Maiza,INVEREADY GIPUZKOA,PG,High Volume Scorer,430.8,152.0,69.5,52.4,17.1,2.7,24.4,19.5,22.3,0.9,0.3,42.2,33.7,84.4,6.3,65.6
1836771,A. Galan,MONBUS OBRADOIRO,PF,Shooter Specialist,455.9,172.0,72.2,62.9,10.5,2.7,38.5,15.6,8.4,1.6,1.0,60.9,35.8,82.2,13.6,45.3
1843906,A. Scariolo,FIBWI MALLORCA BASQUET PALMA,PG,Offensive Engine,293.4,107.0,51.1,48.3,19.6,2.8,40.4,22.6,26.9,2.4,0.4,41.4,29.2,73.7,12.9,25.5
1848359,I. Diop Gaye,LEYMA CORUÑA,C,Traditional Center,462.3,202.0,63.0,59.1,17.0,11.5,46.5,20.0,6.8,1.7,2.3,62.4,15.2,77.3,22.1,23.2
1853585,A. Ribes,ALIMERKA OVIEDO BALONCESTO,C,Stretch Big,374.1,164.0,66.4,64.0,21.9,11.3,44.9,19.9,6.6,2.1,0.8,62.9,50.0,56.2,25.6,9.3
1869378,U. Mendicote,HLA ALICANTE,SF,Stretch Big,357.3,125.0,63.0,58.4,7.8,7.8,72.8,15.8,6.9,1.8,0.2,54.4,33.3,66.1,13.1,29.6
1875914,A. Sola,HESTIA MENORCA,SF,3&D Wing,602.8000000000001,134.0,69.7,58.1,7.2,8.2,37.4,10.1,8.9,1.8,0.0,51.0,38.0,73.0,18.0,50.5
1878729,J. Isima,MELILLA CIUDAD DEL DEPORTE,PF,3&D Wing,307.3,84.0,70.5,48.3,17.1,2.3,10.8,15.9,10.0,2.0,1.2,42.3,33.3,55.6,16.4,68.7
1879609,A. Alonso,GRUPO URETA TIZONA BURGOS,SF,Shooter Specialist,271.4,74.0,76.2,52.8,15.7,8.3,25.4,14.0,13.2,2.3,0.2,73.7,27.3,62.5,16.5,69.8
1886852,M. Fernandez,CLOUD.GAL OURENSE BALONCESTO,SG,Stretch Big,258.0,151.0,52.9,55.7,10.0,5.5,71.8,26.8,8.6,1.9,0.0,45.1,33.3,75.7,15.7,20.4
1890908,A. Martinez,CAJA RURAL CB ZAMORA,SF,Stretch Big,503.8,212.0,62.6,64.3,12.2,11.7,77.2,16.8,7.4,1.5,0.8,52.7,43.3,78.9,19.6,24.4
1923881,A. Domenech,GRUPO CAESA SEGUROS FC CARTAGENA CB,PF,3&D Wing,501.1,160.0,70.2,55.2,11.6,5.1,27.9,15.7,5.0,1.5,1.4,55.4,31.5,80.6,15.3,56.6
1938697,J. Lobo,HESTIA MENORCA,SG,High Volume Scorer,282.0,185.0,77.2,62.7,9.8,2.8,40.8,28.3,15.4,1.4,0.0,50.0,40.0,84.3,3.4,68.0
1947677,T. Naspler,CAJA RURAL CB ZAMORA,PG,Offensive Engine,432.1,92.0,60.1,53.2,37.6,3.9,21.5,14.4,30.4,3.1,0.5,48.1,36.0,76.5,12.7,31.6
1978541,J. Garcia,MELILLA CIUDAD DEL DEPORTE,PG,Offensive Engine,482.3,137.0,64.6,44.4,18.9,1.7,16.0,18.2,28.0,0.9,0.0,38.5,29.3,69.6,7.4,63.9
1978545,R. Lobaco,ALIMERKA OVIEDO BALONCESTO,SG,Shooter Specialist,595.5,260.0,76.9,59.5,11.7,5.9,27.2,18.9,7.2,1.8,0.8,54.0,37.9,79.2,15.0,67.7
1988355,J. Nicolau,INVEREADY GIPUZKOA,C,Stretch Big,468.3,193.0,63.0,64.6,13.8,8.3,67.8,17.8,10.9,1.3,3.2,60.0,80.0,62.8,14.7,4.3
2027826,O. Matulionis,FIBWI MALLORCA BASQUET PALMA,SF,3&D Wing,499.3,146.0,67.0,48.7,10.7,3.1,14.2,16.1,9.8,2.6,0.4,50.0,29.6,70.0,9.1,57.4
2082685,M. Ansorregui,INVEREADY GIPUZKOA,SF,3&D Wing,556.2,197.0,56.4,52.2,6.4,9.4,20.8,17.5,7.5,2.7,0.7,50.0,29.7,77.8,19.0,21.4
2092465,T. Borg,SÚPER AGROPAL PALENCIA,SG,High Volume Scorer,589.8,241.0,77.0,61.4,16.6,2.8,26.1,18.8,13.2,1.7,0.3,52.3,41.4,76.1,8.1,63.1
2138600,A. Huelves Garcia,GRUPO URETA TIZONA BURGOS,,Offensive Engine,320.4,117.0,53.2,45.6,17.9,5.9,35.1,22.3,19.4,2.6,0.0,41.8,20.5,87.2,9.6,39.6
2157874,V. Alves Benite,FLEXICAR FUENLABRADA,SG,High Volume Scorer,622.3,356.0,73.8,60.8,16.3,1.1,30.6,27.0,17.9,1.3,0.1,49.5,41.1,81.0,9.8,58.5
2159336,A. Garuba,GRUPO CAESA SEGUROS FC CARTAGENA CB,SG,3&D Wing,332.7,133.0,63.7,55.0,16.0,7.4,42.2,20.8,12.7,1.8,0.4,58.1,22.5,79.1,12.0,39.2
2219665,F. De Paula,MONBUS OBRADOIRO,C,Traditional Center,466.3,258.0,72.2,73.1,12.4,11.3,51.4,20.2,4.4,1.0,1.7,72.2,0.0,67.6,17.0,0.0
2220063,S. Quintela,MONBUS OBRADOIRO,SG,Lead Guard,410.8,182.0,55.2,53.6,12.4,3.9,42.7,22.0,19.5,6.0,0.0,48.5,22.5,90.2,13.0,28.0
2236015,A. Renfroe,FLEXICAR FUENLABRADA,PG,Offensive Engine,358.5,76.0,59.7,48.2,22.6,3.6,40.3,13.5,32.0,2.2,0.2,32.3,33.3,74.1,15.4,53.7
2274998,R. Johnson,GRUPO ALEGA CANTABRIA,PG,High Volume Scorer,625.3,375.0,66.5,60.4,17.1,1.1,29.1,28.9,27.7,1.8,0.1,53.7,39.8,85.0,7.0,35.6
2275135,P. Garino,MOVISTAR ESTUDIANTES,SF,Shooter Specialist,541.5,244.0,77.3,67.0,9.9,3.4,23.6,18.0,6.6,2.3,0.2,61.0,43.4,92.3,12.3,50.3
2275973,I. Arroyo,INVEREADY GIPUZKOA,PG,High Volume Scorer,507.6,196.0,75.2,58.3,16.0,4.7,25.8,19.0,23.7,1.5,0.3,51.9,37.4,79.5,7.2,65.6
2276415,A. Wintering,SÚPER AGROPAL PALENCIA,PG,Lead Guard,430.6,244.0,60.4,54.6,12.5,5.4,19.4,27.7,26.0,4.0,0.2,53.5,31.4,75.0,14.4,24.8
2325133,T. Mcfadden,HESTIA MENORCA,SG,Lead Guard,343.7,182.0,71.6,51.0,12.3,3.2,26.2,29.6,21.0,3.4,0.0,48.9,30.4,78.6,7.3,71.9
2325671,A. Alonso,GRUPO URETA TIZONA BURGOS,PG,Offensive Engine,346.7,118.0,65.4,58.8,21.8,2.4,54.3,17.0,17.9,2.2,0.0,56.4,34.6,65.9,10.3,32.1
2334516,J. Powell,GRUPO ALEGA CANTABRIA,PG,Offensive Engine,413.4,151.0,64.1,45.0,20.8,2.3,17.3,24.7,25.8,2.8,0.2,39.3,28.0,85.2,6.5,64.1
2334629,J. Paukstè,CAJA RURAL CB ZAMORA,C,Traditional Center,395.5,159.0,49.1,55.5,14.9,13.6,53.4,19.2,1.8,0.4,1.5,49.1,0.0,72.6,25.6,0.0
2335179,J. Van Zegeren,CAJA RURAL CB ZAMORA,C,Traditional Center,379.5,148.0,58.2,56.4,17.1,12.3,43.6,18.6,4.7,0.7,2.9,58.2,0.0,41.7,17.4,0.0
2335424,J. Round,CAJA RURAL CB ZAMORA,SG,Shooter Specialist,334.1,84.0,83.6,66.4,20.2,3.3,20.7,10.6,6.6,1.1,0.7,52.9,46.3,75.0,7.3,70.7
2371461,D. Kravic,MONBUS OBRADOIRO,C,Traditional Center,335.1,161.0,59.5,59.0,12.8,14.0,28.9,21.6,18.1,0.8,1.7,59.5,0.0,48.6,18.0,0.0
2371535,P. Jorgensen,LEYMA CORUÑA,SG,Lead Guard,523.3,295.0,65.4,54.1,7.8,2.8,23.5,25.4,14.9,2.9,0.4,47.8,36.9,72.4,11.3,44.9
2432888,O. Kabir Lo,CAJA RURAL CB ZAMORA,C,Traditional Center,521.4,205.0,57.0,57.1,17.1,6.6,58.0,18.7,4.8,2.0,0.1,56.6,14.3,57.8,15.2,4.9
2433482,K. Larsen,HLA ALICANTE,C,Stretch Big,672.9,407.0,59.4,59.0,7.3,8.5,56.0,27.0,18.7,1.4,1.0,50.5,30.1,87.7,15.1,30.0
2433615,L. Giovannetti,MOVISTAR ESTUDIANTES,SF,Shooter Specialist,365.4,101.0,79.9,63.9,12.2,7.3,22.2,11.9,7.5,2.3,1.0,74.2,34.1,81.2,10.7,56.9
2436780,L. Westermann,MONBUS OBRADOIRO,PG,Offensive Engine,494.3,238.0,68.4,58.0,21.7,3.0,36.2,24.8,38.6,2.8,0.0,48.4,40.5,71.9,13.0,47.5
2446696,G. Kande,GRUPO ALEGA CANTABRIA,C,Traditional Center,426.2,142.0,63.4,64.2,14.7,7.9,32.0,14.7,3.7,0.3,1.3,63.5,0.0,64.5,17.1,1.0
2446720,F. Zurbriggen,HESTIA MENORCA,PG,Shooter Specialist,412.9,212.0,75.9,71.3,10.3,3.3,69.3,20.2,31.4,1.8,1.3,69.0,37.2,83.5,21.8,37.7
2451278,D. Poirier,MELILLA CIUDAD DEL DEPORTE,,Stretch Big,314.0,171.0,69.1,65.1,18.6,6.2,32.2,24.0,10.3,0.5,1.1,58.3,48.4,75.7,33.8,27.0
2452677,J. Cremo,LEYMA CORUÑA,SG,High Volume Scorer,520.0,265.0,63.6,55.6,10.5,5.0,35.4,23.0,16.5,1.5,0.1,39.4,38.2,90.4,8.9,49.5
2481151,B. Lugarini,GRUPO ALEGA CANTABRIA,,3&D Wing,297.1,81.0,56.7,45.7,18.4,4.5,41.3,17.9,7.2,0.7,0.4,37.5,28.6,67.7,19.6,46.7
2524084,R. Andersson,MONBUS OBRADOIRO,PF,Shooter Specialist,382.2,131.0,83.5,64.1,10.5,6.1,45.9,14.0,4.1,1.2,1.9,82.6,33.9,76.9,13.7,72.9
2524267,Y. Barrueta,MONBUS OBRADOIRO,SF,Shooter Specialist,521.9,266.0,80.6,62.3,4.9,7.0,17.7,20.1,7.3,0.8,0.1,59.0,40.1,82.9,15.4,69.2
2525411,E. Robinson,GRUPO CAESA SEGUROS FC CARTAGENA CB,C,Rolling Big,364.9,85.0,51.3,47.7,23.9,11.1,42.7,15.4,5.2,1.0,0.9,48.6,40.0,34.4,22.0,6.7
2528063,D. Brito,MONBUS OBRADOIRO,SF,3&D Wing,421.9,165.0,69.9,53.8,10.5,5.1,25.4,19.0,14.0,2.9,0.5,61.2,28.2,65.7,15.3,51.4
2533643,H. Atencia,PALMER BASKET MALLORCA PALMA,PG,Offensive Engine,498.0,243.0,59.7,47.8,14.8,1.2,28.3,28.0,28.3,1.9,0.1,40.9,27.6,89.1,7.4,51.3
2533871,I. Jakovics,SÚPER AGROPAL PALENCIA,PG,High Volume Scorer,556.5,281.0,74.8,58.1,11.0,2.3,42.2,23.0,20.6,2.2,0.1,47.5,36.4,77.9,11.3,70.1
2557970,D. Cuevas,LEYMA CORUÑA,PG,Lead Guard,505.7,186.0,62.5,45.5,17.4,4.2,36.9,22.0,40.5,3.8,0.0,39.7,26.9,69.2,12.2,61.4
2583212,L. Bracey,FIBWI MALLORCA BASQUET PALMA,SG,Offensive Engine,628.3,280.0,59.5,50.5,12.3,4.3,34.0,24.1,15.6,2.4,0.1,43.2,29.4,85.4,4.2,45.2
2640663,A. Ngom,INVEREADY GIPUZKOA,C,Traditional Center,378.4,195.0,72.5,72.0,21.9,10.6,74.5,22.0,6.9,0.9,5.2,72.4,25.0,65.8,30.1,3.9
2640789,J. Vrankic,SÚPER AGROPAL PALENCIA,PF,3&D Wing,559.4,296.0,66.7,58.2,4.1,7.0,34.4,22.3,11.1,2.2,1.1,62.0,26.8,69.7,16.7,32.1
2640794,A. Barcello,MONBUS OBRADOIRO,SG,Lead Guard,533.4,311.0,67.0,62.4,7.4,5.8,47.6,23.5,20.6,3.8,0.2,47.5,43.2,86.7,10.0,42.7
2644143,C. Pacheco,LEYMA CORUÑA,PG,High Volume Scorer,465.1,246.0,62.9,55.5,14.0,2.1,32.5,24.9,34.9,1.9,0.1,44.8,39.7,77.8,7.9,40.2
2647156,L. Debaut,MELILLA CIUDAD DEL DEPORTE,C,Stretch Big,294.9,136.0,61.2,60.8,17.1,17.0,58.4,21.1,5.6,1.4,0.8,57.7,36.4,65.4,23.4,12.4
2648543,L. Nwogbo,MOVISTAR ESTUDIANTES,C,Traditional Center,307.2,164.0,55.7,63.8,19.9,10.3,77.1,25.0,7.6,3.0,2.3,55.8,0.0,78.4,19.6,1.0
2650859,S. Littleson,HESTIA MENORCA,SG,High Volume Scorer,602.3,361.0,65.1,55.9,10.0,2.8,18.1,29.1,17.2,1.9,0.0,47.1,38.8,94.4,6.9,43.1
2650871,R. Lisboa,CLOUD.GAL OURENSE BALONCESTO,PG,High Volume Scorer,596.8,297.0,68.5,58.2,13.3,4.1,21.5,22.6,28.5,1.3,0.1,50.8,39.3,86.0,7.1,45.9
2654188,R. Jilorney,CLOUD.GAL OURENSE BALONCESTO,C,Traditional Center,410.9,138.0,50.9,53.4,16.2,11.9,34.8,17.2,3.0,1.3,4.0,50.9,0.0,61.5,29.8,0.0
2662856,F. Schott,HESTIA MENORCA,PF,Traditional Center,265.6,46.0,67.2,62.3,26.0,11.8,62.1,9.3,7.2,1.5,1.6,67.9,0.0,44.4,18.8,3.4
2678649,O. Hanzlik,INVEREADY GIPUZKOA,SF,Shooter Specialist,477.1,180.0,80.5,55.5,3.6,4.6,20.1,17.0,6.0,1.7,0.7,68.0,33.1,76.7,10.8,83.2
2702840,E. Tongjo,HESTIA MENORCA,C,Traditional Center,439.0,155.0,61.8,61.2,13.6,10.4,44.3,16.3,9.8,1.9,1.1,62.1,0.0,57.4,14.1,2.8
2703151,B. De Bisschop,FLEXICAR FUENLABRADA,C,Rolling Big,327.0,97.0,47.3,45.4,13.0,9.5,39.6,17.9,11.8,1.3,1.5,47.2,0.0,36.1,20.5,2.2
2734234,J. Granger,MOVISTAR ESTUDIANTES,PG,High Volume Scorer,451.8,225.0,69.4,54.2,13.0,4.4,26.3,25.4,39.5,1.9,0.1,51.2,33.0,77.6,11.3,57.0
2734242,M. Stilma,MELILLA CIUDAD DEL DEPORTE,PF,Offensive Engine,259.1,90.0,60.6,48.3,23.1,7.7,37.5,21.7,13.0,1.6,0.5,48.8,23.1,76.7,16.6,48.8
2734619,J. Mwema,HLA ALICANTE,SF,Shooter Specialist,421.5,125.0,76.3,57.6,13.6,3.0,26.8,14.7,7.5,2.3,0.1,52.0,34.7,92.3,19.9,74.2
2734873,P. Krutous,MELILLA CIUDAD DEL DEPORTE,SF,Shooter Specialist,319.3,61.0,79.2,60.8,13.7,4.5,10.4,8.5,6.9,0.6,0.0,66.7,36.7,80.0,6.7,62.5
2734949,A. Kunkel,SÚPER AGROPAL PALENCIA,SG,High Volume Scorer,295.1,210.0,70.1,55.8,10.9,4.4,21.5,33.3,11.6,1.6,0.5,51.9,35.5,78.4,9.9,54.1
2734950,M. Nkongolo Kamba,SÚPER AGROPAL PALENCIA,SF,Shooter Specialist,521.4,177.0,79.6,68.0,10.9,8.4,34.5,13.2,9.0,2.5,0.8,71.6,41.3,61.5,18.2,40.7
2735658,C. Hermanson,ALIMERKA OVIEDO BALONCESTO,SF,3&D Wing,351.0,173.0,71.0,48.9,8.8,3.8,21.0,25.1,6.8,1.8,0.2,47.7,29.7,76.5,10.4,72.8
2736183,J. Zidek,GRUPO URETA TIZONA BURGOS,C,Shooter Specialist,350.0,173.0,76.5,64.8,9.5,6.3,36.5,19.3,6.9,1.0,0.4,56.9,42.2,81.0,9.1,55.7
2736303,J. Walker,HLA ALICANTE,,High Volume Scorer,335.5,202.0,71.0,61.5,15.9,3.2,30.3,28.1,20.8,2.7,0.2,49.3,44.3,79.5,10.4,48.3
2736767,M. Diaz,FLEXICAR FUENLABRADA,PG,High Volume Scorer,659.0,328.0,68.5,60.6,17.7,2.0,40.0,23.9,30.1,2.3,0.4,48.8,40.4,84.8,17.9,47.4
2739848,R. Stumbris,MOVISTAR ESTUDIANTES,,3&D Wing,309.1,99.0,65.9,50.7,12.5,4.1,25.0,17.0,9.7,1.2,0.8,52.5,27.1,81.8,10.2,54.5
2781800,S. Mc Donnell,CLOUD.GAL OURENSE BALONCESTO,SF,3&D Wing,627.2,189.0,62.3,52.7,12.7,7.6,35.5,15.0,7.6,2.0,0.5,47.8,33.3,69.1,12.6,40.6
2783882,B. Vazquez,FIBWI MALLORCA BASQUET PALMA,SG,High Volume Scorer,548.5,338.0,75.2,60.2,14.6,1.4,25.8,28.7,9.2,1.8,0.2,55.4,38.4,80.0,5.8,59.9
2785180,J. Cone,HESTIA MENORCA,PG,High Volume Scorer,389.8,177.0,75.9,55.6,20.1,5.0,25.9,25.0,16.0,1.1,0.2,52.5,35.0,73.0,8.8,72.0
2787126,S. Ceccardi,MELILLA CIUDAD DEL DEPORTE,PG,High Volume Scorer,339.9,148.0,69.6,63.4,24.5,1.1,46.4,22.1,31.8,0.9,0.0,50.0,38.8,95.6,13.2,50.5
2788739,L. Smith,FIBWI MALLORCA BASQUET PALMA,C,Traditional Center,403.0,124.0,59.6,56.7,17.4,13.1,37.2,15.8,4.1,1.2,3.1,59.8,0.0,40.0,16.7,2.1
2790189,O. Grullon,MOVISTAR ESTUDIANTES,SG,High Volume Scorer,460.9,268.0,74.1,61.6,11.4,2.0,31.4,25.8,14.2,2.1,0.0,53.6,40.2,81.7,7.7,56.0
2812898,A. Izaw,PALMER BASKET MALLORCA PALMA,C,Traditional Center,338.4,88.0,44.7,46.8,21.7,8.8,53.9,16.8,4.2,3.8,5.1,44.7,0.0,48.8,21.2,0.0
2813562,G. Korsantia,INVEREADY GIPUZKOA,PF,Traditional Center,510.1,237.0,55.4,54.1,17.4,17.1,40.3,25.0,11.2,2.8,0.8,53.8,14.3,73.3,24.1,15.1
2813978,T. Roberts,CAJA RURAL CB ZAMORA,PG,Lead Guard,284.0,213.0,61.9,52.3,15.0,0.8,28.2,36.9,25.3,3.0,0.4,38.7,36.4,88.2,7.5,48.6
2814190,D. Brnovic,LEYMA CORUÑA,SF,Shooter Specialist,283.9,108.0,74.4,58.9,8.0,7.4,39.7,15.8,7.4,1.1,0.0,56.2,37.0,67.7,10.9,59.0
2814207,T. Mcghie,INVEREADY GIPUZKOA,SF,High Volume Scorer,485.1,214.0,75.1,55.6,9.4,1.6,14.4,21.2,6.2,1.3,1.1,50.9,36.3,80.8,10.9,68.5
2814245,S. Thrastarson,CAJA RURAL CB ZAMORA,SF,3&D Wing,497.9,207.0,55.0,53.1,14.1,5.2,47.8,20.5,10.8,1.9,0.7,44.1,34.9,75.3,11.4,26.7
2814246,C. Rogers,CAJA RURAL CB ZAMORA,SG,High Volume Scorer,538.9,265.0,71.3,52.9,12.6,3.2,10.9,23.9,6.2,1.0,0.2,39.0,38.2,80.8,6.7,65.7
2814904,M. Jackson,GRUPO URETA TIZONA BURGOS,SG,High Volume Scorer,554.3,241.0,70.5,56.9,12.0,2.4,19.5,20.0,19.6,2.0,0.2,43.2,43.0,71.1,6.5,54.9
2814906,F. Terins,GRUPO URETA TIZONA BURGOS,PG,High Volume Scorer,337.2,145.0,78.4,64.8,24.8,4.3,35.1,20.5,25.0,1.7,0.4,48.5,43.8,85.3,12.0,66.0
2814907,J. Brown-Ferguson,GRUPO URETA TIZONA BURGOS,C,Traditional Center,375.7,147.0,74.1,73.2,18.6,12.5,54.3,15.1,4.5,1.1,3.1,74.1,0.0,61.4,19.7,0.0
2815072,S. Salin,MOVISTAR ESTUDIANTES,SG,High Volume Scorer,401.5,189.0,78.9,58.0,7.9,2.3,24.5,21.1,12.0,1.2,0.2,48.4,37.1,83.3,10.6,78.9
2815273,N. Camacho,PALMER BASKET MALLORCA PALMA,SF,3&D Wing,439.8,148.0,61.7,48.4,10.5,10.2,53.2,18.4,5.0,0.8,0.1,47.5,25.4,63.6,16.2,50.8
2815325,G. Parham II,ALIMERKA OVIEDO BALONCESTO,PG,High Volume Scorer,609.1,299.0,65.9,53.5,14.7,2.4,25.9,24.5,18.5,1.0,0.1,50.8,31.2,83.1,9.9,49.8
2815798,A. Thiam,LEYMA CORUÑA,C,Stretch Big,413.8,177.0,53.6,57.6,11.5,13.8,23.7,18.9,4.3,2.2,0.9,52.9,100.0,84.8,22.4,0.7
2815820,J. Yu,GRUPO ALEGA CANTABRIA,C,Stretch Big,432.6,186.0,58.2,65.5,20.2,9.7,105.2,19.7,8.4,0.5,1.6,57.1,15.4,82.4,21.7,13.4
2816796,I. Stone,GRUPO CAESA SEGUROS FC CARTAGENA CB,SF,3&D Wing,479.3,203.0,66.6,54.0,11.3,3.6,30.1,21.3,8.4,2.0,0.1,55.9,30.1,66.0,12.4,44.0
2816849,S. Svejcar,GRUPO CAESA SEGUROS FC CARTAGENA CB,SG,High Volume Scorer,533.7,213.0,65.9,53.9,15.0,2.8,32.4,20.9,11.4,1.4,0.0,40.3,36.5,82.1,6.2,55.5
2817123,D. John Geu,HLA ALICANTE,PF,3&D Wing,398.2,149.0,67.1,57.2,10.3,8.6,25.6,17.7,5.1,1.2,0.5,54.3,36.2,73.3,19.9,40.2
2818075,L. Capalbo,FIBWI MALLORCA BASQUET PALMA,PG,Lead Guard,494.6,231.0,74.0,60.2,19.3,2.6,19.2,22.9,35.6,2.9,0.0,67.0,32.5,67.6,10.6,45.2
2818672,M. Armus,SÚPER AGROPAL PALENCIA,C,Rolling Big,483.1,129.0,49.6,47.4,21.8,16.1,41.7,16.9,5.7,1.9,0.6,49.6,0.0,35.4,21.7,1.7
2818741,J. Vaulet,MOVISTAR ESTUDIANTES,PF,Stretch Big,362.1,185.0,66.5,62.2,15.9,8.5,45.2,23.4,4.7,1.0,1.6,63.6,28.0,67.9,20.0,20.2
2818742,T. Mc Grew,MOVISTAR ESTUDIANTES,PF,Shooter Specialist,525.5,202.0,70.8,58.0,10.3,6.8,38.3,17.8,12.6,0.9,1.9,56.8,34.7,70.2,18.8,50.3
2819191,M. Jahhad Heron,SÚPER AGROPAL PALENCIA,SG,High Volume Scorer,465.9,264.0,66.7,58.6,18.2,3.5,31.3,27.5,9.2,1.6,0.1,54.0,37.8,74.2,7.2,37.4
2819218,D. Kristensen,CAJA RURAL CB ZAMORA,,Rolling Big,253.7,31.0,52.1,51.4,28.5,5.8,58.3,7.5,3.6,0.4,0.2,47.6,33.3,57.1,8.7,12.5
2819257,P. Bombino,FIBWI MALLORCA BASQUET PALMA,C,Traditional Center,547.7,275.0,53.7,58.0,19.4,9.7,61.0,25.8,13.9,2.1,1.1,53.8,0.0,65.8,19.0,0.5
2819327,G. Kalscheur,CLOUD.GAL OURENSE BALONCESTO,SG,High Volume Scorer,589.1,297.0,67.3,56.8,13.8,3.4,33.3,23.7,13.2,1.4,0.3,46.8,36.8,84.2,8.7,51.3
2819330,C. Okanu,CLOUD.GAL OURENSE BALONCESTO,C,Traditional Center,381.3,202.0,55.0,60.0,13.8,15.0,66.9,23.5,6.0,1.1,1.9,55.0,0.0,69.0,18.3,0.8
2819332,D. Seixas,CLOUD.GAL OURENSE BALONCESTO,PF,3&D Wing,271.4,74.0,61.9,48.5,16.4,3.0,31.3,15.5,7.8,1.2,0.0,41.7,35.5,52.4,12.6,46.3
2819335,C. Jürgens,CLOUD.GAL OURENSE BALONCESTO,PG,Lead Guard,308.6,120.0,51.7,43.4,8.0,6.1,39.0,22.4,15.6,3.3,1.3,46.5,15.6,54.3,11.3,27.1
2819338,K. Smith,CLOUD.GAL OURENSE BALONCESTO,,3&D Wing,389.9,131.0,70.3,54.6,11.8,7.5,7.8,16.0,7.0,2.1,1.2,47.4,42.4,22.2,12.2,50.9
2819514,F. Nwaokorie,ALIMERKA OVIEDO BALONCESTO,PF,3&D Wing,579.2,180.0,70.1,47.4,8.7,6.6,27.8,16.3,4.0,1.8,1.1,61.1,24.3,63.8,12.9,68.0
2820135,V. Faverani,GRUPO CAESA SEGUROS FC CARTAGENA CB,C,Stretch Big,479.3,248.0,68.7,65.3,18.5,7.6,51.0,23.2,5.9,1.1,1.6,61.3,34.7,84.8,26.8,31.6
2820270,N. Galette,HESTIA MENORCA,PF,Shooter Specialist,333.3,107.0,76.5,58.4,12.4,9.8,17.6,15.3,7.2,2.7,0.6,60.0,38.0,53.3,17.3,58.8
2820629,J. Perez Perez,GRUPO ALEGA CANTABRIA,,High Volume Scorer,253.9,136.0,72.7,65.8,16.2,3.8,39.8,23.3,24.8,2.5,1.0,50.0,50.0,80.0,14.9,45.5
2820727,J. Kasibabu,FLEXICAR FUENLABRADA,PF,Stretch Big,511.3,203.0,61.2,59.7,19.8,9.9,72.1,19.9,7.9,1.1,1.1,57.9,27.3,65.6,16.2,17.1
2820728,J. Belemene-Dzabatou,FLEXICAR FUENLABRADA,SF,3&D Wing,538.0,130.0,65.8,47.7,9.9,5.8,30.8,13.5,6.5,2.5,1.3,48.1,29.4,54.1,13.8,56.7
2820729,P. Rigot,FLEXICAR FUENLABRADA,SF,3&D Wing,387.6,137.0,68.9,55.3,9.5,3.7,26.1,16.9,2.8,0.4,0.0,45.8,36.5,82.8,9.5,56.8
2821058,J. Bocca,FIBWI MALLORCA BASQUET PALMA,,3&D Wing,437.3,93.0,70.1,46.3,17.3,3.8,20.7,13.3,7.4,3.0,0.3,43.5,29.0,68.4,4.5,75.0
2822575,D. Duscak,ALIMERKA OVIEDO BALONCESTO,PG,Offensive Engine,507.7,171.0,65.9,50.1,17.0,3.1,40.0,18.4,29.0,3.3,0.0,35.2,34.1,69.0,8.6,62.8
2822578,D. Shelist,ALIMERKA OVIEDO BALONCESTO,C,Shooter Specialist,452.2,166.0,74.3,63.9,17.2,7.1,29.6,15.8,7.1,1.7,0.6,70.0,31.1,76.5,14.7,39.1
2836470,T. Richardson,HLA ALICANTE,,3&D Wing,350.6,103.0,61.3,48.5,13.8,3.3,21.6,17.0,15.2,1.8,0.7,53.4,23.1,66.7,19.1,40.2
2839186,M. Townes,ALIMERKA OVIEDO BALONCESTO,PG,High Volume Scorer,558.5,339.0,64.2,58.8,19.8,3.7,42.4,29.5,29.8,2.1,0.6,49.7,40.7,75.7,20.4,35.4
2843861,D. Radoncic,LEYMA CORUÑA,SF,Shooter Specialist,409.8,186.0,81.1,75.2,19.0,7.0,45.6,16.8,16.2,1.3,0.5,79.5,36.0,74.5,15.9,24.3
2850268,D. Sanadze,PALMER BASKET MALLORCA PALMA,SG,Offensive Engine,394.7,198.0,56.9,48.5,16.7,1.8,29.3,29.2,11.7,1.5,0.2,41.1,29.7,83.0,7.0,40.9
2862296,K. Webster,GRUPO CAESA SEGUROS FC CARTAGENA CB,PG,Lead Guard,370.5,162.0,63.0,48.7,12.6,1.6,24.7,24.8,25.3,3.0,0.0,51.8,26.9,59.5,7.7,44.7
2863891,P. Scrubb,PALMER BASKET MALLORCA PALMA,SG,High Volume Scorer,304.0,174.0,75.0,65.4,16.9,0.8,52.8,24.7,43.6,1.2,1.0,50.0,42.2,86.0,10.1,59.3
2863973,E. Polanco,HLA ALICANTE,SF,High Volume Scorer,258.1,134.0,61.3,63.0,16.5,3.7,75.0,24.4,17.9,0.8,0.2,42.0,43.3,88.3,12.9,37.5
841966,S. Rodríguez,GRUPO ALEGA CANTABRIA,PF,Shooter Specialist,565.7,201.0,70.4,59.9,13.4,4.1,66.2,16.5,12.5,1.9,0.1,54.4,32.9,77.9,17.9,56.2
1197937,A. Chapela,PALMER BASKET MALLORCA PALMA,PG,Offensive Engine,189.9,46.0,57.1,34.6,15.3,1.1,12.7,19.4,29.8,3.3,0.3,19.0,26.2,62.5,12.9,66.7
1241485,J. Martinez,FIBWI MALLORCA BASQUET PALMA,PG,Lead Guard,99.6,11.0,57.4,20.0,22.6,5.2,3.7,17.1,28.0,4.3,0.0,66.7,4.8,0.0,12.7,77.8
1373532,S. Rodriguez,MELILLA CIUDAD DEL DEPORTE,SF,3&D Wing,180.1,84.0,71.5,57.3,14.1,9.3,29.2,22.0,6.6,1.2,0.7,55.9,38.7,52.6,13.2,47.7
1376540,M. Rodriguez,SÚPER AGROPAL PALENCIA,SG,3&D Wing,173.9,62.0,62.3,47.4,7.1,4.3,16.4,19.2,7.1,2.2,0.0,20.0,41.7,70.0,8.7,59.0
1381662,S. Llorente,HLA ALICANTE,PG,High Volume Scorer,135.4,26.0,75.0,52.3,26.6,3.8,8.3,12.1,11.9,1.6,0.0,50.0,33.3,100.0,6.4,75.0
1382607,J. Gonzalez,SÚPER AGROPAL PALENCIA,C,Traditional Center,101.2,21.0,63.6,62.8,26.4,12.5,118.2,10.6,7.2,0.5,0.0,63.6,0.0,53.8,15.7,0.0
1384981,I. Aurrecoechea Alcolado,FLEXICAR FUENLABRADA,,Traditional Center,247.7,138.0,62.5,65.9,17.4,17.6,56.0,24.2,17.2,0.2,0.5,62.7,0.0,72.3,24.3,1.2
1440545,A. Bouzan Cumplido,CAJA RURAL CB ZAMORA,,3&D Wing,22.4,7.0,75.0,47.8,0.0,0.0,50.0,15.6,0.0,0.0,0.0,0.0,40.0,33.3,5.3,83.3
1496030,P. Figueras,HESTIA MENORCA,PG,Offensive Engine,106.1,35.0,56.6,40.4,23.1,2.2,31.6,24.1,36.2,2.1,0.0,41.2,19.0,75.0,7.1,55.3
1525747,J. Lopez,GRUPO CAESA SEGUROS FC CARTAGENA CB,PG,Offensive Engine,75.4,18.0,48.1,31.9,19.9,0.0,19.2,22.8,34.9,0.7,0.0,40.0,9.1,60.0,6.6,42.3
1535344,I. Rosa Pompido,HESTIA MENORCA,,Rolling Big,77.9,16.0,52.3,31.3,19.0,9.4,36.4,19.3,7.8,1.4,0.8,33.3,15.4,50.0,11.9,59.1
1597927,A. Bosch,FIBWI MALLORCA BASQUET PALMA,SF,Rolling Big,0.2,0.0,0.0,0.0,0.0,0.0,0.0,0.0,0.0,0.0,0.0,0.0,0.0,0.0,0.0,0.0
1765084,S. Huguet,CLOUD.GAL OURENSE BALONCESTO,SF,3&D Wing,217.8,55.0,62.5,36.6,9.6,9.1,23.5,17.6,7.4,1.2,0.0,52.0,18.6,31.2,9.0,63.2
1784407,P. Molins,HESTIA MENORCA,PG,Offensive Engine,65.8,7.0,40.0,22.0,30.6,1.9,13.3,16.3,26.2,0.9,1.1,14.3,12.5,100.0,15.1,53.3
1821152,P. Gonzalez Longarela,ALIMERKA OVIEDO BALONCESTO,SG,3&D Wing,86.2,26.0,64.6,45.1,9.4,6.8,45.8,17.0,9.8,3.0,0.7,42.9,23.5,72.7,10.2,70.8
1863291,M. Iglesias,CLOUD.GAL OURENSE BALONCESTO,C,Traditional Center,182.1,81.0,51.8,55.9,13.2,18.5,61.4,20.9,9.9,0.9,0.7,51.9,0.0,71.4,19.3,5.3
1899194,C. Taboada,GRUPO ALEGA CANTABRIA,C,Rolling Big,40.3,3.0,31.2,16.9,31.1,12.8,25.0,15.9,3.9,2.7,0.0,20.0,0.0,50.0,6.7,37.5
1909300,A. Almenta Macias,PALMER BASKET MALLORCA PALMA,,Rolling Big,12.3,4.0,66.7,66.7,40.0,25.3,0.0,19.7,0.0,0.0,0.0,66.7,0.0,0.0,21.0,0.0
1921541,M. Corbera Busqueta,HESTIA MENORCA,,Rolling Big,2.2,0.0,0.0,0.0,100.0,0.0,0.0,20.7,0.0,0.0,0.0,0.0,0.0,0.0,0.0,0.0
1981938,J. Arias Gonzalez,ALIMERKA OVIEDO BALONCESTO,,Shooter Specialist,61.8,26.0,108.3,94.5,6.8,5.9,33.3,10.8,5.6,0.0,0.0,100.0,60.0,100.0,8.4,83.3
1992879,P. Rodriguez Pascual,FLEXICAR FUENLABRADA,,Offensive Engine,27.3,12.0,80.0,51.0,40.5,0.0,40.0,34.5,0.0,1.9,2.2,50.0,37.5,25.0,12.6,80.0
1997161,I. Tamba,HLA ALICANTE,PF,3&D Wing,179.1,53.0,56.4,52.5,13.7,9.4,17.0,15.8,4.9,0.0,2.1,50.0,33.3,75.0,16.1,19.1
1997544,A. Harguindey,GRUPO CAESA SEGUROS FC CARTAGENA CB,SF,3&D Wing,224.4,41.0,61.3,44.0,16.2,4.4,37.5,11.9,7.9,1.2,1.9,42.1,28.6,46.7,10.4,52.5
2008018,O. Siquier,FIBWI MALLORCA BASQUET PALMA,PG,3&D Wing,25.9,5.0,55.6,27.8,0.0,5.1,0.0,16.4,13.4,2.0,0.0,33.3,16.7,0.0,9.4,66.7
2026110,G. Huskic,MONBUS OBRADOIRO,C,Lead Guard,7.6,5.0,50.0,51.2,17.0,0.0,50.0,39.6,36.4,7.5,0.0,50.0,0.0,50.0,21.9,0.0
2032354,H. Lopez,MOVISTAR ESTUDIANTES,C,Traditional Center,99.5,23.0,69.2,58.7,26.3,21.7,115.4,12.9,4.7,0.5,2.6,69.2,0.0,33.3,27.4,0.0
2037865,C. Palomares Calderon,MELILLA CIUDAD DEL DEPORTE,,High Volume Scorer,4.1,3.0,75.0,75.0,0.0,0.0,0.0,19.8,0.0,0.0,0.0,0.0,100.0,0.0,0.0,50.0
2039654,C. Varela Romero,LEYMA CORUÑA,,Offensive Engine,32.4,8.0,78.6,57.1,30.0,3.5,0.0,13.4,21.6,3.2,0.0,50.0,40.0,0.0,6.7,71.4
2070535,R. Vicente Simo,PALMER BASKET MALLORCA PALMA,,Offensive Engine,9.6,0.0,50.0,0.0,25.0,12.5,0.0,19.4,0.0,5.5,0.0,0.0,0.0,0.0,0.0,100.0
2082696,A. Etxeguren,MONBUS OBRADOIRO,C,Shooter Specialist,138.1,39.0,81.0,78.1,16.7,9.3,42.9,10.0,7.4,1.9,0.9,81.0,0.0,55.6,7.0,0.0
2093770,D. Agbelese,PALMER BASKET MALLORCA PALMA,,Rolling Big,60.4,15.0,50.0,49.7,34.7,3.5,58.3,17.8,10.9,0.0,2.2,50.0,0.0,42.9,24.8,0.0
2094445,A. González,MOVISTAR ESTUDIANTES,PF,Traditional Center,249.1,76.0,56.2,61.2,21.5,14.0,66.7,15.5,3.2,1.5,0.3,56.2,0.0,68.8,17.1,0.0
2108616,D. Maseda Soilan,MONBUS OBRADOIRO,,Rolling Big,0.3,0.0,0.0,0.0,0.0,0.0,0.0,0.0,0.0,0.0,0.0,0.0,0.0,0.0,0.0,0.0
2128178,R. Díaz Del Valle,MONBUS OBRADOIRO,,Rolling Big,3.3,0.0,50.0,0.0,0.0,0.0,0.0,13.8,0.0,0.0,0.0,0.0,0.0,0.0,35.7,100.0
2161529,M. Sola Idrisu,MOVISTAR ESTUDIANTES,,Rolling Big,35.2,6.0,66.7,50.0,25.0,0.0,0.0,10.9,4.2,0.0,0.0,0.0,50.0,0.0,13.6,66.7
2166715,F. Diaz Martinez,MOVISTAR ESTUDIANTES,,Rolling Big,1.9,0.0,0.0,0.0,100.0,56.9,0.0,24.8,0.0,0.0,0.0,0.0,0.0,0.0,0.0,0.0
2173109,B. De La Llama Ruiz,GRUPO ALEGA CANTABRIA,,Shooter Specialist,0.8,2.0,100.0,100.0,0.0,0.0,0.0,64.6,-0.0,0.0,0.0,100.0,0.0,0.0,0.0,0.0
2178977,B. Vidarte Cano,FLEXICAR FUENLABRADA,,Rolling Big,24.4,0.0,16.7,0.0,50.0,10.6,0.0,12.0,5.9,0.0,0.0,0.0,0.0,0.0,9.8,33.3
2185034,R. Hernandez Gallardo,CAJA RURAL CB ZAMORA,,3&D Wing,2.2,2.0,50.0,50.0,0.0,0.0,0.0,41.9,0.0,0.0,0.0,50.0,0.0,0.0,0.0,0.0
2186516,O. Gomez Fernandez,SÚPER AGROPAL PALENCIA,,Rolling Big,5.8,0.0,50.0,0.0,33.3,0.0,0.0,24.6,0.0,0.0,0.0,0.0,0.0,0.0,18.9,100.0
2217440,V. Vucetic,SÚPER AGROPAL PALENCIA,C,Stretch Big,119.5,49.0,68.8,65.0,5.0,10.4,40.6,15.7,7.4,0.9,0.0,54.5,50.0,76.9,20.6,31.2
2222612,A. Gomez Fraile,FLEXICAR FUENLABRADA,,Rolling Big,4.9,0.0,0.0,0.0,0.0,0.0,0.0,9.5,0.0,0.0,0.0,0.0,0.0,0.0,40.8,0.0
2223407,A. Diaz Carballo,FLEXICAR FUENLABRADA,,Rolling Big,0.9,0.0,0.0,0.0,0.0,0.0,0.0,0.0,0.0,0.0,0.0,0.0,0.0,0.0,0.0,0.0
2224747,A. Rupérez Vázquez,FLEXICAR FUENLABRADA,,Rolling Big,2.0999999999999996,0.0,0.0,0.0,0.0,0.0,0.0,0.0,0.0,0.0,0.0,0.0,0.0,0.0,0.0,0.0
2261338,C. Arranz Blanco,CAJA RURAL CB ZAMORA,,Rolling Big,1.4,0.0,0.0,0.0,0.0,0.0,0.0,35.0,0.0,0.0,0.0,0.0,0.0,0.0,0.0,0.0
2284278,A. Amon Bystrova,MOVISTAR ESTUDIANTES,,Traditional Center,20.9,7.0,60.0,59.5,14.5,18.3,40.0,15.8,0.0,0.0,0.0,60.0,0.0,50.0,32.8,0.0
2303399,E. Martinez Cendon,INVEREADY GIPUZKOA,,Rolling Big,0.6,0.0,0.0,0.0,0.0,202.0,0.0,0.0,0.0,0.0,0.0,0.0,0.0,0.0,0.0,0.0
2319991,F. Niang,FIBWI MALLORCA BASQUET PALMA,C,3&D Wing,128.79999999999998,37.0,68.8,51.4,7.7,9.9,28.1,14.6,8.2,1.3,1.1,50.0,30.0,77.8,18.5,62.5
2339515,I. Pons Pons,HESTIA MENORCA,,Rolling Big,1.9,0.0,0.0,0.0,100.0,0.0,0.0,26.6,0.0,0.0,0.0,0.0,0.0,0.0,0.0,0.0
2371571,J. Davis,GRUPO CAESA SEGUROS FC CARTAGENA CB,,Offensive Engine,113.7,30.0,36.7,29.3,19.0,1.0,31.1,26.2,25.2,2.3,1.2,33.3,0.0,42.9,10.3,20.0
2433193,M. Speight,MONBUS OBRADOIRO,PG,Offensive Engine,191.0,86.0,68.8,60.2,23.5,5.6,26.6,22.4,23.3,3.7,0.0,37.5,50.0,82.4,13.4,50.0
2446631,P. Adams Ali,FLEXICAR FUENLABRADA,SG,Stretch Big,13.5,9.0,80.0,76.5,0.0,0.0,40.0,21.6,22.6,0.0,5.4,33.3,100.0,50.0,21.2,40.0
2451497,"{'PLAYER_NAME': 'C. Barton', 'TEAM': 'MOVISTAR ESTUDIANTES', 'TEAM_ID': '981431', 'POSITION': 'SG', 'POS_ORDER': 2, 'PHOTO_URL': 'https://imagenes.feb.es/Foto.aspx?c=2451497'}",MOVISTAR ESTUDIANTES,PG,Shooter Specialist,12.1,9.0,100.0,72.6,0.0,0.0,125.0,24.8,53.4,4.4,5.4,100.0,50.0,40.0,17.9,50.0
2482605,K. Lundqvist,MONBUS OBRADOIRO,SF,Shooter Specialist,94.7,57.0,74.3,65.1,17.0,2.8,57.1,25.7,17.4,2.2,2.1,73.9,25.0,70.0,14.0,34.3
2524266,G. Filipovic,MOVISTAR ESTUDIANTES,,Offensive Engine,233.2,100.0,58.1,46.3,11.5,3.3,36.6,25.1,17.0,1.4,0.0,42.6,23.9,79.4,10.5,49.5
2527396,P. Santos Spencer,FIBWI MALLORCA BASQUET PALMA,,3&D Wing,41.9,13.0,65.4,46.8,22.4,3.1,15.4,20.5,8.4,1.3,0.0,66.7,14.3,100.0,20.5,53.8
2532075,N. Hoover,MELILLA CIUDAD DEL DEPORTE,SG,3&D Wing,153.0,50.0,64.2,44.2,11.0,1.4,15.1,19.2,9.3,1.4,0.0,42.9,28.1,62.5,5.3,60.4
2533473,A. Grela Rojas,MONBUS OBRADOIRO,,Offensive Engine,78.8,9.0,38.5,30.5,35.1,0.0,30.8,13.7,16.3,1.4,0.0,14.3,16.7,100.0,14.3,46.2
2559072,P. Suárez Custodio,FLEXICAR FUENLABRADA,,3&D Wing,17.1,3.0,83.3,50.0,0.0,7.7,0.0,8.4,0.0,0.0,0.0,0.0,33.3,0.0,7.9,100.0
2616996,M. N´Guessan,PALMER BASKET MALLORCA PALMA,,Rolling Big,34.099999999999994,6.0,25.0,39.9,21.0,10.4,200.0,13.7,10.3,0.0,6.5,25.0,0.0,50.0,12.9,0.0
2642637,A. Murphy,FLEXICAR FUENLABRADA,C,Shooter Specialist,172.9,81.0,76.7,65.4,4.6,3.8,15.5,18.4,4.2,1.5,0.3,65.7,43.5,55.6,15.8,39.7
2651052,Y. Mencia Hernandez,LEYMA CORUÑA,,Lead Guard,61.6,26.0,56.2,47.2,20.3,7.8,33.3,24.4,2.6,6.8,0.0,52.9,14.3,62.5,26.1,29.2
2734244,T. Munnings,MONBUS OBRADOIRO,SF,Shooter Specialist,114.6,57.0,89.7,79.7,12.3,6.3,11.8,16.4,22.8,2.8,0.0,60.0,63.2,75.0,12.3,55.9
2735928,B. Davison,HLA ALICANTE,,Offensive Engine,16.5,3.0,66.7,50.0,25.0,0.0,0.0,12.6,44.0,3.4,0.0,0.0,50.0,0.0,0.0,66.7
2736363,D. Stolbetskiy,FLEXICAR FUENLABRADA,SF,3&D Wing,81.0,26.0,54.2,49.6,13.2,6.3,20.8,17.8,6.8,0.6,0.0,50.0,25.0,60.0,5.7,16.7
2736779,M. Ayesa,GRUPO CAESA SEGUROS FC CARTAGENA CB,SG,Shooter Specialist,146.4,60.0,88.0,60.0,7.4,5.6,0.0,17.8,4.5,2.5,0.4,75.0,39.1,0.0,6.4,92.0
2738742,S. Ugochukwu,SÚPER AGROPAL PALENCIA,,Traditional Center,204.8,95.0,54.9,57.5,9.8,9.2,33.3,20.8,3.6,1.1,1.3,54.9,0.0,70.8,18.4,1.4
2739841,M. Oillataguerre,LEYMA CORUÑA,,Rolling Big,1.6,0.0,0.0,0.0,100.0,0.0,0.0,27.6,0.0,0.0,0.0,0.0,0.0,0.0,0.0,0.0
2746502,A. Brimah,MOVISTAR ESTUDIANTES,,Traditional Center,131.3,34.0,56.5,61.1,30.1,4.6,47.8,14.1,3.7,0.8,4.9,56.5,0.0,72.7,17.9,0.0
2813563,L. Terry,INVEREADY GIPUZKOA,,Lead Guard,159.0,82.0,58.2,49.3,19.4,3.9,31.5,30.8,12.9,3.1,0.4,52.2,18.5,82.6,7.9,37.0
2814191,M. Braz,LEYMA CORUÑA,PF,Traditional Center,102.4,36.0,53.4,49.9,10.0,12.3,55.2,17.7,1.5,0.5,1.8,53.8,0.0,50.0,13.7,10.3
2814862,S. Peno,MELILLA CIUDAD DEL DEPORTE,,Offensive Engine,95.5,13.0,47.1,34.6,37.0,1.3,23.5,14.5,15.6,0.5,0.0,0.0,30.0,100.0,3.5,58.8
2815271,M. Frierson,PALMER BASKET MALLORCA PALMA,,Shooter Specialist,84.7,32.0,76.9,55.9,0.0,1.3,23.1,16.4,12.2,0.6,0.0,50.0,35.0,83.3,7.0,76.9
2815272,T. Hollowell,PALMER BASKET MALLORCA PALMA,,High Volume Scorer,110.0,50.0,67.3,44.7,11.1,1.0,17.3,27.7,13.8,1.4,0.0,25.0,30.0,88.9,8.0,76.9
2815518,C. Lutete Iv,GRUPO ALEGA CANTABRIA,,3&D Wing,187.9,95.0,66.9,56.2,15.9,4.4,32.4,26.4,12.8,2.0,0.0,51.2,38.7,62.5,23.0,41.9
2816798,S. Thomas,GRUPO CAESA SEGUROS FC CARTAGENA CB,,Offensive Engine,106.4,45.0,56.6,51.0,22.7,3.9,36.8,25.8,26.5,0.5,0.0,55.2,11.1,71.4,9.0,23.7
2816848,A. Kelly,GRUPO CAESA SEGUROS FC CARTAGENA CB,,3&D Wing,179.5,65.0,65.7,57.3,20.9,2.9,25.5,19.0,7.3,1.7,0.7,58.8,29.4,76.9,23.1,33.3
2816854,T. Suokas,GRUPO CAESA SEGUROS FC CARTAGENA CB,,Offensive Engine,131.1,40.0,55.1,43.9,19.4,4.0,38.5,20.6,18.0,0.8,0.5,40.0,21.1,80.0,6.2,48.7
2818653,B. Coulibaly,HLA ALICANTE,C,Traditional Center,239.0,67.0,63.7,64.0,25.6,14.9,70.0,14.3,2.9,2.2,3.6,64.1,0.0,60.7,30.9,2.5
2818866,I. Massoud Rodríguez,PALMER BASKET MALLORCA PALMA,,High Volume Scorer,142.7,46.0,71.4,53.6,12.3,1.5,4.8,16.3,0.0,2.2,0.0,43.8,38.5,100.0,5.4,61.9
2819302,C. Martin,FLEXICAR FUENLABRADA,,Stretch Big,91.5,34.0,52.1,53.3,23.9,10.0,75.0,22.2,10.3,0.6,0.0,35.3,42.9,72.2,21.7,29.2
2819305,L. Nikkarinen,FLEXICAR FUENLABRADA,PG,Offensive Engine,92.4,6.0,34.4,16.9,18.4,1.4,25.0,11.5,12.2,1.1,0.0,0.0,11.1,75.0,5.1,56.2
2820639,D. Addae-Wusu,GRUPO ALEGA CANTABRIA,,Lead Guard,17.5,12.0,66.7,55.8,27.1,6.2,44.4,38.2,0.0,8.7,0.0,40.0,50.0,50.0,0.0,44.4
2822577,F. Copes,ALIMERKA OVIEDO BALONCESTO,SF,3&D Wing,215.1,79.0,56.1,49.3,14.9,4.4,48.5,19.8,10.4,1.7,0.0,43.2,31.8,62.5,20.5,33.3
2825760,S. Hollanders,HLA ALICANTE,,Shooter Specialist,115.9,43.0,78.4,56.1,2.5,3.9,8.1,16.8,5.5,0.5,0.0,63.6,34.6,66.7,14.0,70.3
2838797,L. Menuge,FIBWI MALLORCA BASQUET PALMA,,Shooter Specialist,128.2,42.0,74.2,60.4,2.8,3.1,12.1,13.2,7.8,1.3,0.0,56.2,41.2,75.0,18.4,51.5
2860169,J. Roberts,PALMER BASKET MALLORCA PALMA,PF,Traditional Center,211.3,76.0,58.7,61.6,15.1,13.6,42.3,16.3,10.5,0.5,0.9,58.8,0.0,72.7,20.4,1.9
2862304,C. Polynice,GRUPO CAESA SEGUROS FC CARTAGENA CB,C,3&D Wing,211.5,62.0,55.9,42.3,16.0,5.0,17.6,19.9,6.2,1.0,4.0,47.5,17.9,75.0,23.2,41.2
2862313,S. Barro,LEYMA CORUÑA,C,Traditional Center,202.4,117.0,75.0,78.3,10.8,13.2,87.0,18.7,2.5,1.6,1.3,75.5,0.0,78.7,15.9,1.9
2862573,J. Tate,INVEREADY GIPUZKOA,SF,Lead Guard,236.3,149.0,70.1,63.6,15.2,3.5,21.5,28.2,42.9,2.6,0.0,63.6,36.7,78.3,7.4,28.0
2863857,"{'PLAYER_NAME': 'B. Prepelic', 'TEAM': 'CAJA RURAL CB ZAMORA', 'TEAM_ID': '981125', 'POSITION': 'N/A', 'POS_ORDER': 6, 'PHOTO_URL': 'https://imagenes.feb.es/Foto.aspx?c=2863857'}",CAJA RURAL CB ZAMORA,PF,Rolling Big,8.1,0.0,0.0,0.0,0.0,11.8,0.0,11.0,41.2,0.0,0.0,0.0,0.0,0.0,0.0,0.0
2864599,J. Ezquerra Trelles,MELILLA CIUDAD DEL DEPORTE,,Rolling Big,71.2,9.0,30.0,18.0,35.9,7.4,0.0,24.9,20.2,3.0,0.0,16.7,14.3,0.0,3.9,28.0
2864604,M. Lapornik,GRUPO ALEGA CANTABRIA,SG,Shooter Specialist,83.5,45.0,84.6,71.9,13.8,0.0,46.2,20.8,14.4,2.6,0.8,62.5,44.4,91.7,13.6,69.2
2865599,J. Bergstedt,MELILLA CIUDAD DEL DEPORTE,,Rolling Big,59.8,25.0,43.8,41.4,16.6,12.7,58.3,27.6,9.1,1.8,1.0,36.8,20.0,57.1,22.4,20.8
2865685,M. Ndiaye Niang,MOVISTAR ESTUDIANTES,C,Rolling Big,8.5,0.0,0.0,0.0,0.0,0.0,0.0,5.2,0.0,0.0,0.0,0.0,0.0,0.0,0.0,0.0
2866321,G. Levy,SÚPER AGROPAL PALENCIA,,Rolling Big,14.8,4.0,40.0,40.0,28.6,10.2,0.0,23.4,0.0,0.0,0.0,40.0,0.0,0.0,23.7,0.0
2866764,M. Caicedo,MELILLA CIUDAD DEL DEPORTE,SF,Lead Guard,149.8,57.0,62.5,51.0,12.5,8.1,37.5,19.8,17.1,5.4,0.4,53.6,25.0,66.7,16.1,41.7
2867056,A. Vrabac,CLOUD.GAL OURENSE BALONCESTO,SF,Rolling Big,124.3,31.0,43.1,37.5,16.2,3.7,33.3,18.0,11.9,1.3,1.1,29.6,33.3,50.0,15.4,25.0
2867081,G. Levy,SÚPER AGROPAL PALENCIA,,Traditional Center,4.8,2.0,100.0,100.0,50.0,0.0,0.0,18.8,0.0,0.0,0.0,100.0,0.0,0.0,55.6,0.0
2867402,D. Van Oostrum,GRUPO ALEGA CANTABRIA,SF,Offensive Engine,51.7,13.0,66.7,37.8,28.9,2.7,33.3,22.0,30.4,1.0,0.0,100.0,8.3,80.0,7.4,80.0
2868623,J. Latham Bone,HLA ALICANTE,SF,High Volume Scorer,67.5,38.0,76.7,59.0,8.5,5.1,16.7,25.6,9.8,0.8,0.0,30.0,50.0,40.0,11.2,66.7
2868750,Y. Joseph,HLA ALICANTE,SF,Rolling Big,40.8,13.0,57.7,50.0,27.8,0.0,0.0,21.6,9.8,2.6,0.0,50.0,33.3,0.0,15.5,23.1
