PLAYER_ID,PLAYER_NAME,TEAM_ID,TEAM,POSITION,POS_ORDER,ROLE_NAME,PHOTO_URL,GP,GS,MIN_PG,PTS_PG,ORB_PG,DRB_PG,TRB_PG,AST_PG,STL_PG,BLK_PG,BLKA_PG,TOV_PG,PF_PG,PFD_PG,PLUS_MINUS_PG,PIR_PG,FGM_2_PG,FGA_2_PG,FG2_PCT,FGM_3_PG,FGA_3_PG,FG3_PCT,FTM_PG,FTA_PG,FT_PCT,TS_PCT,EFG_PCT,3PAr,FTr,TOV_PCT,GMSC_PG,ROLE_EFG_PCT,ROLE_TS_PCT,ROLE_TOV_PCT,ROLE_ORB_PCT,ROLE_FTr,ROLE_USG_PCT,PTS,TRB,AST,STL,BLK,TOV,PIR,FGM_2,FGA_2,FGM_3,FGA_3,FTM,FTA,MIN_TOTAL,MIN_SECS_TOTAL
2839186,M. Townes Villar,981124,ALIMERKA OVIEDO BALONCESTO,PG,1,High Volume Scorer,https://imagenes.feb.es/Foto.aspx?c=2839186,22,19,26.5,15.9,0.8,4.3,5.1,3.8,1.0,0.3,0.6,3.4,2.0,4.3,2.5,17.6,3.6,7.4,49.4,1.7,4.2,39.8,3.6,4.8,75.2,58.1,53.1,36.5,41.2,19.7,11.0,64.2,58.8,19.8,3.7,42.4,29.5,350.0,112.0,84.0,23.0,6.0,74.0,387.0,80.0,162.0,37.0,93.0,79.0,105.0,582.9,34971.0
2815325,G. Parham Ii,981124,ALIMERKA OVIEDO BALONCESTO,PG,1,High Volume Scorer,https://imagenes.feb.es/Foto.aspx?c=2815325,26,18,25.8,13.2,0.5,2.1,2.5,2.8,0.5,0.1,0.3,2.1,2.0,2.7,5.6,11.0,2.8,5.6,51.0,1.8,5.3,33.6,2.2,2.7,82.6,54.9,50.7,48.6,24.5,14.7,7.9,65.9,53.5,14.7,2.4,25.9,24.5,343.0,66.0,73.0,13.0,2.0,54.0,287.0,74.0,145.0,46.0,137.0,57.0,69.0,671.1,40257.0
2822575,D. Duscak,981124,ALIMERKA OVIEDO BALONCESTO,PG,1,Offensive Engine,https://imagenes.feb.es/Foto.aspx?c=2822575,26,6,21.1,7.0,0.5,1.5,2.0,3.7,1.3,0.0,0.2,1.5,2.9,4.0,3.5,9.0,0.8,2.2,35.1,1.2,3.7,33.3,1.8,2.6,69.1,50.0,44.4,62.7,44.4,17.2,5.5,65.9,50.1,17.0,3.1,40.0,18.4,183.0,53.0,97.0,34.0,0.0,38.0,235.0,20.0,57.0,32.0,96.0,47.0,68.0,547.8,32854.0
1978545,R. Lobaco Muñoz,981124,ALIMERKA OVIEDO BALONCESTO,SG,2,Shooter Specialist,https://imagenes.feb.es/Foto.aspx?c=1978545,23,20,28.4,12.3,1.3,3.3,4.7,1.2,0.9,0.4,0.0,1.3,2.3,2.5,4.5,12.7,1.5,2.9,52.2,2.5,6.4,38.8,1.9,2.4,78.2,59.6,56.3,68.7,25.7,10.9,9.0,76.9,59.5,11.7,5.9,27.2,18.9,284.0,107.0,27.0,21.0,9.0,29.0,291.0,35.0,67.0,57.0,147.0,43.0,55.0,653.3,39203.0
1821152,P. Gonzalez Longarela,981124,ALIMERKA OVIEDO BALONCESTO,SG,2,3&D Wing,https://imagenes.feb.es/Foto.aspx?c=1821152,12,1,7.4,2.2,0.4,0.6,1.0,0.4,0.4,0.1,0.0,0.3,1.8,0.7,0.4,0.9,0.2,0.6,42.9,0.3,1.5,22.2,0.7,0.9,72.7,43.6,36.0,72.0,44.0,11.8,1.0,64.6,45.1,9.4,6.8,45.8,17.0,26.0,12.0,5.0,5.0,1.0,4.0,11.0,3.0,7.0,4.0,18.0,8.0,11.0,88.3,5293.0
2735658,C. Hermanson,981124,ALIMERKA OVIEDO BALONCESTO,SF,3,3&D Wing,https://imagenes.feb.es/Foto.aspx?c=2735658,24,9,15.8,8.0,0.5,1.2,1.7,0.6,0.6,0.0,0.2,0.7,1.3,1.1,-1.5,4.8,0.9,1.9,45.7,1.7,5.5,30.3,1.2,1.6,76.9,49.2,45.5,74.2,21.9,8.0,4.2,71.0,48.9,8.8,3.8,21.0,25.1,192.0,41.0,15.0,14.0,1.0,17.0,116.0,21.0,46.0,40.0,132.0,30.0,39.0,379.7,22793.0
2822577,F. Copes,981124,ALIMERKA OVIEDO BALONCESTO,SF,3,3&D Wing,https://imagenes.feb.es/Foto.aspx?c=2822577,20,4,10.9,4.0,0.4,1.8,2.2,0.6,0.4,0.0,0.2,0.7,1.5,1.3,-1.2,3.6,1.0,2.2,43.2,0.4,1.1,31.8,1.0,1.6,62.5,49.3,44.7,33.3,48.5,14.9,2.2,56.1,49.3,14.9,4.4,48.5,19.8,79.0,43.0,13.0,7.0,0.0,14.0,72.0,19.0,44.0,7.0,22.0,20.0,32.0,218.3,13107.0
2819514,F. Nwaokorie,981124,ALIMERKA OVIEDO BALONCESTO,PF,4,3&D Wing,https://imagenes.feb.es/Foto.aspx?c=2819514,26,17,24.1,7.2,1.3,2.6,3.9,0.6,0.9,0.4,0.3,0.8,1.7,1.6,1.1,7.1,1.3,2.1,61.1,1.2,4.7,24.8,1.2,1.8,63.8,47.5,44.6,69.1,26.9,9.7,4.9,70.1,47.4,8.7,6.6,27.8,16.3,186.0,101.0,16.0,23.0,10.0,21.0,184.0,33.0,54.0,30.0,121.0,30.0,47.0,627.0,37632.0
1662155,R. Cosialls Borras,981124,ALIMERKA OVIEDO BALONCESTO,PF,4,Stretch Big,https://imagenes.feb.es/Foto.aspx?c=1662155,25,15,18.8,5.4,2.7,2.9,5.6,1.4,0.7,0.2,0.2,1.0,2.5,2.0,4.1,9.7,1.7,2.8,60.0,0.3,0.6,43.8,1.2,1.8,63.0,63.1,61.0,18.6,53.5,18.4,6.1,64.9,61.1,19.9,17.2,56.8,12.1,134.0,141.0,36.0,17.0,5.0,24.0,242.0,42.0,70.0,7.0,16.0,29.0,46.0,469.8,28189.0
1853585,A. Faure Ribes,981124,ALIMERKA OVIEDO BALONCESTO,C,5,Stretch Big,https://imagenes.feb.es/Foto.aspx?c=1853585,25,10,16.7,7.6,1.6,3.4,5.0,0.6,0.7,0.2,0.4,1.5,2.5,1.7,0.6,8.8,2.8,4.5,62.8,0.2,0.5,50.0,1.2,2.1,55.8,63.9,64.0,9.6,41.6,20.4,5.8,66.4,64.0,21.9,11.3,44.9,19.9,189.0,124.0,14.0,18.0,5.0,38.0,221.0,71.0,113.0,6.0,12.0,29.0,52.0,417.9,25079.0
2822578,D. Shelist,981124,ALIMERKA OVIEDO BALONCESTO,C,5,Shooter Specialist,https://imagenes.feb.es/Foto.aspx?c=2822578,26,11,18.9,6.5,1.1,2.3,3.4,0.8,0.6,0.2,0.2,1.0,2.2,1.1,2.2,7.0,1.9,2.8,68.1,0.6,1.8,31.2,1.0,1.3,76.5,62.6,59.6,40.0,28.3,16.7,5.0,74.3,63.9,17.2,7.1,29.6,15.8,169.0,89.0,22.0,15.0,4.0,27.0,181.0,49.0,72.0,15.0,48.0,26.0,34.0,492.1,29522.0
1981938,J. Arias Gonzalez,981124,ALIMERKA OVIEDO BALONCESTO,,6,Shooter Specialist,https://imagenes.feb.es/Foto.aspx?c=1981938,9,0,8.5,3.1,0.4,0.4,0.9,0.2,0.1,0.0,0.0,0.2,1.1,0.4,3.3,3.0,0.3,0.3,100.0,0.7,1.1,60.0,0.4,0.4,100.0,94.9,92.3,76.9,30.8,11.9,2.5,108.3,94.5,6.8,5.9,33.3,10.8,28.0,8.0,2.0,1.0,0.0,2.0,27.0,3.0,3.0,6.0,10.0,4.0,4.0,76.7,4600.0
2813978,T. Roberts,981125,CAJA RURAL CB ZAMORA,PG,1,Lead Guard,https://imagenes.feb.es/Foto.aspx?c=2813978,16,15,20.9,15.5,0.1,1.2,1.4,2.6,1.1,0.1,0.3,2.6,2.1,3.4,1.3,11.1,2.7,6.6,41.0,2.2,6.5,34.6,3.4,3.8,90.0,52.7,46.4,49.8,28.7,14.8,8.3,61.9,52.3,15.0,0.8,28.2,36.9,248.0,22.0,42.0,18.0,2.0,41.0,177.0,43.0,105.0,36.0,104.0,54.0,60.0,333.7,20030.0
1947677,T. Naspler Peraire,981125,CAJA RURAL CB ZAMORA,PG,1,Offensive Engine,https://imagenes.feb.es/Foto.aspx?c=1947677,24,13,19.5,4.0,0.7,2.3,3.0,3.6,1.2,0.2,0.1,2.2,2.7,1.2,-3.8,5.9,1.1,2.5,45.8,0.4,1.1,34.6,0.6,0.9,66.7,50.4,47.6,30.6,24.7,36.4,3.7,60.1,53.2,37.6,3.9,21.5,14.4,95.0,73.0,87.0,28.0,4.0,54.0,141.0,27.0,59.0,9.0,26.0,14.0,21.0,468.0,28072.0
1702420,J. Peris Crespo,981125,CAJA RURAL CB ZAMORA,SG,2,High Volume Scorer,https://imagenes.feb.es/Foto.aspx?c=1702420,25,0,19.4,13.1,0.2,2.1,2.4,2.0,1.0,0.0,0.2,1.8,2.3,3.2,-2.5,12.0,2.4,4.6,52.6,1.5,4.6,33.3,3.7,4.1,90.2,59.7,51.3,49.6,44.3,14.3,8.5,66.9,58.8,14.5,1.6,40.3,29.7,328.0,59.0,50.0,24.0,1.0,46.0,299.0,61.0,116.0,38.0,114.0,92.0,102.0,485.6,29122.0
2814246,C. Rogers,981125,CAJA RURAL CB ZAMORA,SG,2,High Volume Scorer,https://imagenes.feb.es/Foto.aspx?c=2814246,25,20,23.0,11.4,0.6,1.3,2.0,0.8,0.5,0.2,0.2,1.5,2.2,1.1,-2.6,5.7,1.6,3.8,40.6,2.4,6.5,37.7,0.9,1.1,82.1,52.5,50.6,62.8,10.9,12.3,5.3,71.3,52.9,12.6,3.2,10.9,23.9,284.0,49.0,19.0,13.0,5.0,38.0,142.0,39.0,96.0,61.0,162.0,23.0,28.0,575.6,34541.0
2335424,J. Round,981125,CAJA RURAL CB ZAMORA,SG,2,Shooter Specialist,https://imagenes.feb.es/Foto.aspx?c=2335424,22,2,16.6,4.5,0.4,1.0,1.5,0.6,0.4,0.2,0.0,0.8,1.8,0.6,1.5,3.5,0.5,0.9,60.0,1.0,2.0,48.9,0.4,0.6,64.3,69.6,69.2,69.2,21.5,19.3,3.0,83.6,66.4,20.2,3.3,20.7,10.6,99.0,32.0,14.0,9.0,4.0,17.0,78.0,12.0,20.0,22.0,45.0,9.0,14.0,365.6,21925.0
1890908,A. Martinez Clariana,981125,CAJA RURAL CB ZAMORA,SF,3,Stretch Big,https://imagenes.feb.es/Foto.aspx?c=1890908,25,22,21.6,9.3,2.0,3.6,5.6,1.1,0.8,0.3,0.3,1.0,1.0,3.4,-0.2,15.2,2.2,4.0,54.5,0.6,1.2,45.2,3.2,4.0,79.2,65.7,57.6,23.5,76.5,12.0,9.2,62.6,64.3,12.2,11.7,77.2,16.8,232.0,141.0,27.0,20.0,7.0,24.0,379.0,55.0,101.0,14.0,31.0,80.0,101.0,540.9,32457.0
2814245,S. Thrastarson,981125,CAJA RURAL CB ZAMORA,SF,3,3&D Wing,https://imagenes.feb.es/Foto.aspx?c=2814245,25,4,21.3,8.7,0.8,2.1,2.9,1.3,0.7,0.2,0.3,1.4,2.0,2.8,-2.1,8.5,2.2,5.0,43.2,0.6,1.8,36.4,2.4,3.2,75.3,53.0,46.2,26.0,47.9,14.2,5.6,55.0,53.1,14.1,5.2,47.8,20.5,217.0,73.0,32.0,18.0,6.0,34.0,213.0,54.0,125.0,16.0,44.0,61.0,81.0,532.5,31962.0
2863857,B. Prepelic,981125,CAJA RURAL CB ZAMORA,PF,4,Rolling Big,https://imagenes.feb.es/Foto.aspx?c=2863857,2,2,15.6,4.5,1.5,2.0,3.5,1.0,0.0,0.0,0.0,0.0,1.5,2.0,-2.0,6.5,2.0,4.0,50.0,0.0,0.5,0.0,0.5,1.0,50.0,45.5,44.4,11.1,22.2,0.0,3.7,0.0,0.0,0.0,11.8,0.0,11.0,9.0,7.0,2.0,0.0,0.0,0.0,13.0,4.0,8.0,0.0,1.0,1.0,2.0,31.2,1872.0
2432888,O. Lo,981125,CAJA RURAL CB ZAMORA,C,5,Traditional Center,https://imagenes.feb.es/Foto.aspx?c=2432888,25,21,22.3,8.5,1.1,3.0,4.2,0.6,0.8,0.0,0.1,1.6,1.7,2.8,-2.1,9.3,3.2,5.9,54.4,0.0,0.3,14.3,2.0,3.4,57.6,55.4,52.9,4.5,55.2,17.3,5.6,57.0,57.1,17.1,6.6,58.0,18.7,212.0,104.0,16.0,20.0,1.0,40.0,232.0,80.0,147.0,1.0,7.0,49.0,85.0,557.7,33450.0
2335179,J. Van Zegeren,981125,CAJA RURAL CB ZAMORA,C,5,Traditional Center,https://imagenes.feb.es/Foto.aspx?c=2335179,21,11,20.1,7.8,2.0,3.0,5.0,0.5,0.2,1.0,0.3,1.3,2.9,2.0,-1.4,8.6,3.4,5.7,59.2,0.0,0.0,0.0,1.0,2.4,42.0,57.4,59.2,0.0,41.7,16.5,5.7,58.2,56.4,17.1,12.3,43.6,18.6,163.0,106.0,11.0,5.0,21.0,28.0,181.0,71.0,120.0,0.0,0.0,21.0,50.0,422.2,25324.0
2334629,J. Paukstè,981125,CAJA RURAL CB ZAMORA,C,5,Traditional Center,https://imagenes.feb.es/Foto.aspx?c=2334629,24,10,17.1,6.7,1.9,3.8,5.7,0.2,0.2,0.4,0.4,1.0,2.2,2.3,-1.1,9.0,2.4,4.9,49.2,0.0,0.0,0.0,1.9,2.6,72.6,55.4,49.2,0.0,52.5,14.7,5.1,49.1,55.5,14.9,13.6,53.4,19.2,161.0,136.0,4.0,4.0,10.0,25.0,217.0,58.0,118.0,0.0,0.0,45.0,62.0,411.1,24675.0
1440545,A. Bouzan Cumplido,981125,CAJA RURAL CB ZAMORA,,6,3&D Wing,https://imagenes.feb.es/Foto.aspx?c=1440545,3,0,7.5,2.3,0.0,0.3,0.3,0.0,0.0,0.0,0.3,0.0,0.7,0.3,2.7,0.3,0.0,0.3,0.0,0.7,1.7,40.0,0.3,1.0,33.3,47.8,50.0,83.3,50.0,0.0,0.8,75.0,47.8,0.0,0.0,50.0,15.6,7.0,1.0,0.0,0.0,0.0,0.0,1.0,0.0,1.0,2.0,5.0,1.0,3.0,22.4,1341.0
2819218,D. Kristensen,981125,CAJA RURAL CB ZAMORA,,6,Rolling Big,https://imagenes.feb.es/Foto.aspx?c=2819218,24,5,11.5,1.8,0.6,0.9,1.5,0.2,0.2,0.1,0.0,0.5,2.3,0.7,-2.2,0.9,0.7,1.1,59.3,0.0,0.2,25.0,0.4,0.6,60.0,58.5,56.5,12.9,48.4,24.2,0.8,52.1,51.4,28.5,5.8,58.3,7.5,44.0,36.0,6.0,4.0,2.0,12.0,21.0,16.0,27.0,1.0,4.0,9.0,15.0,275.3,16511.0
2185034,R. Hernandez Gallardo,981125,CAJA RURAL CB ZAMORA,,6,3&D Wing,https://imagenes.feb.es/Foto.aspx?c=2185034,2,0,1.1,1.0,0.0,0.0,0.0,0.0,0.0,0.0,0.0,0.0,0.5,0.0,0.5,0.0,0.5,1.0,50.0,0.0,0.0,0.0,0.0,0.0,0.0,50.0,50.0,0.0,0.0,0.0,0.3,50.0,50.0,0.0,0.0,0.0,41.9,2.0,0.0,0.0,0.0,0.0,0.0,0.0,1.0,2.0,0.0,0.0,0.0,0.0,2.2,134.0
2261338,C. Arranz Blanco,981125,CAJA RURAL CB ZAMORA,,6,Rolling Big,https://imagenes.feb.es/Foto.aspx?c=2261338,1,0,1.4,0.0,0.0,0.0,0.0,0.0,0.0,0.0,0.0,0.0,0.0,0.0,-3.0,-1.0,0.0,1.0,0.0,0.0,0.0,0.0,0.0,0.0,0.0,0.0,0.0,0.0,0.0,0.0,-0.7,0.0,0.0,0.0,0.0,0.0,35.0,0.0,0.0,0.0,0.0,0.0,0.0,-1.0,0.0,1.0,0.0,0.0,0.0,0.0,1.4,84.0
2650871,R. Dias Marques Lisboa Santos,981493,CLOUD.GAL OURENSE BALONCESTO,PG,1,High Volume Scorer,https://imagenes.feb.es/Foto.aspx?c=2650871,25,22,24.8,12.3,0.9,1.3,2.2,3.8,0.6,0.0,0.4,1.6,2.2,1.8,-1.4,11.4,2.6,5.2,49.6,1.8,4.4,39.6,1.8,2.1,86.5,58.0,54.1,45.9,21.5,13.1,9.0,68.5,58.2,13.3,4.1,21.5,22.6,307.0,56.0,94.0,16.0,1.0,40.0,284.0,65.0,131.0,44.0,111.0,45.0,52.0,620.0,37189.0
1778999,I. Vazquez Perez,981493,CLOUD.GAL OURENSE BALONCESTO,PG,1,Lead Guard,https://imagenes.feb.es/Foto.aspx?c=1778999,25,3,18.6,7.5,1.0,2.1,3.1,3.2,1.1,0.1,0.1,0.9,2.6,2.6,0.8,9.8,1.8,3.5,51.7,0.8,2.8,30.4,1.4,2.1,67.3,52.5,49.0,44.2,33.3,11.4,6.7,63.1,51.8,11.4,6.3,33.6,20.0,188.0,77.0,79.0,27.0,3.0,23.0,245.0,45.0,87.0,21.0,69.0,35.0,52.0,466.2,27962.0
2819335,C. Jürgens,981493,CLOUD.GAL OURENSE BALONCESTO,PG,1,Lead Guard,https://imagenes.feb.es/Foto.aspx?c=2819335,17,3,19.4,7.1,1.1,1.6,2.6,1.6,1.2,0.4,0.5,1.0,2.1,2.2,1.9,6.2,2.4,5.1,46.0,0.3,2.1,14.3,1.5,2.7,54.3,42.2,38.9,28.7,37.7,10.7,4.6,51.7,43.4,8.0,6.1,39.0,22.4,120.0,45.0,28.0,20.0,6.0,17.0,106.0,40.0,87.0,5.0,35.0,25.0,46.0,329.7,19782.0
2819327,G. Kalscheur,981493,CLOUD.GAL OURENSE BALONCESTO,SG,2,High Volume Scorer,https://imagenes.feb.es/Foto.aspx?c=2819327,25,25,24.2,12.3,0.7,1.6,2.3,1.7,0.6,0.1,0.1,1.7,2.3,3.4,-1.6,10.4,2.2,4.6,47.8,1.8,4.9,35.8,2.6,3.1,84.6,56.6,50.8,51.7,32.8,13.4,7.3,67.3,56.8,13.8,3.4,33.3,23.7,308.0,57.0,43.0,15.0,3.0,42.0,261.0,55.0,115.0,44.0,123.0,66.0,78.0,604.1,36240.0
1886852,M. Fernandez Carballo,981493,CLOUD.GAL OURENSE BALONCESTO,SG,2,Stretch Big,https://imagenes.feb.es/Foto.aspx?c=1886852,22,0,12.6,7.5,0.7,1.5,2.1,0.5,0.5,0.0,0.2,0.7,1.1,2.5,-0.0,7.6,1.8,4.0,44.9,0.4,1.1,33.3,2.8,3.6,77.5,56.0,46.0,21.2,70.8,9.2,5.1,52.9,55.7,10.0,5.5,71.8,26.8,166.0,47.0,12.0,10.0,0.0,15.0,168.0,40.0,89.0,8.0,24.0,62.0,80.0,276.9,16604.0
2781800,S. Mc Donnell,981493,CLOUD.GAL OURENSE BALONCESTO,SF,3,3&D Wing,https://imagenes.feb.es/Foto.aspx?c=2781800,25,24,25.9,7.7,1.7,2.4,4.1,1.3,1.0,0.2,0.3,1.1,2.2,2.6,-0.4,9.1,1.8,3.7,47.3,0.9,2.6,33.3,1.5,2.2,69.1,52.4,48.4,41.5,34.6,12.8,6.0,62.3,52.7,12.7,7.6,35.5,15.0,192.0,103.0,32.0,25.0,5.0,27.0,228.0,44.0,93.0,22.0,66.0,38.0,55.0,647.7,38876.0
2867056,A. Vrabac,981493,CLOUD.GAL OURENSE BALONCESTO,SF,3,Rolling Big,https://imagenes.feb.es/Foto.aspx?c=2867056,7,6,19.7,4.4,0.7,2.1,2.9,1.4,0.6,0.3,0.4,1.4,2.4,2.3,-8.3,3.0,1.1,4.1,27.6,0.4,1.6,27.3,0.9,1.7,50.0,34.2,31.2,27.5,30.0,18.1,1.2,43.1,37.5,16.2,3.7,33.3,18.0,31.0,20.0,10.0,4.0,2.0,10.0,21.0,8.0,29.0,3.0,11.0,6.0,12.0,137.9,8279.0
1765084,S. Huguet Carrasco,981493,CLOUD.GAL OURENSE BALONCESTO,SF,3,3&D Wing,https://imagenes.feb.es/Foto.aspx?c=1765084,23,1,9.9,2.6,0.8,0.7,1.4,0.4,0.2,0.0,0.1,0.4,0.8,0.5,-2.4,1.5,0.6,1.1,53.8,0.4,1.9,20.5,0.2,0.7,31.2,38.9,39.3,62.9,22.9,11.5,1.2,62.5,36.6,9.6,9.1,23.5,17.6,60.0,33.0,10.0,5.0,0.0,10.0,34.0,14.0,26.0,9.0,44.0,5.0,16.0,227.9,13663.0
2819332,D. Saraiva Seixas,981493,CLOUD.GAL OURENSE BALONCESTO,PF,4,3&D Wing,https://imagenes.feb.es/Foto.aspx?c=2819332,23,3,12.4,3.4,0.3,1.3,1.6,0.7,0.3,0.0,0.1,0.7,2.0,1.0,1.2,1.8,0.7,1.7,42.1,0.5,1.6,33.3,0.5,0.9,52.4,47.5,45.9,48.6,28.4,15.3,1.4,61.9,48.5,16.4,3.0,31.3,15.5,79.0,36.0,15.0,7.0,0.0,15.0,41.0,16.0,38.0,12.0,36.0,11.0,21.0,286.1,17145.0
2819330,C. Okanu,981493,CLOUD.GAL OURENSE BALONCESTO,C,5,Traditional Center,https://imagenes.feb.es/Foto.aspx?c=2819330,25,6,15.7,8.4,2.1,2.1,4.2,0.5,0.4,0.4,0.2,1.1,2.8,3.1,-3.4,9.4,3.0,5.4,54.4,0.0,0.0,0.0,2.5,3.7,67.7,59.3,54.0,0.7,67.9,13.6,6.2,55.0,60.0,13.8,15.0,66.9,23.5,211.0,105.0,12.0,9.0,11.0,28.0,235.0,74.0,136.0,0.0,1.0,63.0,93.0,393.6,23606.0
2654188,R. Gill,981493,CLOUD.GAL OURENSE BALONCESTO,C,5,Traditional Center,https://imagenes.feb.es/Foto.aspx?c=2654188,25,19,17.0,5.9,1.7,3.8,5.6,0.3,0.4,1.0,0.3,1.0,3.0,1.5,1.6,7.7,2.4,4.7,52.1,0.0,0.0,0.0,1.0,1.6,61.0,54.4,52.1,0.0,35.0,16.1,4.7,50.9,53.4,16.2,11.9,34.8,17.2,147.0,139.0,7.0,10.0,25.0,26.0,192.0,61.0,117.0,0.0,0.0,25.0,41.0,424.2,25467.0
1863291,M. Iglesias Fernandez,981493,CLOUD.GAL OURENSE BALONCESTO,C,5,Traditional Center,https://imagenes.feb.es/Foto.aspx?c=1863291,17,0,11.6,5.1,1.9,1.8,3.8,0.6,0.2,0.1,0.1,0.6,1.6,1.6,1.5,6.7,1.7,3.4,50.0,0.0,0.2,0.0,1.7,2.4,72.5,55.3,47.5,4.9,65.6,12.3,4.4,51.8,55.9,13.2,18.5,61.4,20.9,87.0,64.0,11.0,3.0,2.0,11.0,114.0,29.0,58.0,0.0,3.0,29.0,40.0,196.4,11785.0
2819338,K. Smith,981493,CLOUD.GAL OURENSE BALONCESTO,,6,3&D Wing,https://imagenes.feb.es/Foto.aspx?c=2819338,21,13,18.6,6.2,1.2,1.7,2.9,0.8,0.7,0.3,0.0,0.8,1.6,0.8,3.0,6.0,1.3,2.7,47.4,1.2,2.8,42.4,0.1,0.4,22.2,54.6,55.6,50.9,7.8,11.8,4.6,70.3,54.6,11.8,7.5,7.8,16.0,131.0,61.0,16.0,15.0,7.0,16.0,126.0,27.0,57.0,25.0,59.0,2.0,9.0,389.9,23402.0
2818075,L. Capalbo,981214,FIBWI MALLORCA BASQUET PALMA,PG,1,Lead Guard,https://imagenes.feb.es/Foto.aspx?c=2818075,22,22,24.5,11.3,0.5,2.1,2.7,4.5,1.4,0.0,0.3,2.5,3.3,3.4,-3.2,12.4,3.1,4.9,63.0,1.3,4.0,33.0,1.1,1.6,69.4,58.5,56.9,44.9,18.4,20.6,8.3,74.0,60.2,19.3,2.6,19.2,22.9,248.0,59.0,100.0,30.0,0.0,55.0,273.0,68.0,108.0,29.0,88.0,25.0,36.0,538.1,32282.0
1843906,A. Scariolo Ares,981214,FIBWI MALLORCA BASQUET PALMA,PG,1,Offensive Engine,https://imagenes.feb.es/Foto.aspx?c=1843906,16,0,13.3,4.5,0.2,1.2,1.5,2.1,0.5,0.1,0.6,1.2,1.2,1.9,-2.0,5.6,1.3,2.8,47.7,0.2,0.9,26.7,1.1,1.6,69.2,51.1,45.8,25.4,44.1,21.2,3.3,51.1,48.3,19.6,2.8,40.4,22.6,72.0,24.0,34.0,8.0,1.0,19.0,90.0,21.0,44.0,4.0,15.0,18.0,26.0,212.6,12750.0
1241485,J. Martinez Cabezudo,981214,FIBWI MALLORCA BASQUET PALMA,PG,1,Lead Guard,https://imagenes.feb.es/Foto.aspx?c=1241485,11,0,10.1,1.3,0.5,0.9,1.4,1.8,0.7,0.0,0.0,1.0,1.6,0.5,-1.7,0.7,0.4,0.6,57.1,0.2,2.1,8.7,0.0,0.1,0.0,23.0,23.3,76.7,3.3,26.5,0.5,57.4,20.0,22.6,5.2,3.7,17.1,14.0,15.0,20.0,8.0,0.0,11.0,8.0,4.0,7.0,2.0,23.0,0.0,1.0,111.2,6669.0
2008018,O. Siquier Costa,981214,FIBWI MALLORCA BASQUET PALMA,PG,1,3&D Wing,https://imagenes.feb.es/Foto.aspx?c=2008018,8,0,3.6,0.6,0.4,0.2,0.6,0.2,0.1,0.0,0.1,0.0,0.5,0.0,0.6,-0.1,0.1,0.6,20.0,0.1,0.9,14.3,0.0,0.0,0.0,20.8,20.8,58.3,0.0,0.0,0.1,55.6,27.8,0.0,5.1,0.0,16.4,5.0,5.0,2.0,1.0,0.0,0.0,-1.0,1.0,5.0,1.0,7.0,0.0,0.0,28.9,1733.0
2783882,B. Vazquez Arraiza,981214,FIBWI MALLORCA BASQUET PALMA,SG,2,High Volume Scorer,https://imagenes.feb.es/Foto.aspx?c=2783882,26,4,23.1,14.0,0.3,1.1,1.3,1.1,0.8,0.1,0.2,2.0,2.5,1.8,-3.8,8.4,2.3,4.2,56.0,2.4,6.2,38.3,2.2,2.7,80.0,60.3,56.8,59.8,25.8,14.5,7.6,75.2,60.2,14.6,1.4,25.8,28.7,364.0,35.0,28.0,22.0,2.0,51.0,219.0,61.0,109.0,62.0,162.0,56.0,70.0,599.6,35975.0
2583212,L. Bracey,981214,FIBWI MALLORCA BASQUET PALMA,SG,2,Offensive Engine,https://imagenes.feb.es/Foto.aspx?c=2583212,26,21,25.5,11.5,0.8,0.8,1.6,2.1,1.1,0.0,0.4,1.6,2.2,3.2,-3.4,9.2,2.5,5.5,45.1,1.3,4.3,29.2,2.8,3.3,84.7,51.1,44.5,44.3,33.3,12.6,6.8,59.5,50.5,12.3,4.3,34.0,24.1,299.0,42.0,55.0,28.0,1.0,42.0,240.0,64.0,142.0,33.0,113.0,72.0,85.0,664.2,39844.0
2027826,O. Matulionis,981214,FIBWI MALLORCA BASQUET PALMA,SF,3,3&D Wing,https://imagenes.feb.es/Foto.aspx?c=2027826,23,17,23.9,6.6,0.6,1.7,2.3,1.3,1.1,0.1,0.1,0.9,2.0,1.2,-3.5,5.3,1.3,2.7,47.6,1.1,3.8,28.4,0.7,1.0,72.7,47.0,44.7,58.3,14.6,11.6,4.2,67.0,48.7,10.7,3.1,14.2,16.1,151.0,53.0,29.0,26.0,3.0,21.0,122.0,30.0,63.0,25.0,88.0,16.0,22.0,549.2,32948.0
1597927,A. Bosch Domingo,981214,FIBWI MALLORCA BASQUET PALMA,SF,3,Rolling Big,https://imagenes.feb.es/Foto.aspx?c=1597927,1,0,0.2,0.0,0.0,0.0,0.0,0.0,0.0,0.0,0.0,0.0,0.0,0.0,0.0,0.0,0.0,0.0,0.0,0.0,0.0,0.0,0.0,0.0,0.0,0.0,0.0,0.0,0.0,0.0,0.0,0.0,0.0,0.0,0.0,0.0,0.0,0.0,0.0,0.0,0.0,0.0,0.0,0.0,0.0,0.0,0.0,0.0,0.0,0.0,0.2,11.0
1509876,J. Aramburu Lamy,981214,FIBWI MALLORCA BASQUET PALMA,PF,4,3&D Wing,https://imagenes.feb.es/Foto.aspx?c=1509876,26,26,27.9,7.8,1.5,4.7,6.1,1.7,1.5,0.5,0.1,1.2,2.2,3.1,-2.6,12.9,2.0,3.5,56.0,0.7,2.4,30.6,1.7,3.0,57.7,54.5,52.0,40.5,51.0,13.8,7.7,67.5,55.9,14.5,6.8,51.4,14.4,204.0,159.0,43.0,39.0,14.0,30.0,336.0,51.0,91.0,19.0,62.0,45.0,78.0,724.9,43500.0
2819257,P. Bombino Parada,981214,FIBWI MALLORCA BASQUET PALMA,C,5,Traditional Center,https://imagenes.feb.es/Foto.aspx?c=2819257,26,25,22.8,11.6,1.6,3.3,4.8,1.6,0.9,0.3,0.2,2.3,3.0,4.0,-5.5,12.7,4.3,7.8,54.7,0.0,0.0,0.0,3.1,4.8,63.5,58.2,54.4,0.5,61.8,19.0,7.9,53.7,58.0,19.4,9.7,61.0,25.8,302.0,126.0,41.0,24.0,9.0,61.0,330.0,111.0,203.0,0.0,1.0,80.0,126.0,591.6,35490.0
2788739,L. Smith,981214,FIBWI MALLORCA BASQUET PALMA,C,5,Traditional Center,https://imagenes.feb.es/Foto.aspx?c=2788739,26,1,16.5,5.1,1.7,2.0,3.7,0.3,0.3,0.9,0.3,1.0,2.3,1.4,-2.6,5.8,2.2,3.9,57.4,0.0,0.1,0.0,0.6,1.5,40.0,54.7,56.3,1.9,38.8,17.7,3.9,59.6,56.7,17.4,13.1,37.2,15.8,132.0,96.0,9.0,9.0,23.0,26.0,151.0,58.0,101.0,0.0,2.0,16.0,40.0,429.0,25730.0
2319991,S. Niang Beye,981214,FIBWI MALLORCA BASQUET PALMA,C,5,3&D Wing,https://imagenes.feb.es/Foto.aspx?c=2319991,10,0,15.6,4.8,1.3,2.2,3.5,0.8,0.4,0.2,0.1,0.3,1.7,1.0,0.1,6.0,0.8,1.5,53.3,0.8,2.5,32.0,0.8,1.1,72.7,53.5,50.0,62.5,27.5,6.3,4.2,68.8,51.4,7.7,9.9,28.1,14.6,48.0,35.0,8.0,4.0,2.0,3.0,60.0,8.0,15.0,8.0,25.0,8.0,11.0,156.2,9363.0
2838797,L. Menuge,981214,FIBWI MALLORCA BASQUET PALMA,,6,Shooter Specialist,https://imagenes.feb.es/Foto.aspx?c=2838797,10,0,12.8,4.2,0.3,1.8,2.1,0.6,0.3,0.0,0.1,0.1,1.5,0.4,-4.5,4.2,0.9,1.6,56.2,0.7,1.7,41.2,0.3,0.4,75.0,60.4,59.1,51.5,12.1,2.8,3.3,74.2,60.4,2.8,3.1,12.1,13.2,42.0,21.0,6.0,3.0,0.0,1.0,42.0,9.0,16.0,7.0,17.0,3.0,4.0,128.2,7693.0
2821058,J. Bocca,981214,FIBWI MALLORCA BASQUET PALMA,,6,3&D Wing,https://imagenes.feb.es/Foto.aspx?c=2821058,24,14,19.8,3.9,0.6,0.8,1.3,0.9,1.1,0.1,0.2,1.0,2.5,1.0,-4.3,1.9,0.4,1.0,43.5,0.8,3.0,27.8,0.5,0.8,68.4,45.0,42.1,75.8,20.0,18.2,1.9,70.1,46.3,17.3,3.8,20.7,13.3,93.0,32.0,21.0,26.0,2.0,23.0,45.0,10.0,23.0,20.0,72.0,13.0,19.0,474.9,28500.0
2527396,P. Santos Spencer,981214,FIBWI MALLORCA BASQUET PALMA,,6,3&D Wing,https://imagenes.feb.es/Foto.aspx?c=2527396,4,0,10.5,3.2,0.2,1.5,1.8,0.5,0.2,0.0,0.2,1.0,2.2,1.0,-1.2,1.5,1.0,1.5,66.7,0.2,1.8,14.3,0.5,0.5,100.0,46.8,42.3,53.8,15.4,22.4,0.8,65.4,46.8,22.4,3.1,15.4,20.5,13.0,7.0,2.0,1.0,0.0,4.0,6.0,4.0,6.0,1.0,7.0,2.0,2.0,41.9,2512.0
2736767,M. Diaz,981525,FLEXICAR FUENLABRADA,PG,1,High Volume Scorer,https://imagenes.feb.es/Foto.aspx?c=2736767,26,22,27.6,13.6,0.4,4.2,4.6,4.4,1.2,0.2,0.2,2.4,2.7,4.3,2.5,17.2,2.3,4.9,47.2,2.0,4.6,42.5,3.1,3.8,82.7,61.0,55.3,48.6,39.7,17.8,10.8,68.5,60.6,17.7,2.0,40.0,23.9,354.0,119.0,115.0,30.0,4.0,63.0,446.0,60.0,127.0,51.0,120.0,81.0,98.0,718.3,43102.0
2236015,G. Renfroe,981525,FLEXICAR FUENLABRADA,PG,1,Offensive Engine,https://imagenes.feb.es/Foto.aspx?c=2236015,17,5,23.4,4.7,0.6,2.9,3.6,4.6,0.9,0.1,0.2,1.5,2.2,1.8,0.4,8.6,0.7,2.1,34.3,0.7,2.2,31.6,1.2,1.6,74.1,47.1,41.1,52.1,37.0,23.4,5.2,59.7,48.2,22.6,3.6,40.3,13.5,80.0,61.0,78.0,16.0,1.0,26.0,147.0,12.0,35.0,12.0,38.0,20.0,27.0,397.5,23836.0
2819305,L. Nikkarinen,981525,FLEXICAR FUENLABRADA,PG,1,Offensive Engine,https://imagenes.feb.es/Foto.aspx?c=2819305,8,0,11.5,0.8,0.1,0.5,0.6,1.0,0.2,0.0,0.0,0.5,2.2,0.8,-2.5,-1.4,0.0,0.9,0.0,0.1,1.1,11.1,0.4,0.5,75.0,16.9,9.4,56.2,25.0,18.4,-0.9,34.4,16.9,18.4,1.4,25.0,11.5,6.0,5.0,8.0,2.0,0.0,4.0,-11.0,0.0,7.0,1.0,9.0,3.0,4.0,92.4,5543.0
2157874,V. Alves Benite,981525,FLEXICAR FUENLABRADA,SG,2,High Volume Scorer,https://imagenes.feb.es/Foto.aspx?c=2157874,24,24,28.4,16.6,0.2,2.5,2.7,2.5,0.6,0.0,0.2,2.4,1.9,3.0,0.9,14.0,2.3,4.8,48.2,3.1,7.2,42.8,2.8,3.4,81.5,61.7,57.8,60.3,28.2,15.0,10.3,73.8,60.8,16.3,1.1,30.6,27.0,398.0,64.0,60.0,15.0,1.0,57.0,335.0,55.0,114.0,74.0,173.0,66.0,81.0,682.4,40936.0
1710454,D. Manchon Crespo,981525,FLEXICAR FUENLABRADA,SG,2,Lead Guard,https://imagenes.feb.es/Foto.aspx?c=1710454,26,25,26.6,10.7,0.4,2.5,2.8,2.2,1.8,0.0,0.6,1.8,2.2,2.5,-2.8,10.3,2.9,5.3,55.1,1.1,3.4,32.6,1.5,2.7,57.1,54.1,52.6,39.2,30.8,15.1,7.6,66.6,54.7,14.6,1.8,30.4,21.4,279.0,74.0,58.0,48.0,1.0,46.0,269.0,76.0,138.0,29.0,89.0,40.0,70.0,691.2,41467.0
2446631,P. Ali,981525,FLEXICAR FUENLABRADA,SG,2,Stretch Big,https://imagenes.feb.es/Foto.aspx?c=2446631,3,0,13.3,5.3,0.0,1.7,1.7,0.3,0.0,0.3,0.0,1.0,1.7,1.0,-5.0,3.3,0.7,2.0,33.3,1.0,2.0,50.0,1.0,1.3,75.0,58.1,54.2,50.0,33.3,17.9,2.4,80.0,76.5,0.0,0.0,40.0,21.6,16.0,5.0,1.0,0.0,1.0,3.0,10.0,2.0,6.0,3.0,6.0,3.0,4.0,39.9,2390.0
2820729,P. Rigot,981525,FLEXICAR FUENLABRADA,SF,3,3&D Wing,https://imagenes.feb.es/Foto.aspx?c=2820729,25,2,16.0,5.6,0.5,1.3,1.8,0.2,0.1,0.0,0.1,0.5,1.2,0.9,-4.4,4.0,0.9,2.0,44.9,1.0,2.6,36.4,1.0,1.2,82.8,54.8,50.4,57.4,25.2,9.2,3.0,68.9,55.3,9.5,3.7,26.1,16.9,140.0,44.0,6.0,3.0,0.0,13.0,99.0,22.0,49.0,24.0,66.0,24.0,29.0,400.1,24005.0
2820728,J. Belemene-Dzabatou,981525,FLEXICAR FUENLABRADA,SF,3,3&D Wing,https://imagenes.feb.es/Foto.aspx?c=2820728,26,11,22.0,5.5,1.0,2.5,3.5,0.8,1.1,0.5,0.1,0.6,2.2,1.7,-0.4,6.3,1.0,2.1,47.3,0.9,2.8,31.1,0.8,1.6,51.2,48.3,46.9,57.4,31.8,9.8,4.3,65.8,47.7,9.9,5.8,30.8,13.5,142.0,90.0,22.0,28.0,12.0,16.0,164.0,26.0,55.0,23.0,74.0,21.0,41.0,573.2,34395.0
2736363,D. Stolbetskiy,981525,FLEXICAR FUENLABRADA,SF,3,3&D Wing,https://imagenes.feb.es/Foto.aspx?c=2736363,19,1,4.9,1.6,0.3,0.4,0.6,0.2,0.1,0.0,0.0,0.3,1.1,0.2,-2.2,0.4,0.6,1.2,52.2,0.1,0.2,25.0,0.2,0.3,60.0,51.4,50.0,14.8,18.5,14.6,0.6,54.2,49.6,13.2,6.3,20.8,17.8,30.0,12.0,3.0,1.0,0.0,5.0,8.0,12.0,23.0,1.0,4.0,3.0,5.0,92.8,5568.0
2820727,J. Kasibabu Shilala,981525,FLEXICAR FUENLABRADA,PF,4,Stretch Big,https://imagenes.feb.es/Foto.aspx?c=2820727,26,18,21.6,8.6,1.6,3.2,4.8,1.0,0.4,0.3,0.2,1.7,2.8,3.2,-1.9,9.8,2.6,4.5,58.1,0.3,1.0,26.9,2.5,3.9,64.7,59.3,54.9,18.2,71.3,18.6,6.0,61.2,59.7,19.8,9.9,72.1,19.9,223.0,124.0,26.0,11.0,9.0,43.0,256.0,68.0,117.0,7.0,26.0,66.0,102.0,560.5,33626.0
2642637,A. Murphy,981525,FLEXICAR FUENLABRADA,C,5,Shooter Specialist,https://imagenes.feb.es/Foto.aspx?c=2642637,7,7,24.7,11.6,0.7,3.3,4.0,0.6,0.7,0.1,0.1,0.4,2.0,2.0,0.4,12.4,3.3,5.0,65.7,1.4,3.3,43.5,0.7,1.3,55.6,65.4,65.5,39.7,15.5,4.6,8.9,76.7,65.4,4.6,3.8,15.5,18.4,81.0,28.0,4.0,5.0,1.0,3.0,87.0,23.0,35.0,10.0,23.0,5.0,9.0,172.9,10373.0
2703151,B. De Bisschop,981525,FLEXICAR FUENLABRADA,C,5,Rolling Big,https://imagenes.feb.es/Foto.aspx?c=2703151,17,8,22.6,7.6,1.7,4.1,5.8,1.6,0.6,0.7,0.5,1.2,2.1,2.1,-0.9,10.2,3.4,6.4,52.8,0.0,0.2,0.0,0.9,2.8,34.0,49.4,51.4,2.7,42.3,13.2,6.3,47.3,45.4,13.0,9.5,39.6,17.9,130.0,98.0,27.0,10.0,12.0,20.0,173.0,57.0,108.0,0.0,3.0,16.0,47.0,384.3,23055.0
1384981,I. Aurrecoechea Alcolado,981525,FLEXICAR FUENLABRADA,,6,Traditional Center,https://imagenes.feb.es/Foto.aspx?c=1384981,10,7,24.8,13.8,3.4,5.3,8.7,2.0,0.1,0.2,0.7,2.2,1.3,4.3,3.9,21.1,5.2,8.3,62.7,0.0,0.1,0.0,3.4,4.7,72.3,65.9,61.9,1.2,56.0,17.4,12.4,62.5,65.9,17.4,17.6,56.0,24.2,138.0,87.0,20.0,1.0,2.0,22.0,211.0,52.0,83.0,0.0,1.0,34.0,47.0,247.7,14864.0
2819302,C. Martin,981525,FLEXICAR FUENLABRADA,,6,Stretch Big,https://imagenes.feb.es/Foto.aspx?c=2819302,6,0,15.2,5.7,1.2,2.7,3.8,1.0,0.2,0.0,0.3,1.7,2.5,2.7,-4.2,5.8,1.0,2.8,35.3,0.5,1.2,42.9,2.2,3.0,72.2,53.3,43.8,29.2,75.0,23.9,3.0,52.1,53.3,23.9,10.0,75.0,22.2,34.0,23.0,6.0,1.0,0.0,10.0,35.0,6.0,17.0,3.0,7.0,13.0,18.0,91.5,5491.0
1992879,P. Rodriguez Pascual,981525,FLEXICAR FUENLABRADA,,6,Offensive Engine,https://imagenes.feb.es/Foto.aspx?c=1992879,12,0,2.4,1.0,0.0,0.4,0.4,0.0,0.1,0.1,0.0,0.7,0.5,0.2,-2.1,-0.2,0.1,0.2,50.0,0.2,0.8,33.3,0.1,0.3,25.0,47.0,50.0,81.8,36.4,38.5,-0.2,80.0,51.0,40.5,0.0,40.0,34.5,12.0,5.0,0.0,1.0,1.0,8.0,-3.0,1.0,2.0,3.0,9.0,1.0,4.0,29.1,1742.0
2559072,P. Suárez Custodio,981525,FLEXICAR FUENLABRADA,,6,3&D Wing,https://imagenes.feb.es/Foto.aspx?c=2559072,4,0,4.3,0.8,0.2,0.2,0.5,0.0,0.0,0.0,0.0,0.0,1.0,0.0,-10.8,-0.2,0.0,0.0,0.0,0.2,0.8,33.3,0.0,0.0,0.0,50.0,50.0,100.0,0.0,0.0,0.2,83.3,50.0,0.0,7.7,0.0,8.4,3.0,2.0,0.0,0.0,0.0,0.0,-1.0,0.0,0.0,1.0,3.0,0.0,0.0,17.1,1026.0
2178977,B. Vidarte Cano,981525,FLEXICAR FUENLABRADA,,6,Rolling Big,https://imagenes.feb.es/Foto.aspx?c=2178977,11,0,2.4,0.3,0.2,0.3,0.5,0.1,0.0,0.0,0.0,0.4,0.5,0.0,-0.8,-0.4,0.0,0.2,0.0,0.1,0.2,50.0,0.0,0.0,0.0,37.5,37.5,50.0,0.0,50.0,-0.3,16.7,0.0,50.0,10.6,0.0,12.0,3.0,5.0,1.0,0.0,0.0,4.0,-4.0,0.0,2.0,1.0,2.0,0.0,0.0,26.9,1612.0
2222612,A. Gomez Fraile,981525,FLEXICAR FUENLABRADA,,6,Rolling Big,https://imagenes.feb.es/Foto.aspx?c=2222612,2,0,2.4,0.0,0.0,1.0,1.0,0.0,0.0,0.0,0.0,0.0,0.5,0.0,-2.0,0.0,0.0,0.5,0.0,0.0,0.0,0.0,0.0,0.0,0.0,0.0,0.0,0.0,0.0,0.0,-0.2,0.0,0.0,0.0,0.0,0.0,9.5,0.0,2.0,0.0,0.0,0.0,0.0,0.0,0.0,1.0,0.0,0.0,0.0,0.0,4.9,294.0
2223407,A. Diaz Carballo,981525,FLEXICAR FUENLABRADA,,6,Rolling Big,https://imagenes.feb.es/Foto.aspx?c=2223407,1,0,0.9,0.0,0.0,0.0,0.0,0.0,0.0,0.0,0.0,0.0,0.0,0.0,-2.0,0.0,0.0,0.0,0.0,0.0,0.0,0.0,0.0,0.0,0.0,0.0,0.0,0.0,0.0,0.0,0.0,0.0,0.0,0.0,0.0,0.0,0.0,0.0,0.0,0.0,0.0,0.0,0.0,0.0,0.0,0.0,0.0,0.0,0.0,0.0,0.9,52.0
2224747,A. Rupérez Vázquez,981525,FLEXICAR FUENLABRADA,,6,Rolling Big,https://imagenes.feb.es/Foto.aspx?c=2224747,3,0,0.7,0.0,0.0,0.0,0.0,0.0,0.0,0.0,0.0,0.0,0.0,0.0,-0.7,0.0,0.0,0.0,0.0,0.0,0.0,0.0,0.0,0.0,0.0,0.0,0.0,0.0,0.0,0.0,0.0,0.0,0.0,0.0,0.0,0.0,0.0,0.0,0.0,0.0,0.0,0.0,0.0,0.0,0.0,0.0,0.0,0.0,0.0,0.0,2.1,123.0
2274998,R. Johnson Jr,979907,GRUPO ALEGA CANTABRIA,PG,1,High Volume Scorer,https://imagenes.feb.es/Foto.aspx?c=2274998,25,25,27.3,16.5,0.2,1.6,1.8,3.2,0.9,0.0,0.4,2.7,2.6,3.5,-2.6,14.0,4.3,7.8,54.6,1.6,4.2,38.7,3.0,3.6,85.4,60.5,55.8,35.1,29.5,16.6,10.3,66.5,60.4,17.1,1.1,29.1,28.9,413.0,45.0,81.0,22.0,1.0,68.0,351.0,107.0,196.0,41.0,106.0,76.0,89.0,682.0,40925.0
2334516,J. Powell,979907,GRUPO ALEGA CANTABRIA,PG,1,Offensive Engine,https://imagenes.feb.es/Foto.aspx?c=2334516,25,0,18.1,6.8,0.3,1.0,1.2,2.4,0.9,0.0,0.2,1.9,2.6,1.3,-4.0,3.4,1.0,2.5,41.9,1.2,4.4,28.4,1.0,1.2,82.8,46.0,42.4,63.7,17.0,20.4,3.0,64.1,45.0,20.8,2.3,17.3,24.7,169.0,31.0,61.0,23.0,1.0,47.0,86.0,26.0,62.0,31.0,109.0,24.0,29.0,453.0,27192.0
2864604,M. Lapornik,979907,GRUPO ALEGA CANTABRIA,SG,2,Shooter Specialist,https://imagenes.feb.es/Foto.aspx?c=2864604,6,2,24.0,12.2,0.0,1.8,1.8,1.8,1.0,0.2,0.0,1.0,1.2,2.8,-5.0,12.7,1.5,2.3,64.3,2.0,5.7,35.3,3.2,3.7,86.4,63.3,56.2,70.8,45.8,9.4,9.3,84.6,71.9,13.8,0.0,46.2,20.8,73.0,11.0,11.0,6.0,1.0,6.0,76.0,9.0,14.0,12.0,34.0,19.0,22.0,144.2,8642.0
1821694,G. Martinez Diaz,979907,GRUPO ALEGA CANTABRIA,SG,2,Offensive Engine,https://imagenes.feb.es/Foto.aspx?c=1821694,23,16,21.7,7.0,0.8,2.5,3.3,2.4,0.8,0.1,0.1,1.6,3.7,1.9,-1.2,5.9,1.0,2.4,41.1,1.3,3.7,35.3,1.1,1.5,73.5,51.6,48.2,60.3,24.1,18.8,4.3,67.7,51.6,18.8,5.1,24.1,18.6,161.0,76.0,55.0,18.0,2.0,36.0,136.0,23.0,56.0,30.0,85.0,25.0,34.0,498.9,29947.0
2815518,C. Lutete Iv,979907,GRUPO ALEGA CANTABRIA,SF,3,3&D Wing,https://imagenes.feb.es/Foto.aspx?c=2815518,11,2,17.1,8.6,0.5,3.1,3.6,1.1,0.6,0.0,0.2,1.5,1.4,1.6,-3.5,8.4,2.0,3.9,51.2,1.1,2.8,38.7,1.4,2.2,62.5,56.2,54.1,41.9,32.4,15.9,5.5,66.9,56.2,15.9,4.4,32.4,26.4,95.0,40.0,12.0,7.0,0.0,16.0,92.0,22.0,43.0,12.0,31.0,15.0,24.0,187.9,11279.0
1442713,P. Hernandez Montenegro,979907,GRUPO ALEGA CANTABRIA,SF,3,High Volume Scorer,https://imagenes.feb.es/Foto.aspx?c=1442713,24,11,19.9,7.0,0.5,1.8,2.3,0.9,0.3,0.0,0.2,1.1,2.2,1.3,-3.8,5.2,1.1,2.5,43.3,1.2,3.0,41.1,1.0,1.2,89.3,57.5,53.4,54.9,21.1,15.2,3.9,69.3,56.7,14.5,3.5,20.2,17.0,167.0,55.0,22.0,8.0,1.0,26.0,126.0,26.0,60.0,30.0,73.0,25.0,28.0,476.6,28591.0
1676845,D. Alderete Diaz,979907,GRUPO ALEGA CANTABRIA,SF,3,3&D Wing,https://imagenes.feb.es/Foto.aspx?c=1676845,18,11,18.5,3.1,1.4,2.7,4.2,0.7,1.0,0.0,0.2,0.4,1.2,1.3,-2.6,6.4,0.9,1.6,58.6,0.3,1.3,21.7,0.4,0.9,41.2,47.1,47.1,44.2,32.7,10.5,3.8,61.6,45.8,10.9,10.8,32.6,9.7,56.0,75.0,12.0,18.0,0.0,7.0,115.0,17.0,29.0,5.0,23.0,7.0,17.0,333.0,19979.0
2867402,D. Van Oostrum,979907,GRUPO ALEGA CANTABRIA,SF,3,Offensive Engine,https://imagenes.feb.es/Foto.aspx?c=2867402,6,0,10.7,2.2,0.2,0.7,0.8,1.7,0.2,0.0,0.0,1.7,1.0,1.0,-0.8,0.8,0.5,0.5,100.0,0.2,2.3,7.1,0.7,0.8,80.0,33.9,26.5,82.4,29.4,34.2,-0.0,66.7,37.8,28.9,2.7,33.3,22.0,13.0,5.0,10.0,1.0,0.0,10.0,5.0,3.0,3.0,1.0,14.0,4.0,5.0,64.0,3839.0
841966,S. Rodríguez Ramos,979907,GRUPO ALEGA CANTABRIA,PF,4,Shooter Specialist,https://imagenes.feb.es/Foto.aspx?c=841966,25,20,24.5,8.7,0.7,3.5,4.2,1.6,0.8,0.1,0.1,1.2,1.8,4.0,-1.0,12.3,1.2,2.4,51.7,1.1,3.3,32.9,3.0,3.8,78.7,59.2,50.4,57.7,66.2,14.5,6.9,70.4,59.9,13.4,4.1,66.2,16.5,217.0,105.0,39.0,21.0,3.0,31.0,307.0,31.0,60.0,27.0,82.0,74.0,94.0,612.2,36719.0
2481151,B. Lugarini,979907,GRUPO ALEGA CANTABRIA,PF,4,3&D Wing,https://imagenes.feb.es/Foto.aspx?c=2481151,16,5,18.6,5.1,0.6,2.8,3.4,0.8,0.2,0.1,0.4,1.2,1.9,2.0,-6.8,4.6,0.9,2.5,37.5,0.6,2.2,28.6,1.3,1.9,67.7,45.7,40.0,46.7,41.3,18.4,2.3,56.7,45.7,18.4,4.5,41.3,17.9,81.0,54.0,12.0,4.0,2.0,20.0,74.0,15.0,40.0,10.0,35.0,21.0,31.0,297.1,17820.0
2815820,J. Yu,979907,GRUPO ALEGA CANTABRIA,C,5,Stretch Big,https://imagenes.feb.es/Foto.aspx?c=2815820,22,15,21.6,9.1,1.5,3.7,5.1,1.0,0.2,0.5,0.2,1.8,2.0,4.1,-0.6,13.2,2.4,4.2,57.6,0.1,0.6,15.4,4.0,4.8,83.0,65.9,53.3,12.4,101.0,20.5,7.2,58.2,65.5,20.2,9.7,105.2,19.7,200.0,113.0,21.0,4.0,12.0,39.0,290.0,53.0,92.0,2.0,13.0,88.0,106.0,474.2,28454.0
2446696,G. Kande Kieli,979907,GRUPO ALEGA CANTABRIA,C,5,Traditional Center,https://imagenes.feb.es/Foto.aspx?c=2446696,25,10,18.5,6.1,1.1,2.4,3.5,0.3,0.1,0.4,0.0,0.8,2.7,1.4,-4.2,6.2,2.6,4.2,63.5,0.0,0.0,0.0,0.8,1.3,62.5,63.8,62.9,1.0,30.5,14.4,4.2,63.4,64.2,14.7,7.9,32.0,14.7,152.0,87.0,8.0,3.0,11.0,20.0,156.0,66.0,104.0,0.0,1.0,20.0,32.0,462.1,27724.0
1899194,C. Taboada Heiskanen,979907,GRUPO ALEGA CANTABRIA,C,5,Rolling Big,https://imagenes.feb.es/Foto.aspx?c=1899194,11,0,3.9,0.5,0.5,0.3,0.7,0.1,0.2,0.0,0.0,0.4,1.0,0.2,-2.0,-0.5,0.2,0.6,28.6,0.0,0.3,0.0,0.1,0.2,50.0,23.0,20.0,30.0,20.0,26.9,-0.3,31.2,16.9,31.1,12.8,25.0,15.9,5.0,8.0,1.0,2.0,0.0,4.0,-6.0,2.0,7.0,0.0,3.0,1.0,2.0,42.8,2563.0
2820629,J. Perez Perez,979907,GRUPO ALEGA CANTABRIA,,6,High Volume Scorer,https://imagenes.feb.es/Foto.aspx?c=2820629,9,8,28.2,15.1,0.8,3.3,4.1,3.3,1.3,0.4,0.6,2.2,3.4,3.6,-6.1,16.6,2.7,5.3,50.0,2.2,4.4,50.0,3.1,3.9,80.0,65.8,61.4,45.5,39.8,16.2,11.8,72.7,65.8,16.2,3.8,39.8,23.3,136.0,37.0,30.0,12.0,4.0,20.0,149.0,24.0,48.0,20.0,40.0,28.0,35.0,253.9,15232.0
2820639,D. Addae-Wusu,979907,GRUPO ALEGA CANTABRIA,,6,Lead Guard,https://imagenes.feb.es/Foto.aspx?c=2820639,1,0,17.5,12.0,1.0,0.0,1.0,0.0,3.0,0.0,1.0,4.0,3.0,2.0,-14.0,4.0,2.0,5.0,40.0,2.0,4.0,50.0,2.0,4.0,50.0,55.8,55.6,44.4,44.4,27.1,5.0,66.7,55.8,27.1,6.2,44.4,38.2,12.0,1.0,0.0,3.0,0.0,4.0,4.0,2.0,5.0,2.0,4.0,2.0,4.0,17.5,1048.0
2173109,B. De La Llama Ruiz,979907,GRUPO ALEGA CANTABRIA,,6,Shooter Specialist,https://imagenes.feb.es/Foto.aspx?c=2173109,1,0,0.8,2.0,0.0,0.0,0.0,0.0,0.0,0.0,0.0,0.0,0.0,0.0,0.0,2.0,1.0,1.0,100.0,0.0,0.0,0.0,0.0,0.0,0.0,100.0,100.0,0.0,0.0,0.0,1.7,100.0,100.0,0.0,0.0,0.0,64.6,2.0,0.0,0.0,0.0,0.0,0.0,2.0,1.0,1.0,0.0,0.0,0.0,0.0,0.8,46.0
2862296,K. Webster,981251,GRUPO CAESA SEGUROS FC CARTAGENA CB,PG,1,Lead Guard,https://imagenes.feb.es/Foto.aspx?c=2862296,16,15,26.3,11.8,0.3,1.8,2.1,3.0,1.4,0.0,0.4,1.7,2.3,2.8,-7.2,10.1,3.2,5.9,54.3,1.3,4.7,28.0,1.5,2.4,61.5,50.8,48.8,44.4,23.1,12.7,7.5,63.0,48.7,12.6,1.6,24.7,24.8,189.0,33.0,48.0,23.0,0.0,27.0,162.0,51.0,94.0,21.0,75.0,24.0,39.0,420.5,25242.0
1525747,J. Lopez Santana,981251,GRUPO CAESA SEGUROS FC CARTAGENA CB,PG,1,Offensive Engine,https://imagenes.feb.es/Foto.aspx?c=1525747,6,2,21.4,7.3,0.3,1.7,2.0,3.8,0.5,0.0,0.2,2.0,0.5,1.8,-1.2,8.3,1.5,3.5,42.9,1.0,3.3,30.0,1.3,1.7,80.0,48.5,43.9,48.8,24.4,20.9,5.1,48.1,31.9,19.9,0.0,19.2,22.8,44.0,12.0,23.0,3.0,0.0,12.0,50.0,9.0,21.0,6.0,20.0,8.0,10.0,128.5,7706.0
1384223,A. Martin Marin,981251,GRUPO CAESA SEGUROS FC CARTAGENA CB,PG,1,Offensive Engine,https://imagenes.feb.es/Foto.aspx?c=1384223,25,6,17.3,4.4,0.4,1.2,1.6,3.2,0.9,0.0,0.2,1.6,2.3,2.4,-2.0,5.0,0.8,2.1,40.4,0.6,2.4,23.3,1.0,1.5,68.4,42.7,37.5,53.6,33.9,24.2,2.8,59.5,43.9,25.3,2.5,34.3,19.5,110.0,40.0,80.0,22.0,0.0,41.0,126.0,21.0,52.0,14.0,60.0,26.0,38.0,431.4,25895.0
2816849,S. Svejcar,981251,GRUPO CAESA SEGUROS FC CARTAGENA CB,SG,2,High Volume Scorer,https://imagenes.feb.es/Foto.aspx?c=2816849,24,16,23.6,9.0,0.5,1.2,1.8,1.3,0.6,0.0,0.4,1.5,2.0,1.8,-8.6,5.7,1.3,3.3,40.0,1.5,4.3,34.0,1.9,2.3,82.1,51.8,46.2,56.3,30.6,14.4,4.6,65.9,53.9,15.0,2.8,32.4,20.9,215.0,42.0,31.0,15.0,0.0,35.0,137.0,32.0,80.0,35.0,103.0,46.0,56.0,565.8,33962.0
2159336,A. Garuba Alari,981251,GRUPO CAESA SEGUROS FC CARTAGENA CB,SG,2,3&D Wing,https://imagenes.feb.es/Foto.aspx?c=2159336,23,18,16.5,6.8,0.9,1.7,2.7,1.0,0.7,0.1,0.3,1.0,2.6,2.4,-1.1,6.7,1.9,3.1,60.6,0.5,2.1,22.9,1.6,2.2,74.0,55.3,50.0,40.3,42.0,14.5,4.5,63.7,55.0,16.0,7.4,42.2,20.8,156.0,61.0,24.0,17.0,2.0,24.0,154.0,43.0,71.0,11.0,48.0,37.0,50.0,380.3,22831.0
2736779,M. Ayesa Rodriguez,981251,GRUPO CAESA SEGUROS FC CARTAGENA CB,SG,2,Shooter Specialist,https://imagenes.feb.es/Foto.aspx?c=2736779,16,0,9.4,3.8,0.4,0.4,0.9,0.2,0.4,0.1,0.0,0.3,0.8,0.2,-2.0,2.6,0.2,0.2,75.0,1.1,2.9,39.1,0.0,0.0,0.0,60.0,60.0,92.0,0.0,9.1,2.5,88.0,60.0,7.4,5.6,0.0,17.8,60.0,14.0,3.0,7.0,1.0,5.0,42.0,3.0,4.0,18.0,46.0,0.0,0.0,150.7,9045.0
2816796,I. Rivera Carroll,981251,GRUPO CAESA SEGUROS FC CARTAGENA CB,SF,3,3&D Wing,https://imagenes.feb.es/Foto.aspx?c=2816796,25,9,20.4,8.7,0.6,2.1,2.7,0.8,0.8,0.0,0.2,1.0,2.0,1.8,-7.8,7.2,2.2,4.0,56.6,1.0,3.1,31.2,1.3,2.0,66.0,54.8,52.3,43.8,28.4,11.2,5.3,66.6,54.0,11.3,3.6,30.1,21.3,217.0,67.0,19.0,19.0,1.0,25.0,181.0,56.0,99.0,24.0,77.0,33.0,50.0,509.3,30564.0
1997544,A. Harguindey Maneiro,981251,GRUPO CAESA SEGUROS FC CARTAGENA CB,SF,3,3&D Wing,https://imagenes.feb.es/Foto.aspx?c=1997544,19,0,12.1,2.2,0.4,1.1,1.5,0.5,0.3,0.4,0.1,0.5,1.2,0.8,-6.9,2.1,0.4,1.0,42.1,0.3,1.1,28.6,0.4,0.8,46.7,44.0,42.5,52.5,37.5,17.7,1.3,61.3,44.0,16.2,4.4,37.5,11.9,41.0,29.0,10.0,5.0,7.0,10.0,40.0,8.0,19.0,6.0,21.0,7.0,15.0,230.8,13850.0
1923881,A. Domenech Fontana,981251,GRUPO CAESA SEGUROS FC CARTAGENA CB,PF,4,3&D Wing,https://imagenes.feb.es/Foto.aspx?c=1923881,25,17,22.3,6.8,0.9,2.8,3.6,0.6,0.6,0.4,0.3,0.8,2.4,1.7,-4.2,7.0,1.3,2.5,53.2,1.0,3.2,30.9,1.2,1.5,78.9,53.5,49.3,56.6,26.6,11.1,4.7,70.2,55.2,11.6,5.1,27.9,15.7,171.0,91.0,16.0,15.0,11.0,20.0,174.0,33.0,62.0,25.0,81.0,30.0,38.0,557.7,33473.0
2820135,V. Faverani Tatsch,981251,GRUPO CAESA SEGUROS FC CARTAGENA CB,C,5,Stretch Big,https://imagenes.feb.es/Foto.aspx?c=2820135,22,7,23.2,12.1,1.5,5.0,6.6,0.7,0.5,0.6,0.3,2.0,2.5,4.1,-4.3,15.9,3.3,5.3,61.5,0.8,2.4,34.0,3.1,3.8,83.1,64.6,58.2,31.2,48.8,17.9,9.1,68.7,65.3,18.5,7.6,51.0,23.2,267.0,145.0,16.0,11.0,13.0,45.0,349.0,72.0,117.0,18.0,53.0,69.0,83.0,510.2,30607.0
2862304,C. Polynice,981251,GRUPO CAESA SEGUROS FC CARTAGENA CB,C,5,3&D Wing,https://imagenes.feb.es/Foto.aspx?c=2862304,16,3,15.7,5.3,0.6,3.0,3.6,0.6,0.2,0.9,0.1,0.9,1.6,0.8,-4.1,5.6,1.7,3.2,52.9,0.4,2.1,21.2,0.6,0.8,76.9,47.4,44.6,39.3,15.5,14.3,3.5,55.9,42.3,16.0,5.0,17.6,19.9,85.0,58.0,10.0,4.0,15.0,15.0,90.0,27.0,51.0,7.0,33.0,10.0,13.0,251.9,15115.0
2525411,E. Idehen Idehen,981251,GRUPO CAESA SEGUROS FC CARTAGENA CB,C,5,Rolling Big,https://imagenes.feb.es/Foto.aspx?c=2525411,25,17,15.2,3.6,1.4,2.6,4.0,0.4,0.3,0.2,0.3,1.2,2.8,1.2,-6.1,3.1,1.5,3.1,47.4,0.1,0.2,40.0,0.4,1.3,34.4,46.9,48.2,6.0,38.6,23.0,1.8,51.3,47.7,23.9,11.1,42.7,15.4,91.0,100.0,10.0,7.0,5.0,29.0,77.0,37.0,78.0,2.0,5.0,11.0,32.0,381.0,22873.0
2816798,S. Thomas,981251,GRUPO CAESA SEGUROS FC CARTAGENA CB,,6,Offensive Engine,https://imagenes.feb.es/Foto.aspx?c=2816798,5,5,21.3,9.0,0.6,1.8,2.4,2.6,0.2,0.0,0.4,2.6,1.4,3.4,-11.4,8.6,3.2,5.8,55.2,0.2,1.8,11.1,2.0,2.8,71.4,51.0,46.1,23.7,36.8,22.7,4.5,56.6,51.0,22.7,3.9,36.8,25.8,45.0,12.0,13.0,1.0,0.0,13.0,43.0,16.0,29.0,1.0,9.0,10.0,14.0,106.4,6383.0
2816848,A. Kelly,981251,GRUPO CAESA SEGUROS FC CARTAGENA CB,,6,3&D Wing,https://imagenes.feb.es/Foto.aspx?c=2816848,9,6,19.9,7.2,0.4,4.0,4.4,0.7,0.7,0.2,0.1,1.7,3.1,1.8,-11.0,7.0,2.2,3.8,58.8,0.6,1.9,29.4,1.1,1.4,76.9,57.3,53.9,33.3,25.5,20.9,4.1,65.7,57.3,20.9,2.9,25.5,19.0,65.0,40.0,6.0,6.0,2.0,15.0,63.0,20.0,34.0,5.0,17.0,10.0,13.0,179.5,10764.0
2371571,J. Davis,981251,GRUPO CAESA SEGUROS FC CARTAGENA CB,,6,Offensive Engine,https://imagenes.feb.es/Foto.aspx?c=2371571,5,4,22.7,6.0,0.2,1.8,2.0,3.2,1.0,0.4,0.4,2.4,2.6,2.4,-9.0,1.8,2.4,7.2,33.3,0.0,1.8,0.0,1.2,2.8,42.9,29.3,26.7,20.0,31.1,19.0,0.8,36.7,29.3,19.0,1.0,31.1,26.2,30.0,10.0,16.0,5.0,2.0,12.0,9.0,12.0,36.0,0.0,9.0,6.0,14.0,113.7,6819.0
2816854,T. Suokas,981251,GRUPO CAESA SEGUROS FC CARTAGENA CB,,6,Offensive Engine,https://imagenes.feb.es/Foto.aspx?c=2816854,9,0,14.6,4.4,0.4,0.8,1.2,1.3,0.2,0.1,0.3,1.2,2.1,1.6,-8.7,2.2,0.9,2.2,40.0,0.4,2.1,21.1,1.3,1.7,80.0,43.9,35.9,48.7,38.5,19.4,1.5,55.1,43.9,19.4,4.0,38.5,20.6,40.0,11.0,12.0,2.0,1.0,11.0,20.0,8.0,20.0,4.0,19.0,12.0,15.0,131.1,7871.0
2814906,F. Terins,979920,GRUPO URETA TIZONA BURGOS,PG,1,High Volume Scorer,https://imagenes.feb.es/Foto.aspx?c=2814906,22,13,17.3,7.6,0.5,1.5,2.1,2.4,0.6,0.1,0.2,1.9,2.6,2.3,-2.9,7.6,0.9,1.7,54.1,1.4,3.2,42.3,1.7,2.0,84.4,65.7,60.2,65.7,41.7,24.7,5.2,78.4,64.8,24.8,4.3,35.1,20.5,168.0,46.0,53.0,13.0,2.0,42.0,168.0,20.0,37.0,30.0,71.0,38.0,45.0,381.2,22877.0
2325671,A. Alonso Ruiz,979920,GRUPO URETA TIZONA BURGOS,PG,1,Offensive Engine,https://imagenes.feb.es/Foto.aspx?c=2325671,25,5,14.3,4.9,0.3,1.2,1.5,1.5,0.6,0.0,0.1,1.2,1.8,1.9,-1.2,5.1,1.2,2.2,56.4,0.4,1.1,37.0,1.2,1.8,65.2,59.7,56.1,32.9,56.1,22.1,3.3,65.4,58.8,21.8,2.4,54.3,17.0,122.0,38.0,37.0,15.0,0.0,29.0,127.0,31.0,55.0,10.0,27.0,30.0,46.0,357.6,21457.0
2814904,M. Jackson,979920,GRUPO URETA TIZONA BURGOS,SG,2,High Volume Scorer,https://imagenes.feb.es/Foto.aspx?c=2814904,25,22,24.3,10.5,0.6,1.2,1.9,2.6,0.9,0.1,0.2,1.2,1.8,1.7,-4.4,9.3,1.6,3.8,43.2,1.9,4.6,42.1,1.4,1.9,76.6,57.0,54.1,54.5,22.5,11.9,7.5,70.5,56.9,12.0,2.4,19.5,20.0,262.0,47.0,64.0,22.0,2.0,31.0,233.0,41.0,95.0,48.0,114.0,36.0,47.0,606.9,36390.0
1787363,G. Jofresa Sarret,979920,GRUPO URETA TIZONA BURGOS,SG,2,High Volume Scorer,https://imagenes.feb.es/Foto.aspx?c=1787363,26,6,18.3,9.8,0.5,2.0,2.5,1.2,0.9,0.0,0.0,1.2,1.8,2.1,-3.2,8.2,1.2,2.8,42.5,1.7,5.0,34.1,2.3,2.7,87.0,54.7,48.0,63.9,34.2,12.1,6.1,69.2,55.4,12.0,3.5,35.3,25.4,254.0,65.0,30.0,24.0,1.0,32.0,212.0,31.0,73.0,44.0,129.0,60.0,69.0,474.9,28491.0
1625687,R. Seoane Rodicio,979920,GRUPO URETA TIZONA BURGOS,SF,3,3&D Wing,https://imagenes.feb.es/Foto.aspx?c=1625687,23,21,21.7,6.4,1.0,2.4,3.4,0.9,0.6,0.1,0.2,1.1,2.3,1.2,-6.7,5.3,1.3,3.4,39.2,1.0,2.6,37.3,0.8,1.0,86.4,49.8,46.4,42.8,15.9,14.5,3.7,60.3,50.3,14.6,5.9,16.0,16.7,147.0,78.0,20.0,13.0,2.0,25.0,121.0,31.0,79.0,22.0,59.0,19.0,22.0,499.3,29944.0
1879609,A. Alonso Cuevas,979920,GRUPO URETA TIZONA BURGOS,SF,3,Shooter Specialist,https://imagenes.feb.es/Foto.aspx?c=1879609,20,7,14.6,3.7,0.9,2.0,2.9,1.2,0.7,0.0,0.1,0.8,1.8,0.9,-3.1,4.6,0.7,1.0,70.0,0.6,2.3,26.1,0.5,0.8,62.5,50.7,48.5,69.7,24.2,17.0,3.1,76.2,52.8,15.7,8.3,25.4,14.0,74.0,58.0,23.0,14.0,1.0,15.0,91.0,14.0,20.0,12.0,46.0,10.0,16.0,292.2,17532.0
1787348,A. Parrado Calabria,979920,GRUPO URETA TIZONA BURGOS,PF,4,Offensive Engine,https://imagenes.feb.es/Foto.aspx?c=1787348,26,21,20.2,9.2,1.5,3.6,5.1,1.6,0.7,0.1,0.3,2.3,3.0,3.6,-3.5,7.9,2.0,5.2,38.8,1.0,3.6,27.7,2.2,3.5,60.9,44.3,39.9,41.2,40.4,18.0,4.3,56.2,45.5,18.1,9.1,41.7,29.4,238.0,133.0,42.0,19.0,2.0,59.0,205.0,52.0,134.0,26.0,94.0,56.0,92.0,524.0,31442.0
1808439,G. Gil Garcia,979920,GRUPO URETA TIZONA BURGOS,PF,4,3&D Wing,https://imagenes.feb.es/Foto.aspx?c=1808439,24,7,17.6,5.2,1.0,2.5,3.5,1.2,0.8,0.1,0.2,1.0,2.4,1.6,-2.3,5.2,1.1,2.3,47.3,0.7,3.0,23.9,0.9,1.3,68.8,44.6,40.9,56.3,25.4,14.1,3.4,62.9,45.2,14.4,7.1,24.2,18.1,125.0,85.0,30.0,20.0,2.0,23.0,126.0,26.0,55.0,17.0,71.0,22.0,32.0,421.3,25285.0
1572466,R. Vila Soley,979920,GRUPO URETA TIZONA BURGOS,C,5,Stretch Big,https://imagenes.feb.es/Foto.aspx?c=1572466,26,13,20.2,8.7,1.6,1.9,3.5,1.2,0.4,0.2,0.3,1.2,2.6,2.2,-1.5,8.9,3.2,5.3,60.1,0.3,1.0,32.0,1.3,2.2,62.5,60.0,58.3,15.3,34.4,13.8,6.3,63.9,61.8,13.8,10.1,34.0,18.3,225.0,92.0,31.0,11.0,6.0,30.0,231.0,83.0,138.0,8.0,25.0,35.0,56.0,526.0,31565.0
2736183,J. Zidek,979920,GRUPO URETA TIZONA BURGOS,C,5,Shooter Specialist,https://imagenes.feb.es/Foto.aspx?c=2736183,25,2,15.5,8.6,0.8,1.3,2.1,0.6,0.4,0.1,0.1,0.8,1.2,1.6,-3.0,8.4,1.4,2.3,60.3,1.4,3.1,44.2,1.7,2.1,82.7,68.1,63.7,57.0,38.5,10.7,6.4,76.5,64.8,9.5,6.3,36.5,19.3,215.0,53.0,16.0,10.0,2.0,19.0,211.0,35.0,58.0,34.0,77.0,43.0,52.0,387.9,23276.0
2814907,J. Brown-Ferguson,979920,GRUPO URETA TIZONA BURGOS,C,5,Traditional Center,https://imagenes.feb.es/Foto.aspx?c=2814907,26,11,16.0,6.5,1.7,2.5,4.1,0.4,0.3,0.8,0.2,1.0,2.4,1.7,-4.7,8.8,2.7,3.6,74.5,0.0,0.0,0.0,1.1,1.8,63.0,74.0,74.5,0.0,48.9,18.0,5.9,74.1,73.2,18.6,12.5,54.3,15.1,169.0,107.0,10.0,8.0,22.0,25.0,230.0,70.0,94.0,0.0,0.0,29.0,46.0,417.0,25022.0
2869253,M. Nugu,979920,GRUPO URETA TIZONA BURGOS,,6,,https://imagenes.feb.es/Foto.aspx?c=2869253,2,0,20.8,10.5,1.5,2.5,4.0,2.0,1.0,0.5,1.0,1.0,2.0,1.5,10.0,6.5,4.5,10.0,45.0,0.5,4.0,12.5,0.0,1.0,0.0,36.4,37.5,28.6,7.1,6.5,5.1,,,,,,,21.0,8.0,4.0,2.0,1.0,2.0,13.0,9.0,20.0,1.0,8.0,0.0,2.0,41.5,2490.0
2138600,A. Huelves Garcia,979920,GRUPO URETA TIZONA BURGOS,,6,Offensive Engine,https://imagenes.feb.es/Foto.aspx?c=2138600,23,2,13.9,5.1,0.7,1.0,1.7,1.6,0.7,0.0,0.3,1.2,2.5,2.0,-0.7,4.0,1.2,2.9,41.8,0.4,1.9,20.5,1.5,1.7,87.2,45.6,37.4,39.6,35.1,17.9,2.6,53.2,45.6,17.9,5.9,35.1,22.3,117.0,40.0,36.0,16.0,0.0,28.0,92.0,28.0,67.0,9.0,44.0,34.0,39.0,320.4,19229.0
2446720,F. Zurbriggen,981300,HESTIA MENORCA,PG,1,Shooter Specialist,https://imagenes.feb.es/Foto.aspx?c=2446720,18,17,25.8,12.9,0.7,3.9,4.6,4.7,0.9,0.4,0.2,1.2,3.1,5.6,6.8,20.3,3.0,4.7,63.5,0.9,2.8,34.0,4.1,5.0,81.1,66.4,58.9,37.0,66.7,11.2,12.5,75.9,71.3,10.3,3.3,69.3,20.2,232.0,83.0,84.0,16.0,8.0,22.0,366.0,54.0,85.0,17.0,50.0,73.0,90.0,464.7,27888.0
2785180,J. Cone,981300,HESTIA MENORCA,PG,1,High Volume Scorer,https://imagenes.feb.es/Foto.aspx?c=2785180,25,4,16.5,7.3,0.6,1.1,1.7,1.4,0.4,0.0,0.0,1.7,2.0,2.2,1.1,5.3,0.9,1.6,53.7,1.5,4.3,34.3,1.1,1.5,73.0,55.1,52.0,72.5,24.8,20.6,3.5,75.9,55.6,20.1,5.0,25.9,25.0,182.0,42.0,36.0,9.0,1.0,43.0,132.0,22.0,41.0,37.0,108.0,27.0,37.0,413.1,24794.0
1496030,P. Figueras Lopez,981300,HESTIA MENORCA,PG,1,Offensive Engine,https://imagenes.feb.es/Foto.aspx?c=1496030,6,3,17.7,5.8,0.3,0.8,1.2,3.5,0.7,0.0,0.2,2.2,1.8,2.2,-3.2,4.3,1.2,2.8,41.2,0.7,3.5,19.0,1.5,2.0,75.0,40.4,34.2,55.3,31.6,23.1,2.6,56.6,40.4,23.1,2.2,31.6,24.1,35.0,7.0,21.0,4.0,0.0,13.0,26.0,7.0,17.0,4.0,21.0,9.0,12.0,106.1,6374.0
1784407,P. Molins Calderon,981300,HESTIA MENORCA,PG,1,Offensive Engine,https://imagenes.feb.es/Foto.aspx?c=1784407,13,1,5.8,0.8,0.2,0.5,0.7,0.8,0.2,0.1,0.2,0.6,1.0,0.6,-1.8,0.3,0.2,0.6,25.0,0.1,0.8,10.0,0.3,0.5,66.7,26.6,19.4,55.6,33.3,27.9,-0.0,40.0,22.0,30.6,1.9,13.3,16.3,11.0,9.0,11.0,2.0,1.0,8.0,4.0,2.0,8.0,1.0,10.0,4.0,6.0,74.8,4471.0
2650859,S. Littleson,981300,HESTIA MENORCA,SG,2,High Volume Scorer,https://imagenes.feb.es/Foto.aspx?c=2650859,24,14,27.8,16.8,0.6,1.4,2.0,2.2,1.0,0.0,0.4,1.7,2.2,2.5,2.0,12.5,3.8,8.0,47.1,2.3,6.0,37.9,2.4,2.5,93.4,55.4,51.3,43.2,18.2,9.9,10.1,65.1,55.9,10.0,2.8,18.1,29.1,402.0,48.0,54.0,23.0,0.0,40.0,299.0,90.0,191.0,55.0,145.0,57.0,61.0,668.2,40088.0
2325133,T. Mcfadden,981300,HESTIA MENORCA,SG,2,Lead Guard,https://imagenes.feb.es/Foto.aspx?c=2325133,14,10,24.6,13.0,0.6,1.4,1.9,2.9,1.5,0.0,0.4,1.8,1.5,2.3,5.5,10.4,1.6,3.2,48.9,2.5,8.2,30.4,2.4,3.0,78.6,51.0,46.6,71.9,26.2,12.3,8.3,71.6,51.0,12.3,3.2,26.2,29.6,182.0,27.0,41.0,21.0,0.0,25.0,145.0,22.0,45.0,35.0,115.0,33.0,42.0,343.7,20619.0
1938697,J. Lobo Martorell,981300,HESTIA MENORCA,SG,2,High Volume Scorer,https://imagenes.feb.es/Foto.aspx?c=1938697,21,5,14.9,9.5,0.3,0.5,0.8,1.2,0.5,0.0,0.4,0.9,2.4,2.3,-1.6,6.9,1.0,2.2,44.7,1.7,4.3,40.0,2.3,2.7,86.0,61.4,54.7,65.7,41.6,10.0,5.7,77.2,62.7,9.8,2.8,40.8,28.3,199.0,17.0,26.0,10.0,0.0,18.0,144.0,21.0,47.0,36.0,90.0,49.0,57.0,313.8,18819.0
1875914,A. Sola Iddrisu,981300,HESTIA MENORCA,SF,3,3&D Wing,https://imagenes.feb.es/Foto.aspx?c=1875914,25,21,26.4,5.7,1.8,3.6,5.4,1.4,0.8,0.0,0.2,0.5,1.1,2.2,3.9,10.9,1.2,2.2,52.7,0.8,2.2,33.9,1.1,1.6,68.3,55.4,51.8,50.5,36.9,8.5,6.3,69.7,58.1,7.2,8.2,37.4,10.1,143.0,134.0,35.0,20.0,0.0,12.0,272.0,29.0,55.0,19.0,56.0,28.0,41.0,661.0,39660.0
2820270,N. Galette,981300,HESTIA MENORCA,PF,4,Shooter Specialist,https://imagenes.feb.es/Foto.aspx?c=2820270,25,7,14.7,4.8,1.1,1.7,2.8,0.6,0.7,0.1,0.2,0.5,2.1,0.7,2.0,4.8,0.9,1.5,60.5,0.8,2.2,37.5,0.4,0.7,58.8,58.6,58.0,59.6,18.1,11.4,3.8,76.5,58.4,12.4,9.8,17.6,15.3,119.0,70.0,15.0,17.0,3.0,13.0,120.0,23.0,38.0,21.0,56.0,10.0,17.0,367.7,22054.0
2662856,F. Schott,981300,HESTIA MENORCA,PF,4,Traditional Center,https://imagenes.feb.es/Foto.aspx?c=2662856,20,15,15.1,2.6,1.2,2.0,3.2,0.6,0.4,0.4,0.0,0.7,3.2,1.2,1.4,3.1,1.0,1.6,65.6,0.0,0.0,0.0,0.4,1.2,37.5,58.5,63.6,3.0,72.7,24.3,2.1,67.2,62.3,26.0,11.8,62.1,9.3,51.0,65.0,12.0,8.0,8.0,14.0,62.0,21.0,32.0,0.0,1.0,9.0,24.0,302.4,18154.0
1715117,E. Vicedo Ayala,981300,HESTIA MENORCA,C,5,Shooter Specialist,https://imagenes.feb.es/Foto.aspx?c=1715117,22,17,24.0,8.1,0.8,4.1,5.0,0.5,0.5,0.2,0.1,0.7,1.9,1.1,2.6,8.8,1.3,2.3,58.0,1.7,4.6,36.3,0.5,0.6,71.4,56.6,55.6,67.1,9.2,9.2,5.8,78.0,58.0,8.6,4.3,9.8,16.6,179.0,109.0,12.0,12.0,5.0,16.0,193.0,29.0,50.0,37.0,102.0,10.0,14.0,527.6,31649.0
2702840,E. Wembi,981300,HESTIA MENORCA,C,5,Traditional Center,https://imagenes.feb.es/Foto.aspx?c=2702840,25,9,18.4,6.2,1.6,1.9,3.5,1.0,0.6,0.3,0.1,0.9,3.0,1.9,1.6,6.9,2.6,4.2,60.4,0.0,0.1,0.0,1.1,2.0,54.9,59.3,58.7,2.8,46.8,14.3,5.0,61.8,61.2,13.6,10.4,44.3,16.3,156.0,87.0,26.0,15.0,7.0,22.0,173.0,64.0,106.0,0.0,3.0,28.0,51.0,459.3,27558.0
1382456,V. Arteaga Gonzalez,981300,HESTIA MENORCA,C,5,Traditional Center,https://imagenes.feb.es/Foto.aspx?c=1382456,25,2,11.9,5.2,1.3,1.4,2.7,0.2,0.2,0.5,0.0,1.1,2.1,1.0,0.4,4.3,2.0,3.7,54.8,0.0,0.0,0.0,1.1,1.5,71.1,58.3,54.3,1.1,40.4,20.2,3.2,55.5,58.8,21.8,13.8,41.5,22.0,129.0,68.0,4.0,4.0,12.0,28.0,107.0,51.0,93.0,0.0,1.0,27.0,38.0,297.5,17856.0
1535344,I. Rosa Pompido,981300,HESTIA MENORCA,,6,Rolling Big,https://imagenes.feb.es/Foto.aspx?c=1535344,5,0,4.2,0.6,0.2,0.2,0.4,0.6,0.0,0.0,0.0,0.6,1.0,0.4,0.0,-0.8,0.0,0.4,0.0,0.2,1.0,20.0,0.0,0.0,0.0,21.4,21.4,71.4,0.0,30.0,-0.7,52.3,31.3,19.0,9.4,36.4,19.3,3.0,2.0,3.0,0.0,0.0,3.0,-4.0,0.0,2.0,1.0,5.0,0.0,0.0,21.2,1271.0
1921541,M. Corbera Busqueta,981300,HESTIA MENORCA,,6,Rolling Big,https://imagenes.feb.es/Foto.aspx?c=1921541,1,0,2.2,0.0,0.0,0.0,0.0,0.0,0.0,0.0,0.0,1.0,0.0,0.0,-4.0,-1.0,0.0,0.0,0.0,0.0,0.0,0.0,0.0,0.0,0.0,0.0,0.0,0.0,0.0,100.0,-1.0,0.0,0.0,100.0,0.0,0.0,20.7,0.0,0.0,0.0,0.0,0.0,1.0,-1.0,0.0,0.0,0.0,0.0,0.0,0.0,2.2,132.0
2339515,I. Pons Pons,981300,HESTIA MENORCA,,6,Rolling Big,https://imagenes.feb.es/Foto.aspx?c=2339515,1,0,1.9,0.0,0.0,0.0,0.0,0.0,0.0,0.0,0.0,1.0,0.0,0.0,-2.0,-1.0,0.0,0.0,0.0,0.0,0.0,0.0,0.0,0.0,0.0,0.0,0.0,0.0,0.0,100.0,-1.0,0.0,0.0,100.0,0.0,0.0,26.6,0.0,0.0,0.0,0.0,0.0,1.0,-1.0,0.0,0.0,0.0,0.0,0.0,0.0,1.9,113.0
1285873,M. Torres Cuevas,979989,HLA ALICANTE,PG,1,High Volume Scorer,https://imagenes.feb.es/Foto.aspx?c=1285873,25,24,23.6,10.0,0.7,1.4,2.1,3.0,0.6,0.1,0.2,1.4,3.0,3.8,-1.7,10.5,2.0,4.4,46.8,1.2,3.0,38.7,2.4,3.0,81.1,57.5,51.4,40.8,40.2,13.9,7.0,64.5,58.1,13.6,3.8,42.8,20.5,249.0,53.0,76.0,16.0,2.0,35.0,263.0,51.0,109.0,29.0,75.0,60.0,74.0,590.9,35471.0
2787126,S. Ceccardi,979989,HLA ALICANTE,PG,1,High Volume Scorer,https://imagenes.feb.es/Foto.aspx?c=2787126,20,0,15.0,5.8,0.2,1.6,1.8,2.8,0.2,0.0,0.2,1.6,2.4,1.8,3.4,6.0,1.0,2.0,48.8,0.7,2.0,34.1,1.6,1.8,94.3,59.0,50.0,50.0,42.7,25.3,3.8,69.6,63.4,24.5,1.1,46.4,22.1,115.0,36.0,57.0,5.0,0.0,33.0,119.0,20.0,41.0,14.0,41.0,33.0,35.0,301.0,18063.0
1381662,S. Llorente Paz,979989,HLA ALICANTE,PG,1,High Volume Scorer,https://imagenes.feb.es/Foto.aspx?c=1381662,19,2,7.1,1.4,0.2,0.4,0.6,0.5,0.2,0.0,0.1,0.5,1.7,0.3,-0.9,-0.1,0.2,0.3,50.0,0.3,0.9,33.3,0.1,0.1,100.0,52.3,50.0,75.0,8.3,26.6,0.3,75.0,52.3,26.6,3.8,8.3,12.1,26.0,11.0,10.0,4.0,0.0,9.0,-1.0,3.0,6.0,6.0,18.0,2.0,2.0,135.4,8122.0
2863973,E. Polanco Tavarez,979989,HLA ALICANTE,SF,3,High Volume Scorer,https://imagenes.feb.es/Foto.aspx?c=2863973,13,7,21.2,11.3,0.8,2.0,2.8,1.8,0.4,0.1,0.5,1.9,1.6,3.3,-6.0,11.5,1.8,4.2,43.6,1.2,2.7,42.9,4.2,4.8,85.7,62.4,51.7,38.9,70.0,17.5,7.7,61.3,63.0,16.5,3.7,75.0,24.4,147.0,36.0,24.0,5.0,1.0,25.0,150.0,24.0,55.0,15.0,35.0,54.0,63.0,275.5,16544.0
2868623,J. Bone,979989,HLA ALICANTE,SF,3,High Volume Scorer,https://imagenes.feb.es/Foto.aspx?c=2868623,4,1,23.0,11.0,0.8,1.8,2.5,0.8,0.2,0.0,0.0,1.0,1.5,1.2,-5.2,7.0,0.8,3.2,23.1,3.0,6.0,50.0,0.5,1.2,40.0,56.1,56.8,64.9,13.5,9.3,6.0,76.7,59.0,8.5,5.1,16.7,25.6,44.0,10.0,3.0,1.0,0.0,4.0,28.0,3.0,13.0,12.0,24.0,2.0,5.0,92.1,5521.0
2868750,Y. Joseph,979989,HLA ALICANTE,SF,3,Rolling Big,https://imagenes.feb.es/Foto.aspx?c=2868750,5,0,16.5,7.2,0.0,1.6,1.6,2.2,0.4,0.0,0.2,1.0,2.4,1.0,2.4,5.6,1.6,3.6,44.4,1.2,2.6,46.2,0.4,0.4,100.0,56.5,54.8,41.9,6.5,13.6,4.4,57.7,50.0,27.8,0.0,0.0,21.6,36.0,8.0,11.0,2.0,0.0,5.0,28.0,8.0,18.0,6.0,13.0,2.0,2.0,82.5,4952.0
1676991,A. Jorda Rodriguez,979989,HLA ALICANTE,SF,3,High Volume Scorer,https://imagenes.feb.es/Foto.aspx?c=1676991,26,7,17.2,7.0,0.3,1.0,1.3,1.3,0.4,0.0,0.2,0.9,2.6,0.6,2.5,3.9,1.0,2.2,46.4,1.4,3.4,42.0,0.7,0.7,100.0,59.6,56.6,61.1,12.5,13.1,3.9,73.7,59.4,12.5,2.1,12.2,19.7,181.0,33.0,33.0,11.0,0.0,23.0,101.0,26.0,56.0,37.0,88.0,18.0,18.0,447.2,26835.0
1869378,U. Mendicote Rubio,979989,HLA ALICANTE,SF,3,Stretch Big,https://imagenes.feb.es/Foto.aspx?c=1869378,21,3,19.1,6.6,1.1,2.0,3.1,0.8,0.7,0.0,0.3,0.7,1.4,2.6,1.2,8.3,1.7,3.1,53.0,0.4,1.3,29.6,2.1,3.2,66.2,56.5,50.5,29.0,73.1,10.2,5.3,63.0,58.4,7.8,7.8,72.8,15.8,139.0,66.0,17.0,14.0,1.0,14.0,175.0,35.0,66.0,8.0,27.0,45.0,68.0,400.1,24010.0
2734619,J. Mwema,979989,HLA ALICANTE,SF,3,Shooter Specialist,https://imagenes.feb.es/Foto.aspx?c=2734619,23,8,20.1,6.0,0.4,3.3,3.7,0.8,0.9,0.0,0.2,0.8,1.9,1.4,-1.8,7.5,0.6,1.2,51.9,1.2,3.4,35.9,1.1,1.2,92.9,58.8,53.3,74.3,26.7,13.3,4.8,76.3,57.6,13.6,3.0,26.8,14.7,138.0,86.0,19.0,21.0,1.0,18.0,172.0,14.0,27.0,28.0,78.0,26.0,28.0,461.6,27707.0
2817123,D. Geu,979989,HLA ALICANTE,PF,4,3&D Wing,https://imagenes.feb.es/Foto.aspx?c=2817123,25,19,17.2,6.0,1.2,2.7,3.8,0.5,0.4,0.1,0.3,0.6,1.9,1.2,0.3,6.5,1.5,2.9,52.1,0.7,2.0,34.0,0.9,1.2,73.3,54.7,51.6,40.7,24.4,9.9,4.3,67.1,57.2,10.3,8.6,25.6,17.7,149.0,96.0,13.0,9.0,3.0,15.0,163.0,38.0,73.0,17.0,50.0,22.0,30.0,428.8,25737.0
1997161,I. Tamba Villen,979989,HLA ALICANTE,PF,4,3&D Wing,https://imagenes.feb.es/Foto.aspx?c=1997161,21,5,8.7,2.5,0.6,1.1,1.7,0.2,0.0,0.3,0.1,0.4,0.9,0.3,-1.6,2.4,0.9,1.9,47.5,0.1,0.4,33.3,0.3,0.4,75.0,50.5,48.0,18.4,16.3,13.2,1.7,56.4,52.5,13.7,9.4,17.0,15.8,53.0,36.0,5.0,0.0,6.0,8.0,50.0,19.0,40.0,3.0,9.0,6.0,8.0,182.6,10939.0
2433482,K. Larsen,979989,HLA ALICANTE,C,5,Stretch Big,https://imagenes.feb.es/Foto.aspx?c=2433482,26,24,27.7,17.1,1.8,3.5,5.2,2.5,0.7,0.5,0.2,1.1,1.4,4.7,0.4,20.9,4.0,8.1,50.0,1.1,3.5,31.5,5.7,6.5,87.5,59.1,49.2,30.5,55.6,6.9,14.1,59.4,59.0,7.3,8.5,56.0,27.0,444.0,136.0,66.0,18.0,12.0,28.0,544.0,105.0,210.0,29.0,92.0,147.0,168.0,721.1,43274.0
2818653,B. Coulibaly,979989,HLA ALICANTE,C,5,Traditional Center,https://imagenes.feb.es/Foto.aspx?c=2818653,26,1,10.4,2.9,1.4,2.5,3.9,0.2,0.4,0.6,0.1,0.7,1.7,1.0,1.4,5.4,1.1,1.7,67.4,0.0,0.0,0.0,0.7,1.2,60.0,66.4,65.9,2.3,68.2,24.9,3.2,63.7,64.0,25.6,14.9,70.0,14.3,76.0,101.0,5.0,10.0,15.0,19.0,141.0,29.0,43.0,0.0,1.0,18.0,30.0,270.8,16246.0
2736303,J. Walker,979989,HLA ALICANTE,,6,High Volume Scorer,https://imagenes.feb.es/Foto.aspx?c=2736303,12,9,28.0,16.8,0.7,2.3,3.0,3.2,1.4,0.1,0.4,2.6,2.4,3.7,9.7,16.0,3.1,6.2,49.3,2.6,5.8,44.3,2.9,3.7,79.5,61.5,57.6,48.3,30.3,15.9,11.6,71.0,61.5,15.9,3.2,30.3,28.1,202.0,36.0,38.0,17.0,1.0,31.0,192.0,37.0,75.0,31.0,70.0,35.0,44.0,335.5,20132.0
2825760,S. Hollanders,979989,HLA ALICANTE,,6,Shooter Specialist,https://imagenes.feb.es/Foto.aspx?c=2825760,7,6,22.4,8.7,0.6,2.3,2.9,0.7,0.3,0.0,0.3,0.7,2.3,0.6,-4.7,6.3,1.0,1.9,53.8,2.1,5.0,42.9,0.3,0.4,66.7,61.8,61.5,72.9,6.2,9.2,5.4,78.4,56.1,2.5,3.9,8.1,16.8,61.0,20.0,5.0,2.0,0.0,5.0,44.0,7.0,13.0,15.0,35.0,2.0,3.0,156.9,9426.0
2836470,T. Richardson,979989,HLA ALICANTE,,6,3&D Wing,https://imagenes.feb.es/Foto.aspx?c=2836470,17,13,20.6,6.1,0.5,3.2,3.7,1.8,0.7,0.2,0.1,1.0,1.5,1.3,5.2,7.5,1.8,3.4,53.4,0.5,2.3,23.1,0.8,1.2,66.7,48.5,45.9,40.2,21.6,13.8,4.7,61.3,48.5,13.8,3.3,21.6,17.0,103.0,63.0,31.0,12.0,4.0,17.0,128.0,31.0,58.0,9.0,39.0,14.0,21.0,350.6,21033.0
2735928,B. Davison,979989,HLA ALICANTE,,6,Offensive Engine,https://imagenes.feb.es/Foto.aspx?c=2735928,1,1,16.5,3.0,0.0,0.0,0.0,5.0,1.0,0.0,1.0,1.0,4.0,2.0,0.0,4.0,0.0,1.0,0.0,1.0,2.0,50.0,0.0,0.0,0.0,50.0,50.0,66.7,0.0,25.0,3.2,66.7,50.0,25.0,0.0,0.0,12.6,3.0,0.0,5.0,1.0,0.0,1.0,4.0,0.0,1.0,1.0,2.0,0.0,0.0,16.5,988.0
2275973,I. Arroyo Varela,981203,INVEREADY GIPUZKOA,PG,1,High Volume Scorer,https://imagenes.feb.es/Foto.aspx?c=2275973,23,20,23.1,8.7,0.8,1.4,2.2,3.3,0.7,0.1,0.1,1.4,2.0,1.9,2.7,9.1,1.2,2.3,51.9,1.7,4.5,36.5,1.3,1.7,79.5,57.5,53.8,66.7,25.0,15.6,6.7,75.2,58.3,16.0,4.7,25.8,19.0,199.0,50.0,76.0,15.0,2.0,32.0,209.0,27.0,52.0,38.0,104.0,31.0,39.0,531.8,31914.0
1822814,G. Maiza Apecechea,981203,INVEREADY GIPUZKOA,PG,1,High Volume Scorer,https://imagenes.feb.es/Foto.aspx?c=1822814,24,8,18.3,6.3,0.4,0.9,1.3,2.4,0.3,0.1,0.2,1.2,1.7,2.2,0.1,5.8,0.8,2.0,40.4,1.2,3.7,32.6,1.1,1.3,84.4,50.6,46.0,65.4,23.5,16.7,3.7,69.5,52.4,17.1,2.7,24.4,19.5,152.0,31.0,58.0,7.0,2.0,30.0,139.0,19.0,47.0,29.0,89.0,27.0,32.0,438.6,26317.0
1749125,A. Zubizarreta Aranbarri,981203,INVEREADY GIPUZKOA,PG,1,Offensive Engine,https://imagenes.feb.es/Foto.aspx?c=1749125,20,3,13.4,3.6,0.5,1.2,1.6,1.8,0.2,0.0,0.0,1.2,1.8,1.8,1.6,3.8,0.8,1.5,50.0,0.4,1.8,19.4,1.0,1.0,95.2,47.2,38.6,54.5,31.8,24.9,1.9,62.1,49.8,25.2,4.7,33.9,18.1,71.0,33.0,35.0,5.0,1.0,25.0,75.0,15.0,30.0,7.0,36.0,20.0,21.0,267.7,16061.0
1447983,M. Motos Cabodevilla,981203,INVEREADY GIPUZKOA,SG,2,3&D Wing,https://imagenes.feb.es/Foto.aspx?c=1447983,20,7,15.5,2.8,0.8,1.8,2.6,1.2,0.6,0.0,0.0,0.8,1.9,0.8,-0.2,3.2,0.6,1.4,48.1,0.4,1.6,25.0,0.2,0.4,71.4,44.3,42.4,54.2,11.9,21.5,2.0,62.9,45.0,21.8,6.7,12.1,12.3,55.0,52.0,23.0,13.0,0.0,17.0,63.0,13.0,27.0,8.0,32.0,5.0,7.0,309.7,18585.0
2862573,J. Tate,981203,INVEREADY GIPUZKOA,SF,3,Lead Guard,https://imagenes.feb.es/Foto.aspx?c=2862573,12,5,21.4,12.8,0.7,1.3,2.0,4.4,1.0,0.0,0.7,1.9,3.3,2.7,12.2,12.2,4.2,7.1,60.0,0.9,2.8,32.4,1.5,2.1,72.0,58.8,56.7,28.6,21.0,15.0,9.4,70.1,63.6,15.2,3.5,21.5,28.2,153.0,24.0,53.0,12.0,0.0,23.0,147.0,51.0,85.0,11.0,34.0,18.0,25.0,256.7,15404.0
2814207,T. Mcghie,981203,INVEREADY GIPUZKOA,SF,3,High Volume Scorer,https://imagenes.feb.es/Foto.aspx?c=2814207,23,11,22.0,9.7,0.3,2.0,2.3,0.8,0.6,0.4,0.2,1.0,1.5,1.2,2.2,7.4,1.3,2.6,50.0,2.0,5.6,36.4,0.9,1.1,80.8,55.4,53.2,68.3,13.8,9.9,5.8,75.1,55.6,9.4,1.6,14.4,21.2,222.0,53.0,18.0,13.0,9.0,22.0,170.0,30.0,60.0,47.0,129.0,21.0,26.0,506.0,30376.0
2082685,M. Ansorregui Deba,981203,INVEREADY GIPUZKOA,SF,3,3&D Wing,https://imagenes.feb.es/Foto.aspx?c=2082685,25,11,22.8,8.0,1.8,3.6,5.5,1.0,1.2,0.2,0.3,0.5,1.6,1.4,2.7,10.8,2.8,5.6,48.9,0.4,1.5,28.9,1.2,1.6,75.0,51.1,47.8,21.2,22.3,6.2,7.4,56.4,52.2,6.4,9.4,20.8,17.5,201.0,137.0,25.0,29.0,6.0,13.0,269.0,69.0,141.0,11.0,38.0,30.0,40.0,570.3,34206.0
2678649,O. Hanzlik,981203,INVEREADY GIPUZKOA,SF,3,Shooter Specialist,https://imagenes.feb.es/Foto.aspx?c=2678649,25,14,20.2,7.8,0.7,1.7,2.4,0.7,0.6,0.2,0.0,0.2,1.2,1.0,1.9,7.2,0.7,1.0,68.0,1.8,5.2,34.4,1.0,1.3,78.1,57.0,54.2,84.0,20.5,3.4,5.8,80.5,55.5,3.6,4.6,20.1,17.0,194.0,60.0,17.0,15.0,5.0,6.0,179.0,17.0,25.0,45.0,131.0,25.0,32.0,504.8,30298.0
2813562,G. Korsantia,981203,INVEREADY GIPUZKOA,PF,4,Traditional Center,https://imagenes.feb.es/Foto.aspx?c=2813562,25,16,21.5,9.9,3.0,4.2,7.2,1.3,1.1,0.2,0.4,1.9,2.9,3.0,3.0,12.9,3.6,6.7,53.3,0.2,1.2,12.9,2.3,3.2,72.5,53.2,48.0,15.7,40.4,17.1,8.0,55.4,54.1,17.4,17.1,40.3,25.0,248.0,180.0,33.0,28.0,6.0,48.0,322.0,89.0,167.0,4.0,31.0,58.0,80.0,538.1,32288.0
2640663,A. Ngom,981203,INVEREADY GIPUZKOA,C,5,Traditional Center,https://imagenes.feb.es/Foto.aspx?c=2640663,24,6,16.5,8.4,1.3,3.9,5.2,0.6,0.2,1.3,0.1,1.7,2.8,2.9,3.2,11.7,3.1,4.4,70.5,0.0,0.2,20.0,2.1,3.3,63.7,69.6,68.6,4.5,72.7,21.6,6.9,72.5,72.0,21.9,10.6,74.5,22.0,202.0,126.0,14.0,6.0,32.0,40.0,280.0,74.0,105.0,1.0,5.0,51.0,80.0,396.5,23787.0
1988355,J. Nicolau Aledon,981203,INVEREADY GIPUZKOA,C,5,Stretch Big,https://imagenes.feb.es/Foto.aspx?c=1988355,25,19,19.5,8.0,1.2,2.3,3.5,1.2,0.5,1.0,0.2,1.0,2.6,2.7,3.3,10.3,2.8,4.6,60.5,0.2,0.2,80.0,2.0,3.1,62.8,64.9,63.0,4.2,65.5,14.0,6.9,63.0,64.6,13.8,8.3,67.8,17.8,199.0,88.0,31.0,12.0,25.0,25.0,258.0,69.0,114.0,4.0,5.0,49.0,78.0,488.2,29291.0
2813563,L. Terry,981203,INVEREADY GIPUZKOA,,6,Lead Guard,https://imagenes.feb.es/Foto.aspx?c=2813563,8,5,19.9,10.2,0.6,1.2,1.9,1.2,1.1,0.1,0.4,2.5,2.5,2.5,-2.5,6.1,3.0,5.8,52.2,0.6,3.4,18.5,2.4,2.9,82.6,49.3,43.2,37.0,31.5,19.4,4.5,58.2,49.3,19.4,3.9,31.5,30.8,82.0,15.0,10.0,9.0,1.0,20.0,49.0,24.0,46.0,5.0,27.0,19.0,23.0,159.0,9539.0
1535344,I. Rosa Pompido,981203,INVEREADY GIPUZKOA,,6,Rolling Big,https://imagenes.feb.es/Foto.aspx?c=1535344,7,0,8.1,1.9,0.7,0.9,1.6,0.1,0.3,0.1,0.0,0.4,2.1,1.0,-0.7,0.3,0.4,1.0,42.9,0.1,1.1,12.5,0.6,1.1,50.0,35.1,30.0,53.3,53.3,13.9,0.3,52.3,31.3,19.0,9.4,36.4,19.3,13.0,11.0,1.0,2.0,1.0,3.0,2.0,3.0,7.0,1.0,8.0,4.0,8.0,56.7,3396.0
2303399,E. Martinez Cendon,981203,INVEREADY GIPUZKOA,,6,Rolling Big,https://imagenes.feb.es/Foto.aspx?c=2303399,1,0,0.6,0.0,1.0,0.0,1.0,0.0,0.0,0.0,0.0,0.0,0.0,0.0,0.0,1.0,0.0,0.0,0.0,0.0,0.0,0.0,0.0,0.0,0.0,0.0,0.0,0.0,0.0,0.0,0.7,0.0,0.0,0.0,202.0,0.0,0.0,0.0,1.0,0.0,0.0,0.0,0.0,1.0,0.0,0.0,0.0,0.0,0.0,0.0,0.6,38.0
2644143,C. De Souza Pacheco,980004,LEYMA CORUÑA,PG,1,High Volume Scorer,https://imagenes.feb.es/Foto.aspx?c=2644143,24,13,21.1,11.0,0.3,1.5,1.8,4.8,0.8,0.0,0.2,1.7,2.1,3.2,5.3,12.5,2.4,5.1,47.2,1.3,3.4,39.5,2.2,2.8,78.8,56.6,52.0,39.7,32.4,15.0,8.6,62.9,55.5,14.0,2.1,32.5,24.9,264.0,43.0,115.0,19.0,1.0,41.0,299.0,58.0,123.0,32.0,81.0,52.0,66.0,507.5,30446.0
2557970,D. Cuevas Simarro,980004,LEYMA CORUÑA,PG,1,Lead Guard,https://imagenes.feb.es/Foto.aspx?c=2557970,26,13,21.1,7.4,0.7,2.3,2.9,5.8,1.5,0.0,0.3,1.9,1.1,2.8,8.0,11.8,1.0,2.7,38.6,1.2,4.3,26.8,1.8,2.7,69.6,45.2,39.6,61.5,37.9,18.7,7.4,62.5,45.5,17.4,4.2,36.9,22.0,192.0,76.0,151.0,39.0,0.0,49.0,307.0,27.0,70.0,30.0,112.0,48.0,69.0,549.6,32975.0
2371535,P. Jorgensen,980004,LEYMA CORUÑA,SG,2,Lead Guard,https://imagenes.feb.es/Foto.aspx?c=2371535,26,13,21.7,12.7,0.5,2.3,2.8,1.9,1.2,0.1,0.4,0.9,1.6,2.6,5.5,12.1,2.8,5.8,48.7,1.8,4.7,37.7,1.7,2.4,72.6,55.0,52.2,44.9,22.8,7.4,8.9,65.4,54.1,7.8,2.8,23.5,25.4,329.0,72.0,49.0,30.0,3.0,24.0,314.0,73.0,150.0,46.0,122.0,45.0,62.0,564.4,33867.0
2452677,J. Cremo,980004,LEYMA CORUÑA,SG,2,High Volume Scorer,https://imagenes.feb.es/Foto.aspx?c=2452677,26,13,21.7,11.3,0.9,1.7,2.5,2.3,0.7,0.0,0.1,1.3,2.2,2.5,9.5,10.5,1.8,4.3,42.5,1.7,4.3,38.7,2.7,3.0,90.9,57.2,50.2,49.6,34.4,11.6,7.8,63.6,55.6,10.5,5.0,35.4,23.0,295.0,66.0,60.0,17.0,1.0,34.0,273.0,48.0,113.0,43.0,111.0,70.0,77.0,565.2,33924.0
2843861,D. Radoncic,980004,LEYMA CORUÑA,SF,3,Shooter Specialist,https://imagenes.feb.es/Foto.aspx?c=2843861,20,19,20.5,9.3,1.2,2.8,3.9,2.0,0.5,0.2,0.1,1.4,2.0,2.4,10.4,12.6,3.1,3.9,79.5,0.4,1.2,36.0,1.8,2.4,74.5,75.2,73.3,24.3,45.6,19.0,8.3,81.1,75.2,19.0,7.0,45.6,16.8,186.0,78.0,41.0,10.0,3.0,29.0,251.0,62.0,78.0,9.0,25.0,35.0,47.0,409.8,24575.0
1541543,J. Diaz Alejano,980004,LEYMA CORUÑA,SF,3,Shooter Specialist,https://imagenes.feb.es/Foto.aspx?c=1541543,22,1,17.7,8.4,1.0,2.7,3.7,0.7,0.7,0.2,0.1,0.5,1.7,1.0,7.3,10.0,1.7,2.7,63.3,1.4,2.9,48.4,0.7,0.8,88.2,70.0,68.1,51.6,13.7,7.7,7.4,84.9,73.5,6.7,7.1,10.4,15.4,184.0,82.0,16.0,16.0,4.0,11.0,219.0,38.0,60.0,31.0,64.0,15.0,17.0,389.3,23358.0
1491674,G. Jou Coll,980004,LEYMA CORUÑA,SF,3,Shooter Specialist,https://imagenes.feb.es/Foto.aspx?c=1491674,26,24,19.3,7.8,1.2,2.5,3.7,1.0,0.8,0.0,0.0,0.3,1.7,1.7,7.5,9.6,0.7,1.1,62.1,1.8,4.2,42.2,1.1,1.6,69.0,64.9,63.0,79.0,30.4,4.9,7.0,84.8,64.4,5.4,7.7,34.4,14.3,203.0,96.0,25.0,21.0,1.0,8.0,250.0,18.0,29.0,46.0,109.0,29.0,42.0,501.8,30112.0
2814190,D. Brnovic,980004,LEYMA CORUÑA,SF,3,Shooter Specialist,https://imagenes.feb.es/Foto.aspx?c=2814190,25,3,12.4,4.7,0.7,1.2,1.9,0.6,0.2,0.0,0.1,0.4,1.1,0.9,2.2,4.5,0.7,1.3,54.5,0.8,2.1,37.7,0.8,1.2,67.7,58.7,55.8,61.6,36.0,9.1,3.4,74.4,58.9,8.0,7.4,39.7,15.8,117.0,47.0,15.0,6.0,0.0,10.0,113.0,18.0,33.0,20.0,53.0,21.0,31.0,311.0,18651.0
2814191,M. Braz,980004,LEYMA CORUÑA,PF,4,Traditional Center,https://imagenes.feb.es/Foto.aspx?c=2814191,20,2,5.9,2.2,0.6,0.6,1.2,0.0,0.0,0.2,0.0,0.2,1.4,0.5,-0.8,1.4,0.8,1.4,57.1,0.0,0.2,25.0,0.5,0.9,55.6,56.4,54.7,12.5,56.2,9.1,1.3,53.4,49.9,10.0,12.3,55.2,17.7,45.0,23.0,1.0,1.0,3.0,4.0,29.0,16.0,28.0,1.0,4.0,10.0,18.0,117.4,7043.0
1848359,I. Diop Gaye,980004,LEYMA CORUÑA,C,5,Traditional Center,https://imagenes.feb.es/Foto.aspx?c=1848359,26,8,19.1,8.2,1.9,3.5,5.4,0.8,0.6,0.7,0.2,1.5,2.8,2.4,9.3,10.2,2.7,4.5,59.3,0.2,1.3,14.3,2.3,2.9,77.6,57.4,50.7,22.9,49.7,16.9,6.4,63.0,59.1,17.0,11.5,46.5,20.0,214.0,140.0,21.0,16.0,17.0,38.0,264.0,70.0,118.0,5.0,35.0,59.0,76.0,497.7,29856.0
2862313,S. Barro,980004,LEYMA CORUÑA,C,5,Traditional Center,https://imagenes.feb.es/Foto.aspx?c=2862313,17,10,13.7,7.6,1.4,2.0,3.4,0.2,0.4,0.2,0.2,0.7,2.3,2.3,3.2,9.5,2.5,3.5,72.9,0.0,0.1,0.0,2.5,3.2,79.6,77.0,71.7,1.7,90.0,12.5,6.5,75.0,78.3,10.8,13.2,87.0,18.7,129.0,58.0,3.0,7.0,4.0,12.0,161.0,43.0,59.0,0.0,1.0,43.0,54.0,232.5,13962.0
2815798,A. Thiam,980004,LEYMA CORUÑA,C,5,Stretch Big,https://imagenes.feb.es/Foto.aspx?c=2815798,26,8,17.1,7.2,2.0,3.2,5.2,0.5,0.7,0.3,0.3,0.8,2.8,1.4,4.7,8.5,3.0,5.8,51.3,0.0,0.0,100.0,1.2,1.4,81.1,55.9,52.0,0.7,24.5,11.2,5.8,53.6,57.6,11.5,13.8,23.7,18.9,187.0,136.0,12.0,17.0,7.0,21.0,222.0,77.0,150.0,1.0,1.0,30.0,37.0,444.6,26693.0
2651052,Y. Mencia Hernandez,980004,LEYMA CORUÑA,,6,Lead Guard,https://imagenes.feb.es/Foto.aspx?c=2651052,3,3,20.5,8.7,1.3,4.3,5.7,0.3,2.7,0.0,0.3,2.3,2.3,3.0,7.7,10.0,3.0,5.7,52.9,0.3,2.3,14.3,1.7,2.7,62.5,47.2,43.8,29.2,33.3,20.3,5.9,56.2,47.2,20.3,7.8,33.3,24.4,26.0,17.0,1.0,8.0,0.0,7.0,30.0,9.0,17.0,1.0,7.0,5.0,8.0,61.6,3693.0
2869453,S. Micovic,980004,LEYMA CORUÑA,,6,,https://imagenes.feb.es/Foto.aspx?c=2869453,1,0,10.7,4.0,0.0,1.0,1.0,0.0,0.0,0.0,0.0,0.0,1.0,0.0,1.0,2.0,2.0,2.0,100.0,0.0,2.0,0.0,0.0,0.0,0.0,50.0,50.0,50.0,0.0,0.0,1.9,,,,,,,4.0,1.0,0.0,0.0,0.0,0.0,2.0,2.0,2.0,0.0,2.0,0.0,0.0,10.7,641.0
2039654,C. Varela Romero,980004,LEYMA CORUÑA,,6,Offensive Engine,https://imagenes.feb.es/Foto.aspx?c=2039654,8,0,4.4,1.0,0.1,0.2,0.4,0.6,0.2,0.0,0.0,0.4,0.9,0.5,1.0,1.0,0.1,0.2,50.0,0.2,0.6,40.0,0.0,0.0,0.0,57.1,57.1,71.4,0.0,30.0,0.7,78.6,57.1,30.0,3.5,0.0,13.4,8.0,3.0,5.0,2.0,0.0,3.0,8.0,1.0,2.0,2.0,5.0,0.0,0.0,35.1,2108.0
2739841,M. Oillataguerre,980004,LEYMA CORUÑA,,6,Rolling Big,https://imagenes.feb.es/Foto.aspx?c=2739841,1,0,1.6,0.0,0.0,0.0,0.0,0.0,0.0,0.0,0.0,1.0,1.0,0.0,0.0,-2.0,0.0,0.0,0.0,0.0,0.0,0.0,0.0,0.0,0.0,0.0,0.0,0.0,0.0,100.0,-1.4,0.0,0.0,100.0,0.0,0.0,27.6,0.0,0.0,0.0,0.0,0.0,1.0,-2.0,0.0,0.0,0.0,0.0,0.0,0.0,1.6,96.0
2787126,S. Ceccardi,979769,MELILLA CIUDAD DEL DEPORTE,PG,1,High Volume Scorer,https://imagenes.feb.es/Foto.aspx?c=2787126,4,4,20.6,11.0,1.2,1.5,2.8,2.5,0.8,0.0,1.2,1.8,3.0,3.0,-10.2,10.8,2.2,4.2,52.9,1.2,3.8,33.3,2.8,2.8,100.0,59.7,51.6,46.9,34.4,16.0,7.7,69.6,63.4,24.5,1.1,46.4,22.1,44.0,11.0,10.0,3.0,0.0,7.0,43.0,9.0,17.0,5.0,15.0,11.0,11.0,82.3,4937.0
1251001,C. Diaz Rodriguez,979769,MELILLA CIUDAD DEL DEPORTE,PG,1,Offensive Engine,https://imagenes.feb.es/Foto.aspx?c=1251001,24,10,20.9,7.2,0.6,1.2,1.8,3.0,0.8,0.0,0.2,1.9,2.2,4.0,-4.1,8.4,1.1,3.3,34.2,0.8,2.5,30.5,2.8,3.1,88.0,50.9,39.1,42.8,54.3,20.8,4.7,54.4,50.5,21.4,3.4,49.3,20.1,174.0,42.0,71.0,19.0,0.0,45.0,201.0,27.0,79.0,18.0,59.0,66.0,75.0,501.1,30074.0
1978541,J. Garcia Sanchez,979769,MELILLA CIUDAD DEL DEPORTE,PG,1,Offensive Engine,https://imagenes.feb.es/Foto.aspx?c=1978541,25,11,21.0,6.3,0.4,1.4,1.7,3.4,0.5,0.0,0.1,1.5,2.1,1.5,-5.4,5.4,0.8,2.2,37.0,1.4,4.3,31.8,0.6,0.9,69.6,46.2,44.1,66.5,14.3,17.8,3.8,64.6,44.4,18.9,1.7,16.0,18.2,158.0,43.0,86.0,13.0,0.0,37.0,134.0,20.0,54.0,34.0,107.0,16.0,23.0,525.7,31536.0
2819191,M. Heron,979769,MELILLA CIUDAD DEL DEPORTE,SG,2,High Volume Scorer,https://imagenes.feb.es/Foto.aspx?c=2819191,16,11,23.2,13.6,0.6,1.6,2.1,0.9,0.6,0.1,0.1,2.6,2.6,3.3,-6.6,9.6,3.3,6.1,54.6,1.4,3.6,37.9,2.8,3.6,77.6,60.1,55.5,37.4,37.4,18.9,6.9,66.7,58.6,18.2,3.5,31.3,27.5,217.0,34.0,15.0,10.0,1.0,42.0,154.0,53.0,97.0,22.0,58.0,45.0,58.0,371.1,22260.0
2532075,N. Hoover,979769,MELILLA CIUDAD DEL DEPORTE,SG,2,3&D Wing,https://imagenes.feb.es/Foto.aspx?c=2532075,7,5,25.2,8.7,0.4,1.0,1.4,1.1,0.6,0.0,0.0,1.3,1.6,1.7,-6.3,4.7,1.3,3.1,40.9,1.7,5.4,31.6,1.0,1.4,70.0,47.4,45.0,63.3,16.7,12.3,3.8,64.2,44.2,11.0,1.4,15.1,19.2,61.0,10.0,8.0,4.0,0.0,9.0,33.0,9.0,22.0,12.0,38.0,7.0,10.0,176.2,10578.0
1677841,P. Cordoba Muro,979769,MELILLA CIUDAD DEL DEPORTE,SG,2,3&D Wing,https://imagenes.feb.es/Foto.aspx?c=1677841,25,17,20.6,7.2,1.2,2.1,3.3,1.4,1.0,0.0,0.4,1.0,2.8,2.0,-5.2,6.6,2.0,4.1,48.0,0.7,2.8,24.6,1.3,1.8,72.7,47.5,43.6,40.4,25.7,11.6,4.7,59.2,48.9,12.3,7.4,26.1,18.9,181.0,83.0,35.0,26.0,1.0,25.0,164.0,49.0,102.0,17.0,69.0,32.0,44.0,516.2,30968.0
2866764,M. Caicedo Sanchez,979769,MELILLA CIUDAD DEL DEPORTE,SF,3,Lead Guard,https://imagenes.feb.es/Foto.aspx?c=2866764,8,8,24.6,8.8,1.6,2.9,4.5,2.6,2.1,0.2,0.5,1.4,1.5,2.9,-8.1,12.5,2.6,5.1,51.2,0.6,2.9,21.7,1.6,2.6,61.9,47.8,44.5,35.9,32.8,13.1,8.2,62.5,51.0,12.5,8.1,37.5,19.8,70.0,36.0,21.0,17.0,2.0,11.0,100.0,21.0,41.0,5.0,23.0,13.0,21.0,196.8,11815.0
1373532,S. Rodriguez Febles,979769,MELILLA CIUDAD DEL DEPORTE,SF,3,3&D Wing,https://imagenes.feb.es/Foto.aspx?c=1373532,11,2,20.1,8.5,1.6,2.0,3.6,0.9,0.7,0.3,0.3,1.5,1.6,2.5,-5.5,9.0,2.0,3.5,56.4,1.2,3.4,35.1,1.0,1.8,55.0,55.4,54.6,48.7,26.3,15.9,5.8,71.5,57.3,14.1,9.3,29.2,22.0,94.0,40.0,10.0,8.0,3.0,16.0,99.0,22.0,39.0,13.0,37.0,11.0,20.0,220.8,13251.0
2734873,P. Krutous,979769,MELILLA CIUDAD DEL DEPORTE,SF,3,Shooter Specialist,https://imagenes.feb.es/Foto.aspx?c=2734873,22,5,15.5,2.9,0.5,0.9,1.4,0.6,0.2,0.0,0.1,0.5,1.3,0.3,-2.8,2.3,0.5,0.9,63.2,0.5,1.5,35.3,0.2,0.2,80.0,58.0,56.6,64.2,9.4,15.3,1.9,79.2,60.8,13.7,4.5,10.4,8.5,64.0,31.0,13.0,4.0,0.0,10.0,51.0,12.0,19.0,12.0,34.0,4.0,5.0,340.3,20430.0
1382710,I. Cruz Uceda,979769,MELILLA CIUDAD DEL DEPORTE,PF,4,Stretch Big,https://imagenes.feb.es/Foto.aspx?c=1382710,14,14,24.5,13.3,2.3,6.0,8.3,2.5,0.7,0.1,0.1,1.7,1.6,2.0,-6.1,17.9,3.2,6.6,48.9,2.0,4.2,47.5,0.9,1.0,85.7,59.2,57.6,39.1,9.3,13.2,11.3,69.0,59.6,14.6,9.7,9.3,23.7,186.0,116.0,35.0,10.0,1.0,24.0,250.0,45.0,92.0,28.0,59.0,12.0,14.0,342.4,20544.0
2734242,M. Stilma,979769,MELILLA CIUDAD DEL DEPORTE,PF,4,Offensive Engine,https://imagenes.feb.es/Foto.aspx?c=2734242,22,3,12.3,4.5,0.8,1.7,2.5,0.8,0.4,0.1,0.2,1.3,1.9,1.3,-4.5,3.7,0.9,1.9,47.6,0.5,2.0,27.9,1.0,1.4,76.7,50.4,44.7,50.6,35.3,22.8,2.3,60.6,48.3,23.1,7.7,37.5,21.7,99.0,54.0,18.0,8.0,3.0,29.0,81.0,20.0,42.0,12.0,43.0,23.0,30.0,271.0,16250.0
1878729,J. Godspower Johnson,979769,MELILLA CIUDAD DEL DEPORTE,PF,4,3&D Wing,https://imagenes.feb.es/Foto.aspx?c=1878729,24,6,14.3,3.9,0.4,2.2,2.5,0.7,0.6,0.2,0.0,0.8,1.6,0.3,-1.1,3.1,0.6,1.4,42.4,0.8,2.7,31.2,0.2,0.4,55.6,46.1,45.4,66.0,9.3,15.8,2.3,70.5,48.3,17.1,2.3,10.8,15.9,93.0,61.0,17.0,15.0,6.0,19.0,75.0,14.0,33.0,20.0,64.0,5.0,9.0,343.0,20588.0
2647156,L. Debaut,979769,MELILLA CIUDAD DEL DEPORTE,C,5,Stretch Big,https://imagenes.feb.es/Foto.aspx?c=2647156,17,7,17.3,8.0,2.5,3.4,5.9,0.5,0.5,0.2,0.2,1.4,2.0,2.6,-8.3,10.9,2.6,4.6,57.7,0.2,0.6,36.4,2.0,3.1,65.4,60.8,57.3,12.4,58.4,17.1,6.7,61.2,60.8,17.1,17.0,58.4,21.1,136.0,100.0,8.0,8.0,4.0,23.0,186.0,45.0,78.0,4.0,11.0,34.0,52.0,294.9,17695.0
2451278,D. Poirier,979769,MELILLA CIUDAD DEL DEPORTE,,6,Stretch Big,https://imagenes.feb.es/Foto.aspx?c=2451278,15,9,20.9,11.4,1.1,6.2,7.3,0.9,0.2,0.4,0.2,2.0,2.1,2.5,-6.2,14.5,3.3,5.6,58.3,1.0,2.1,48.4,1.9,2.5,75.7,65.1,62.2,27.0,32.2,18.6,8.4,69.1,65.1,18.6,6.2,32.2,24.0,171.0,109.0,14.0,3.0,6.0,30.0,218.0,49.0,84.0,15.0,31.0,28.0,37.0,314.0,18840.0
2739848,R. Stumbris,979769,MELILLA CIUDAD DEL DEPORTE,,6,3&D Wing,https://imagenes.feb.es/Foto.aspx?c=2739848,10,9,24.1,7.6,0.9,2.1,3.0,1.3,0.5,0.2,0.1,1.4,2.3,1.6,-7.4,5.5,1.8,3.5,51.4,1.0,3.9,25.6,1.0,1.4,71.4,47.4,44.6,52.7,18.9,14.9,3.9,65.9,50.7,12.5,4.1,25.0,17.0,76.0,30.0,13.0,5.0,2.0,14.0,55.0,18.0,35.0,10.0,39.0,10.0,14.0,241.3,14477.0
2869128,N. Mc Mullen,979769,MELILLA CIUDAD DEL DEPORTE,,6,,https://imagenes.feb.es/Foto.aspx?c=2869128,2,1,16.0,6.0,2.0,5.0,7.0,1.0,0.0,0.5,0.5,2.0,2.5,2.0,-12.5,6.5,1.5,5.0,30.0,0.5,2.5,20.0,1.5,1.5,100.0,36.8,30.0,33.3,20.0,19.7,2.5,,,,,,,12.0,14.0,2.0,0.0,1.0,4.0,13.0,3.0,10.0,1.0,5.0,3.0,3.0,32.1,1923.0
2865599,J. Bergstedt,979769,MELILLA CIUDAD DEL DEPORTE,,6,Rolling Big,https://imagenes.feb.es/Foto.aspx?c=2865599,7,2,8.5,3.6,1.0,1.4,2.4,0.4,0.3,0.1,0.4,0.9,1.1,2.0,-5.1,3.7,1.0,2.7,36.8,0.1,0.7,20.0,1.1,2.0,57.1,41.4,35.4,20.8,58.3,16.6,1.8,43.8,41.4,16.6,12.7,58.3,27.6,25.0,17.0,3.0,2.0,1.0,6.0,26.0,7.0,19.0,1.0,5.0,8.0,14.0,59.8,3581.0
2037865,C. Palomares Calderon,979769,MELILLA CIUDAD DEL DEPORTE,,6,High Volume Scorer,https://imagenes.feb.es/Foto.aspx?c=2037865,1,0,4.1,3.0,0.0,0.0,0.0,0.0,0.0,0.0,0.0,0.0,1.0,0.0,-10.0,1.0,0.0,1.0,0.0,1.0,1.0,100.0,0.0,0.0,0.0,75.0,75.0,50.0,0.0,0.0,1.6,75.0,75.0,0.0,0.0,0.0,19.8,3.0,0.0,0.0,0.0,0.0,0.0,1.0,0.0,1.0,1.0,1.0,0.0,0.0,4.1,247.0
2864599,J. Ezquerra Trelles,979769,MELILLA CIUDAD DEL DEPORTE,,6,Rolling Big,https://imagenes.feb.es/Foto.aspx?c=2864599,6,1,11.9,1.5,0.8,0.3,1.2,1.5,0.7,0.0,0.3,2.3,1.3,0.7,-8.8,-1.7,0.5,3.0,16.7,0.2,1.2,14.3,0.0,0.0,0.0,18.0,18.0,28.0,0.0,35.9,-1.6,30.0,18.0,35.9,7.4,0.0,24.9,9.0,7.0,9.0,4.0,0.0,14.0,-10.0,3.0,18.0,1.0,7.0,0.0,0.0,71.2,4271.0
2814862,S. Peno,979769,MELILLA CIUDAD DEL DEPORTE,,6,Offensive Engine,https://imagenes.feb.es/Foto.aspx?c=2814862,12,0,8.0,1.1,0.1,0.2,0.3,0.8,0.1,0.0,0.0,0.9,1.2,0.8,-5.3,-0.2,0.0,0.6,0.0,0.2,0.8,30.0,0.3,0.3,100.0,34.6,26.5,58.8,23.5,37.0,-0.5,47.1,34.6,37.0,1.3,23.5,14.5,13.0,4.0,9.0,1.0,0.0,11.0,-3.0,0.0,7.0,3.0,10.0,4.0,4.0,95.5,5735.0
2436780,L. Westermann,981421,MONBUS OBRADOIRO,PG,1,Offensive Engine,https://imagenes.feb.es/Foto.aspx?c=2436780,25,25,21.5,11.0,0.4,2.2,2.6,5.4,1.2,0.0,0.0,2.6,2.7,3.0,9.7,12.8,1.9,4.0,48.5,1.8,4.0,44.4,1.9,2.6,71.2,60.6,57.6,50.0,33.3,22.3,8.8,68.4,58.0,21.7,3.0,36.2,24.8,275.0,66.0,134.0,29.0,0.0,65.0,321.0,48.0,99.0,44.0,99.0,47.0,66.0,538.1,32286.0
2433193,M. Speight,981421,MONBUS OBRADOIRO,PG,1,Offensive Engine,https://imagenes.feb.es/Foto.aspx?c=2433193,11,0,17.4,7.8,0.7,1.9,2.6,2.7,1.3,0.0,0.2,2.0,1.5,2.3,8.1,9.6,1.1,2.9,37.5,1.5,2.9,50.0,1.3,1.5,82.4,60.2,56.2,50.0,26.6,23.5,6.3,68.8,60.2,23.5,5.6,26.6,22.4,86.0,29.0,30.0,14.0,0.0,22.0,106.0,12.0,32.0,16.0,32.0,14.0,17.0,191.0,11463.0
2640794,A. Barcello,981421,MONBUS OBRADOIRO,SG,2,Lead Guard,https://imagenes.feb.es/Foto.aspx?c=2640794,25,23,22.8,13.0,1.0,1.8,2.7,3.0,1.6,0.1,0.3,0.9,1.5,3.2,8.4,15.8,2.3,5.0,46.4,1.6,3.8,43.6,3.5,4.0,87.0,62.0,54.6,42.9,45.7,8.0,11.7,67.0,62.4,7.4,5.8,47.6,23.5,326.0,68.0,76.0,39.0,2.0,23.0,396.0,58.0,125.0,41.0,94.0,87.0,100.0,571.0,34259.0
2220063,S. Quintela Salvador,981421,MONBUS OBRADOIRO,SG,2,Lead Guard,https://imagenes.feb.es/Foto.aspx?c=2220063,25,2,17.8,7.4,0.5,1.8,2.3,2.2,2.0,0.0,0.1,1.1,2.0,2.8,7.0,9.7,2.1,4.6,45.6,0.4,1.6,22.0,2.2,2.4,90.2,51.1,42.3,26.5,39.4,13.3,6.5,55.2,53.6,12.4,3.9,42.7,22.0,186.0,58.0,55.0,51.0,0.0,28.0,243.0,52.0,114.0,9.0,41.0,55.0,61.0,445.1,26702.0
2524267,Y. Barrueta,981421,MONBUS OBRADOIRO,SF,3,Shooter Specialist,https://imagenes.feb.es/Foto.aspx?c=2524267,25,25,22.7,11.9,1.2,3.0,4.1,1.0,0.4,0.0,0.3,0.6,1.9,1.3,7.5,11.6,1.6,2.6,62.1,2.4,5.8,41.1,1.4,1.7,83.3,64.4,61.8,68.9,19.8,5.7,8.9,80.6,62.3,4.9,7.0,17.7,20.1,297.0,103.0,25.0,9.0,1.0,14.0,289.0,41.0,66.0,60.0,146.0,35.0,42.0,568.1,34100.0
2482605,K. Lundqvist,981421,MONBUS OBRADOIRO,SF,3,Shooter Specialist,https://imagenes.feb.es/Foto.aspx?c=2482605,7,0,13.5,8.1,0.3,1.6,1.9,1.4,0.6,0.4,0.1,1.3,2.0,2.7,4.4,8.9,2.4,3.3,73.9,0.4,1.7,25.0,2.0,2.9,70.0,65.1,61.4,34.3,57.1,17.0,5.9,74.3,65.1,17.0,2.8,57.1,25.7,57.0,13.0,10.0,4.0,3.0,9.0,62.0,17.0,23.0,3.0,12.0,14.0,20.0,94.7,5686.0
2528063,D. De Sousa Anjo Brito,981421,MONBUS OBRADOIRO,SF,3,3&D Wing,https://imagenes.feb.es/Foto.aspx?c=2528063,25,0,18.3,7.4,0.7,2.3,3.0,1.8,1.1,0.1,0.3,1.0,1.4,1.3,7.0,8.3,1.7,2.8,60.6,1.0,3.2,30.0,1.0,1.6,66.7,54.7,52.3,53.0,25.8,12.9,6.0,69.9,53.8,10.5,5.1,25.4,19.0,184.0,74.0,44.0,27.0,3.0,25.0,207.0,43.0,71.0,24.0,80.0,26.0,39.0,458.5,27506.0
2734244,T. Munnings,981421,MONBUS OBRADOIRO,SF,3,Shooter Specialist,https://imagenes.feb.es/Foto.aspx?c=2734244,9,0,16.9,7.0,1.0,1.6,2.6,2.1,0.7,0.1,0.0,0.8,2.0,0.9,10.2,8.3,1.1,1.8,62.5,1.4,2.8,52.0,0.4,0.7,66.7,72.2,72.0,61.0,14.6,13.8,6.6,89.7,79.7,12.3,6.3,11.8,16.4,63.0,23.0,19.0,6.0,1.0,7.0,75.0,10.0,16.0,13.0,25.0,4.0,6.0,151.8,9104.0
1836771,A. Galan Pozo,981421,MONBUS OBRADOIRO,PF,4,Shooter Specialist,https://imagenes.feb.es/Foto.aspx?c=1836771,25,20,19.9,7.7,0.4,2.5,2.9,1.2,0.6,0.3,0.2,0.7,2.8,2.2,8.7,8.4,1.8,3.0,59.5,0.8,2.3,34.5,1.8,2.2,81.8,61.8,56.1,43.9,41.7,10.3,5.8,72.2,62.9,10.5,2.7,38.5,15.6,193.0,72.0,29.0,16.0,8.0,18.0,209.0,44.0,74.0,20.0,58.0,45.0,55.0,498.7,29917.0
2524084,R. Andersson,981421,MONBUS OBRADOIRO,PF,4,Shooter Specialist,https://imagenes.feb.es/Foto.aspx?c=2524084,24,4,17.5,5.8,0.8,1.9,2.6,0.5,0.5,0.5,0.1,0.5,2.3,1.4,7.2,6.1,0.8,1.0,80.0,0.9,2.7,33.8,1.3,1.7,78.0,63.9,58.9,72.2,45.6,10.0,4.5,83.5,64.1,10.5,6.1,45.9,14.0,138.0,63.0,12.0,11.0,12.0,12.0,146.0,20.0,25.0,22.0,65.0,32.0,41.0,419.4,25160.0
2219665,F. Dos Anjos De Paula,981421,MONBUS OBRADOIRO,C,5,Traditional Center,https://imagenes.feb.es/Foto.aspx?c=2219665,25,24,20.4,11.0,1.9,2.7,4.6,0.6,0.4,0.6,0.0,1.2,2.0,3.2,8.8,14.4,4.5,6.2,72.3,0.0,0.0,0.0,2.1,3.2,65.8,72.7,72.3,0.0,51.0,13.3,9.4,72.2,73.1,12.4,11.3,51.4,20.2,276.0,116.0,14.0,9.0,15.0,29.0,361.0,112.0,155.0,0.0,0.0,52.0,79.0,510.9,30646.0
2371461,D. Kravic,981421,MONBUS OBRADOIRO,C,5,Traditional Center,https://imagenes.feb.es/Foto.aspx?c=2371461,21,0,17.3,8.5,1.8,2.7,4.5,1.9,0.2,0.5,0.2,1.0,1.1,1.6,7.0,11.7,3.8,6.3,60.2,0.0,0.0,0.0,0.9,1.7,50.0,59.8,60.2,0.0,27.1,12.9,7.7,59.5,59.0,12.8,14.0,28.9,21.6,178.0,94.0,40.0,5.0,10.0,22.0,245.0,80.0,133.0,0.0,0.0,18.0,36.0,364.2,21867.0
2026110,G. Huskic,981421,MONBUS OBRADOIRO,C,5,Lead Guard,https://imagenes.feb.es/Foto.aspx?c=2026110,1,1,7.6,5.0,0.0,1.0,1.0,1.0,1.0,0.0,0.0,1.0,2.0,3.0,-7.0,5.0,2.0,4.0,50.0,0.0,0.0,0.0,1.0,2.0,50.0,51.2,50.0,0.0,50.0,17.0,2.8,50.0,51.2,17.0,0.0,50.0,39.6,5.0,1.0,1.0,1.0,0.0,1.0,5.0,2.0,4.0,0.0,0.0,1.0,2.0,7.6,454.0
2082696,A. Etxeguren Gonzalez,981421,MONBUS OBRADOIRO,C,5,Shooter Specialist,https://imagenes.feb.es/Foto.aspx?c=2082696,16,1,9.0,2.5,0.6,0.6,1.2,0.5,0.4,0.1,0.1,0.3,1.2,0.8,2.2,3.4,1.1,1.3,81.0,0.0,0.0,0.0,0.4,0.7,54.5,77.4,81.0,0.0,52.4,16.2,2.5,81.0,78.1,16.7,9.3,42.9,10.0,40.0,20.0,8.0,6.0,2.0,5.0,54.0,17.0,21.0,0.0,0.0,6.0,11.0,144.3,8648.0
2533473,A. Grela Rojas,981421,MONBUS OBRADOIRO,,6,Offensive Engine,https://imagenes.feb.es/Foto.aspx?c=2533473,14,0,5.9,0.6,0.0,0.6,0.6,0.7,0.1,0.0,0.0,0.6,1.3,0.4,0.6,-0.2,0.1,0.5,14.3,0.1,0.6,12.5,0.3,0.3,100.0,26.8,16.7,53.3,26.7,32.3,-0.3,38.5,30.5,35.1,0.0,30.8,13.7,9.0,9.0,10.0,2.0,0.0,8.0,-3.0,1.0,7.0,1.0,8.0,4.0,4.0,83.0,4984.0
2108616,D. Maseda Soilan,981421,MONBUS OBRADOIRO,,6,Rolling Big,https://imagenes.feb.es/Foto.aspx?c=2108616,1,0,0.3,0.0,0.0,0.0,0.0,0.0,0.0,0.0,0.0,0.0,0.0,0.0,-3.0,0.0,0.0,0.0,0.0,0.0,0.0,0.0,0.0,0.0,0.0,0.0,0.0,0.0,0.0,0.0,0.0,0.0,0.0,0.0,0.0,0.0,0.0,0.0,0.0,0.0,0.0,0.0,0.0,0.0,0.0,0.0,0.0,0.0,0.0,0.0,0.3,19.0
2128178,R. Díaz Del Valle,981421,MONBUS OBRADOIRO,,6,Rolling Big,https://imagenes.feb.es/Foto.aspx?c=2128178,2,0,1.6,0.0,0.0,0.5,0.5,0.0,0.0,0.0,0.0,0.0,1.0,0.0,-2.5,-1.0,0.0,0.0,0.0,0.0,0.5,0.0,0.0,0.0,0.0,0.0,0.0,100.0,0.0,0.0,-0.6,50.0,0.0,0.0,0.0,0.0,13.8,0.0,1.0,0.0,0.0,0.0,0.0,-2.0,0.0,0.0,0.0,1.0,0.0,0.0,3.3,199.0
2734234,J. Granger,981431,MOVISTAR ESTUDIANTES,PG,1,High Volume Scorer,https://imagenes.feb.es/Foto.aspx?c=2734234,20,16,25.8,12.8,0.8,2.3,3.0,5.8,0.8,0.0,0.3,1.8,1.5,4.2,6.4,16.3,2.4,4.8,48.5,2.0,6.0,32.2,2.3,2.8,80.7,52.9,48.4,55.5,26.1,12.6,10.5,69.4,54.2,13.0,4.4,26.3,25.4,257.0,61.0,115.0,17.0,1.0,35.0,326.0,47.0,97.0,39.0,121.0,46.0,57.0,515.5,30932.0
2524266,G. Filipovic,981431,MOVISTAR ESTUDIANTES,PG,1,Offensive Engine,https://imagenes.feb.es/Foto.aspx?c=2524266,17,2,13.7,5.9,0.4,1.1,1.5,1.4,0.4,0.0,0.1,0.8,1.9,1.9,-0.6,4.2,1.2,2.8,42.6,0.6,2.7,23.9,1.6,2.0,79.4,46.3,39.2,49.5,36.6,11.5,2.9,58.1,46.3,11.5,3.3,36.6,25.1,100.0,25.0,23.0,6.0,0.0,14.0,72.0,20.0,47.0,11.0,46.0,27.0,34.0,233.2,13997.0
2533643,H. Atencia Suarez,981431,MOVISTAR ESTUDIANTES,PG,1,Offensive Engine,https://imagenes.feb.es/Foto.aspx?c=2533643,2,0,12.0,5.0,0.5,0.0,0.5,1.5,0.5,0.0,0.0,1.0,1.5,0.0,-10.0,3.0,1.0,1.5,66.7,1.0,2.5,40.0,0.0,0.0,0.0,62.5,62.5,62.5,0.0,20.0,3.3,59.7,47.8,14.8,1.2,28.3,28.0,10.0,1.0,3.0,1.0,0.0,2.0,6.0,2.0,3.0,2.0,5.0,0.0,0.0,23.9,1438.0
2451497,C. Barton,981431,MOVISTAR ESTUDIANTES,PG,1,Shooter Specialist,https://imagenes.feb.es/Foto.aspx?c=2451497,4,0,8.0,3.8,0.2,0.5,0.8,1.0,0.2,0.2,0.0,0.8,0.8,1.0,3.5,3.2,0.5,0.5,100.0,0.8,2.2,33.3,0.5,1.2,40.0,56.8,59.1,81.8,45.5,18.5,2.4,100.0,72.6,0.0,0.0,125.0,24.8,15.0,3.0,4.0,1.0,1.0,3.0,13.0,2.0,2.0,3.0,9.0,2.0,5.0,31.8,1908.0
2161529,M. Sola Idrisu,981431,MOVISTAR ESTUDIANTES,PG,1,Rolling Big,https://imagenes.feb.es/Foto.aspx?c=2161529,11,0,3.8,0.5,0.0,0.5,0.5,0.1,0.0,0.0,0.0,0.2,0.5,0.0,0.7,0.1,0.0,0.2,0.0,0.2,0.4,50.0,0.0,0.0,0.0,50.0,50.0,66.7,0.0,25.0,0.1,66.7,50.0,25.0,0.0,0.0,10.9,6.0,5.0,1.0,0.0,0.0,2.0,1.0,0.0,2.0,2.0,4.0,0.0,0.0,42.2,2534.0
2790189,O. Silverio Grullon,981431,MOVISTAR ESTUDIANTES,SG,2,High Volume Scorer,https://imagenes.feb.es/Foto.aspx?c=2790189,24,15,21.9,13.2,0.3,1.5,1.8,1.7,0.9,0.0,0.2,1.4,1.4,2.8,-0.5,12.4,2.1,4.0,53.7,2.2,5.2,41.9,2.5,3.0,84.5,63.5,58.9,56.6,32.4,12.0,9.2,74.1,61.6,11.4,2.0,31.4,25.8,318.0,43.0,41.0,21.0,1.0,34.0,297.0,51.0,95.0,52.0,124.0,60.0,71.0,524.7,31479.0
2815072,S. Salin,981431,MOVISTAR ESTUDIANTES,SG,2,High Volume Scorer,https://imagenes.feb.es/Foto.aspx?c=2815072,20,10,20.1,9.4,0.4,1.6,2.0,1.4,0.4,0.0,0.0,0.7,2.0,2.2,1.2,8.1,0.8,1.6,48.4,2.2,5.8,37.1,1.5,1.8,83.3,58.0,54.1,78.9,24.5,7.9,6.1,78.9,58.0,7.9,2.3,24.5,21.1,189.0,40.0,28.0,9.0,1.0,14.0,162.0,15.0,31.0,43.0,116.0,30.0,36.0,401.5,24097.0
2275135,P. Garino Gullotta,981431,MOVISTAR ESTUDIANTES,SF,3,Shooter Specialist,https://imagenes.feb.es/Foto.aspx?c=2275135,24,21,24.8,10.5,0.8,2.3,3.1,0.9,1.0,0.1,0.3,0.9,2.5,1.5,2.2,9.9,2.1,3.5,60.0,1.5,3.8,40.7,1.6,1.7,92.7,64.7,60.5,51.7,23.3,9.8,7.8,77.3,67.0,9.9,3.4,23.6,18.0,251.0,74.0,21.0,24.0,2.0,21.0,238.0,51.0,85.0,37.0,91.0,38.0,41.0,595.5,35731.0
2433615,L. Giovannetti,981431,MOVISTAR ESTUDIANTES,SF,3,Shooter Specialist,https://imagenes.feb.es/Foto.aspx?c=2433615,25,4,15.9,4.2,0.8,1.2,2.1,0.7,0.6,0.2,0.0,0.4,2.1,0.6,1.2,4.2,0.9,1.3,69.7,0.6,1.7,34.9,0.5,0.6,81.2,62.6,59.9,56.6,21.1,11.7,3.6,79.9,63.9,12.2,7.3,22.2,11.9,104.0,52.0,18.0,16.0,6.0,11.0,106.0,23.0,33.0,15.0,43.0,13.0,16.0,397.3,23838.0
2818741,J. Vaulet,981431,MOVISTAR ESTUDIANTES,PF,4,Stretch Big,https://imagenes.feb.es/Foto.aspx?c=2818741,18,12,20.1,10.3,1.3,3.1,4.4,0.5,0.4,0.5,0.1,1.6,1.9,3.3,-1.8,11.9,3.5,5.5,63.6,0.4,1.4,28.0,2.1,3.1,67.9,62.2,59.3,20.2,45.2,15.9,7.2,66.5,62.2,15.9,8.5,45.2,23.4,185.0,79.0,9.0,7.0,9.0,28.0,215.0,63.0,99.0,7.0,25.0,38.0,56.0,362.1,21735.0
2818742,T. Mc Grew,981431,MOVISTAR ESTUDIANTES,PF,4,Shooter Specialist,https://imagenes.feb.es/Foto.aspx?c=2818742,25,13,23.0,8.9,1.3,3.5,4.8,1.7,0.4,0.6,0.2,0.9,2.4,2.7,4.0,11.5,2.0,3.6,56.7,1.1,3.1,35.1,1.6,2.4,66.7,57.7,54.8,46.1,35.9,10.6,7.3,70.8,58.0,10.3,6.8,38.3,17.8,223.0,119.0,43.0,11.0,16.0,23.0,287.0,51.0,90.0,27.0,77.0,40.0,60.0,574.7,34483.0
2094445,A. González Pérez,981431,MOVISTAR ESTUDIANTES,PF,4,Traditional Center,https://imagenes.feb.es/Foto.aspx?c=2094445,22,5,12.9,4.1,1.3,2.0,3.2,0.2,0.4,0.0,0.1,0.9,1.7,1.6,-1.0,5.3,1.3,2.4,54.7,0.0,0.0,0.0,1.5,2.2,68.8,61.4,54.7,0.0,90.6,20.4,3.2,56.2,61.2,21.5,14.0,66.7,15.5,91.0,71.0,5.0,8.0,1.0,19.0,116.0,29.0,53.0,0.0,0.0,33.0,48.0,284.8,17081.0
2648543,L. Nwogbo,981431,MOVISTAR ESTUDIANTES,C,5,Traditional Center,https://imagenes.feb.es/Foto.aspx?c=2648543,20,13,17.1,8.8,1.3,2.6,3.9,0.8,0.8,0.6,0.2,1.7,3.4,3.6,5.0,10.3,2.9,5.1,56.9,0.0,0.0,0.0,3.0,3.8,77.6,64.1,56.3,1.0,73.8,19.9,6.4,55.7,63.8,19.9,10.3,77.1,25.0,175.0,78.0,16.0,17.0,11.0,34.0,206.0,58.0,102.0,0.0,1.0,59.0,76.0,342.1,20532.0
2032354,H. Lopez Barrantes,981431,MOVISTAR ESTUDIANTES,C,5,Traditional Center,https://imagenes.feb.es/Foto.aspx?c=2032354,10,0,10.7,2.3,1.6,2.6,4.2,0.3,0.1,0.4,0.0,0.7,2.7,1.4,0.2,3.8,0.9,1.4,64.3,0.0,0.0,0.0,0.5,1.5,33.3,55.8,64.3,0.0,107.1,25.4,2.0,69.2,58.7,26.3,21.7,115.4,12.9,23.0,42.0,3.0,1.0,4.0,7.0,38.0,9.0,14.0,0.0,0.0,5.0,15.0,107.0,6419.0
2865685,M. Niang,981431,MOVISTAR ESTUDIANTES,C,5,Rolling Big,https://imagenes.feb.es/Foto.aspx?c=2865685,1,0,8.5,0.0,0.0,0.0,0.0,0.0,0.0,0.0,0.0,0.0,2.0,1.0,1.0,-3.0,0.0,0.0,0.0,0.0,0.0,0.0,0.0,2.0,0.0,0.0,0.0,0.0,0.0,0.0,-1.6,0.0,0.0,0.0,0.0,0.0,5.2,0.0,0.0,0.0,0.0,0.0,0.0,-3.0,0.0,0.0,0.0,0.0,0.0,2.0,8.5,510.0
2739848,R. Stumbris,981431,MOVISTAR ESTUDIANTES,,6,3&D Wing,https://imagenes.feb.es/Foto.aspx?c=2739848,5,1,20.1,7.4,0.8,3.0,3.8,1.0,0.6,0.4,0.0,0.4,2.2,1.0,4.8,9.0,1.4,2.2,63.6,1.0,2.8,35.7,1.6,1.6,100.0,64.9,58.0,56.0,32.0,6.6,6.6,65.9,50.7,12.5,4.1,25.0,17.0,37.0,19.0,5.0,3.0,2.0,2.0,45.0,7.0,11.0,5.0,14.0,8.0,8.0,100.5,6035.0
1517914,S. Garcia Calvo,981431,MOVISTAR ESTUDIANTES,PG,6,Offensive Engine,https://imagenes.feb.es/Foto.aspx?c=1517914,13,7,23.1,6.8,0.8,2.8,3.5,3.8,0.8,0.2,0.1,2.1,1.8,2.5,2.5,10.1,1.0,2.2,44.8,1.2,3.1,37.5,1.3,1.8,73.9,55.6,51.4,58.0,33.3,25.4,5.9,69.6,55.6,25.4,4.8,33.3,17.5,88.0,46.0,49.0,11.0,2.0,27.0,131.0,13.0,29.0,15.0,40.0,17.0,23.0,300.1,18004.0
2746502,A. Brimah,981431,MOVISTAR ESTUDIANTES,,6,Traditional Center,https://imagenes.feb.es/Foto.aspx?c=2746502,8,6,16.4,4.2,0.6,2.4,3.0,0.4,0.2,1.2,0.4,1.5,2.6,1.6,3.1,5.0,1.6,2.9,56.5,0.0,0.0,0.0,1.0,1.4,72.7,61.1,56.5,0.0,47.8,30.1,2.7,56.5,61.1,30.1,4.6,47.8,14.1,34.0,24.0,3.0,2.0,10.0,12.0,40.0,13.0,23.0,0.0,0.0,8.0,11.0,131.3,7880.0
2284278,A. Amon Bystrova,981431,MOVISTAR ESTUDIANTES,,6,Traditional Center,https://imagenes.feb.es/Foto.aspx?c=2284278,3,0,7.0,2.3,1.0,2.0,3.0,0.0,0.0,0.0,0.0,0.3,1.0,0.3,0.3,3.3,1.0,1.7,60.0,0.0,0.0,0.0,0.3,0.7,50.0,59.5,60.0,0.0,40.0,14.5,2.0,60.0,59.5,14.5,18.3,40.0,15.8,7.0,9.0,0.0,0.0,0.0,1.0,10.0,3.0,5.0,0.0,0.0,1.0,2.0,20.9,1252.0
2166715,F. Diaz Martinez,981431,MOVISTAR ESTUDIANTES,,6,Rolling Big,https://imagenes.feb.es/Foto.aspx?c=2166715,1,0,1.9,0.0,1.0,0.0,1.0,0.0,0.0,0.0,0.0,1.0,2.0,0.0,0.0,-2.0,0.0,0.0,0.0,0.0,0.0,0.0,0.0,0.0,0.0,0.0,0.0,0.0,0.0,100.0,-1.1,0.0,0.0,100.0,56.9,0.0,24.8,0.0,1.0,0.0,0.0,0.0,1.0,-2.0,0.0,0.0,0.0,0.0,0.0,0.0,1.9,115.0
2533643,H. Atencia Suarez,981215,PALMER BASKET MALLORCA PALMA,PG,1,Offensive Engine,https://imagenes.feb.es/Foto.aspx?c=2533643,21,12,24.6,12.3,0.2,1.4,1.6,3.3,1.0,0.0,0.2,2.2,2.1,2.9,-6.7,9.2,2.5,5.7,43.7,1.5,5.6,27.4,2.8,3.1,89.4,48.9,42.4,49.6,28.0,14.8,6.8,59.7,47.8,14.8,1.2,28.3,28.0,259.0,33.0,69.0,21.0,1.0,46.0,194.0,52.0,119.0,32.0,117.0,59.0,66.0,516.5,30997.0
1843906,A. Scariolo Ares,981215,PALMER BASKET MALLORCA PALMA,PG,1,Offensive Engine,https://imagenes.feb.es/Foto.aspx?c=1843906,8,0,11.6,4.9,0.4,1.2,1.6,1.0,0.6,0.1,0.4,1.2,0.8,1.6,-2.4,4.6,1.2,3.5,35.7,0.4,1.1,33.3,1.2,1.5,83.3,46.1,39.2,24.3,32.4,19.1,2.7,51.1,48.3,19.6,2.8,40.4,22.6,39.0,13.0,8.0,5.0,1.0,10.0,37.0,10.0,28.0,3.0,9.0,10.0,12.0,92.5,5546.0
1197937,A. Chapela Lage,981215,PALMER BASKET MALLORCA PALMA,PG,1,Offensive Engine,https://imagenes.feb.es/Foto.aspx?c=1197937,14,1,13.6,3.3,0.1,1.4,1.5,2.0,0.9,0.1,0.1,0.9,0.7,1.1,-4.0,3.6,0.3,1.5,19.0,0.8,3.0,26.2,0.4,0.6,62.5,34.6,32.5,66.7,12.7,15.3,2.2,57.1,34.6,15.3,1.1,12.7,19.4,46.0,21.0,28.0,12.0,1.0,12.0,50.0,4.0,21.0,11.0,42.0,5.0,8.0,189.9,11386.0
2863891,P. Scrubb,981215,PALMER BASKET MALLORCA PALMA,SG,2,High Volume Scorer,https://imagenes.feb.es/Foto.aspx?c=2863891,12,12,30.7,16.2,0.2,2.3,2.5,6.9,0.9,0.4,0.1,2.3,1.6,5.2,-1.8,21.5,2.0,4.3,46.2,2.6,6.3,40.8,4.4,5.1,86.9,62.6,55.1,59.4,47.7,15.3,14.2,75.0,65.4,16.9,0.8,52.8,24.7,194.0,30.0,83.0,11.0,5.0,28.0,258.0,24.0,52.0,31.0,76.0,53.0,61.0,368.6,22120.0
2850268,D. Sanadze,981215,PALMER BASKET MALLORCA PALMA,SG,2,Offensive Engine,https://imagenes.feb.es/Foto.aspx?c=2850268,18,15,23.8,11.9,0.4,1.3,1.7,1.2,0.7,0.1,0.4,2.6,2.3,2.8,-8.1,6.2,2.7,6.4,41.4,1.3,4.3,30.8,2.6,3.2,82.5,49.1,43.3,40.2,29.4,17.4,4.5,56.9,48.5,16.7,1.8,29.3,29.2,215.0,30.0,22.0,12.0,1.0,46.0,112.0,48.0,116.0,24.0,78.0,47.0,57.0,427.8,25667.0
1688669,J. Feliu Espejo,981215,PALMER BASKET MALLORCA PALMA,SG,2,3&D Wing,https://imagenes.feb.es/Foto.aspx?c=1688669,17,4,17.7,6.6,0.9,1.5,2.4,0.6,0.9,0.0,0.1,0.9,1.4,1.8,-6.2,6.3,1.4,2.6,51.1,1.0,2.9,34.7,0.9,1.5,64.0,53.8,51.6,52.1,26.6,13.2,4.4,65.5,49.9,13.4,6.5,31.1,18.3,113.0,41.0,11.0,15.0,0.0,16.0,107.0,23.0,45.0,17.0,49.0,16.0,25.0,300.5,18033.0
2815273,N. Camacho De Sá,981215,PALMER BASKET MALLORCA PALMA,SF,3,3&D Wing,https://imagenes.feb.es/Foto.aspx?c=2815273,22,19,20.6,6.7,1.8,2.5,4.3,0.5,0.3,0.0,0.2,0.8,1.7,2.8,-3.4,7.3,1.3,2.9,46.0,0.7,2.9,25.0,1.9,3.0,63.6,47.4,41.7,50.4,52.0,10.3,4.2,61.7,48.4,10.5,10.2,53.2,18.4,148.0,94.0,11.0,7.0,1.0,18.0,161.0,29.0,63.0,16.0,64.0,42.0,66.0,453.0,27185.0
1593686,A. Urdiain Labayen,981215,PALMER BASKET MALLORCA PALMA,SF,3,3&D Wing,https://imagenes.feb.es/Foto.aspx?c=1593686,25,8,16.9,5.7,0.6,1.8,2.4,0.4,0.5,0.0,0.2,0.6,1.6,1.1,-6.3,3.8,0.6,1.6,39.0,1.2,3.8,30.5,0.9,1.4,67.6,47.0,43.8,69.9,25.0,9.0,2.9,68.1,48.5,8.8,4.1,28.6,17.8,142.0,61.0,9.0,12.0,0.0,15.0,94.0,16.0,41.0,29.0,95.0,23.0,34.0,423.1,25390.0
1591996,J. Carralero Martin,981215,PALMER BASKET MALLORCA PALMA,PF,4,3&D Wing,https://imagenes.feb.es/Foto.aspx?c=1591996,23,14,19.4,6.7,1.4,1.4,2.9,1.0,0.5,0.7,0.3,1.1,2.5,2.0,-5.3,6.6,1.4,3.1,45.1,0.7,2.3,28.8,2.0,2.4,82.1,52.5,44.3,42.3,45.5,14.5,4.7,58.6,51.9,14.8,8.7,47.3,18.3,155.0,66.0,23.0,12.0,16.0,25.0,151.0,32.0,71.0,15.0,52.0,46.0,56.0,445.1,26709.0
1766217,A. Comendador Femenias,981215,PALMER BASKET MALLORCA PALMA,PF,4,Stretch Big,https://imagenes.feb.es/Foto.aspx?c=1766217,21,4,15.7,5.4,1.1,2.0,3.1,0.6,0.4,0.4,0.1,0.8,1.6,2.0,-6.6,7.7,1.8,3.0,59.7,0.2,0.4,44.4,1.3,1.8,73.0,64.7,60.6,12.7,52.1,15.5,4.7,63.2,63.5,15.2,8.7,51.5,15.0,113.0,65.0,13.0,8.0,9.0,16.0,161.0,37.0,62.0,4.0,9.0,27.0,37.0,328.9,19746.0
2860169,J. Roberts,981215,PALMER BASKET MALLORCA PALMA,PF,4,Traditional Center,https://imagenes.feb.es/Foto.aspx?c=2860169,17,2,13.4,4.6,1.5,2.1,3.6,0.6,0.1,0.2,0.1,0.6,1.0,1.3,-1.4,7.0,1.8,3.1,58.5,0.0,0.1,0.0,1.0,1.4,70.8,61.2,57.4,1.9,44.4,14.6,4.3,58.7,61.6,15.1,13.6,42.3,16.3,79.0,61.0,10.0,2.0,3.0,11.0,119.0,31.0,53.0,0.0,1.0,17.0,24.0,227.2,13628.0
2812898,A. Izaw Bolavie,981215,PALMER BASKET MALLORCA PALMA,C,5,Traditional Center,https://imagenes.feb.es/Foto.aspx?c=2812898,17,15,23.3,5.8,1.5,3.8,5.3,0.4,1.7,1.7,0.2,1.7,3.2,2.2,-7.3,8.2,2.2,4.8,46.3,0.0,0.0,0.0,1.4,2.8,48.9,48.2,46.3,0.0,57.3,22.0,5.2,44.7,46.8,21.7,8.8,53.9,16.8,99.0,90.0,7.0,29.0,29.0,29.0,140.0,38.0,82.0,0.0,0.0,23.0,47.0,396.3,23791.0
1759354,G. Dike Egun,981215,PALMER BASKET MALLORCA PALMA,C,5,Rolling Big,https://imagenes.feb.es/Foto.aspx?c=1759354,21,8,19.1,3.3,1.6,2.6,4.2,0.9,0.3,0.2,0.0,1.0,2.3,1.4,-5.6,4.8,1.2,2.2,53.2,0.2,0.5,40.0,0.3,1.3,25.0,49.8,54.4,17.5,49.1,22.4,2.7,58.7,49.8,20.9,10.7,53.8,10.6,69.0,89.0,19.0,7.0,5.0,20.0,101.0,25.0,47.0,4.0,10.0,7.0,28.0,401.0,24060.0
2815272,T. Hollowell,981215,PALMER BASKET MALLORCA PALMA,,6,High Volume Scorer,https://imagenes.feb.es/Foto.aspx?c=2815272,7,4,15.7,7.1,0.1,1.0,1.1,1.0,0.4,0.0,0.1,1.0,1.6,1.3,-11.6,3.0,0.4,1.7,25.0,1.7,5.7,30.0,1.1,1.3,88.9,44.7,40.4,76.9,17.3,11.1,2.6,67.3,44.7,11.1,1.0,17.3,27.7,50.0,8.0,7.0,3.0,0.0,7.0,21.0,3.0,12.0,12.0,40.0,8.0,9.0,110.0,6596.0
2815271,M. Frierson,981215,PALMER BASKET MALLORCA PALMA,,6,Shooter Specialist,https://imagenes.feb.es/Foto.aspx?c=2815271,5,3,16.9,6.4,0.2,1.0,1.2,1.0,0.2,0.0,0.0,0.0,2.6,1.0,-2.8,3.8,0.6,1.2,50.0,1.4,4.0,35.0,1.0,1.2,83.3,55.9,51.9,76.9,23.1,0.0,3.8,76.9,55.9,0.0,1.3,23.1,16.4,32.0,6.0,5.0,1.0,0.0,0.0,19.0,3.0,6.0,7.0,20.0,5.0,6.0,84.7,5088.0
2818866,I. Massoud Rodríguez,981215,PALMER BASKET MALLORCA PALMA,,6,High Volume Scorer,https://imagenes.feb.es/Foto.aspx?c=2818866,8,2,17.8,5.8,0.2,0.8,1.0,0.0,0.8,0.0,0.1,0.8,1.5,0.2,-11.5,2.4,0.9,2.0,43.8,1.2,3.2,38.5,0.2,0.2,100.0,53.6,52.4,61.9,4.8,12.3,2.7,71.4,53.6,12.3,1.5,4.8,16.3,46.0,8.0,0.0,6.0,0.0,6.0,19.0,7.0,16.0,10.0,26.0,2.0,2.0,142.7,8570.0
2093770,D. Agbelese,981215,PALMER BASKET MALLORCA PALMA,,6,Rolling Big,https://imagenes.feb.es/Foto.aspx?c=2093770,4,2,15.1,3.8,0.5,2.5,3.0,0.8,0.0,0.5,0.2,2.0,4.0,1.8,-0.5,1.2,1.5,3.0,50.0,0.0,0.0,0.0,0.8,1.8,42.9,49.7,50.0,0.0,58.3,34.7,0.2,50.0,49.7,34.7,3.5,58.3,17.8,15.0,12.0,3.0,0.0,2.0,8.0,5.0,6.0,12.0,0.0,0.0,3.0,7.0,60.4,3626.0
2616996,M. N´Guessan,981215,PALMER BASKET MALLORCA PALMA,,6,Rolling Big,https://imagenes.feb.es/Foto.aspx?c=2616996,2,0,17.0,3.0,1.5,2.0,3.5,1.0,0.0,2.0,0.0,1.0,2.0,2.5,-9.5,5.5,0.5,2.0,25.0,0.0,0.0,0.0,2.0,4.0,50.0,39.9,25.0,0.0,200.0,21.0,3.0,25.0,39.9,21.0,10.4,200.0,13.7,6.0,7.0,2.0,0.0,4.0,2.0,11.0,1.0,4.0,0.0,0.0,4.0,8.0,34.1,2047.0
1909300,A. Almenta Macias,981215,PALMER BASKET MALLORCA PALMA,,6,Rolling Big,https://imagenes.feb.es/Foto.aspx?c=1909300,2,0,6.2,2.0,1.5,1.0,2.5,0.0,0.0,0.0,0.5,1.0,2.0,0.0,-3.0,1.0,1.0,1.5,66.7,0.0,0.0,0.0,0.0,0.0,0.0,66.7,66.7,0.0,0.0,40.0,0.9,66.7,66.7,40.0,25.3,0.0,19.7,4.0,5.0,0.0,0.0,0.0,2.0,2.0,2.0,3.0,0.0,0.0,0.0,0.0,12.3,736.0
2070535,R. Vicente Simo,981215,PALMER BASKET MALLORCA PALMA,,6,Offensive Engine,https://imagenes.feb.es/Foto.aspx?c=2070535,3,0,3.2,0.0,0.3,0.0,0.3,0.0,0.3,0.0,0.0,0.3,0.7,0.0,-4.0,-1.3,0.0,0.0,0.0,0.0,1.0,0.0,0.0,0.0,0.0,0.0,0.0,100.0,0.0,25.0,-0.7,50.0,0.0,25.0,12.5,0.0,19.4,0.0,1.0,0.0,1.0,0.0,1.0,-4.0,0.0,0.0,0.0,3.0,0.0,0.0,9.6,579.0
2276415,A. Wintering,981343,SÚPER AGROPAL PALENCIA,PG,1,Lead Guard,https://imagenes.feb.es/Foto.aspx?c=2276415,23,9,20.6,11.5,1.0,2.3,3.3,2.7,1.4,0.0,0.3,1.4,2.3,2.9,4.7,12.4,3.8,7.2,52.7,0.8,2.6,30.5,1.6,2.2,72.0,53.7,50.9,26.3,22.3,11.8,8.6,60.4,54.6,12.5,5.4,19.4,27.7,264.0,76.0,63.0,33.0,1.0,33.0,285.0,87.0,165.0,18.0,59.0,36.0,50.0,472.9,28364.0
1750421,X. Oroz Uria,981343,SÚPER AGROPAL PALENCIA,PG,1,3&D Wing,https://imagenes.feb.es/Foto.aspx?c=1750421,26,10,15.0,2.6,0.8,2.0,2.7,1.4,0.8,0.0,0.1,0.7,1.2,0.7,2.5,4.7,0.7,1.4,52.8,0.3,1.2,21.9,0.3,0.5,75.0,46.4,43.4,47.1,17.6,19.7,3.0,62.3,47.0,19.5,6.1,18.5,11.1,68.0,71.0,37.0,22.0,1.0,18.0,122.0,19.0,36.0,7.0,32.0,9.0,12.0,390.8,23454.0
2734949,A. Kunkel,981343,SÚPER AGROPAL PALENCIA,SG,2,High Volume Scorer,https://imagenes.feb.es/Foto.aspx?c=2734949,15,7,19.7,14.0,0.7,1.5,2.3,1.1,0.6,0.1,0.3,1.5,2.9,2.4,3.9,9.1,2.7,5.3,51.9,2.2,6.2,35.5,1.9,2.5,78.4,55.8,52.6,54.1,21.5,10.9,7.5,70.1,55.8,10.9,4.4,21.5,33.3,210.0,34.0,17.0,9.0,2.0,23.0,136.0,41.0,79.0,33.0,93.0,29.0,37.0,295.1,17711.0
2092465,T. Borg,981343,SÚPER AGROPAL PALENCIA,SG,2,High Volume Scorer,https://imagenes.feb.es/Foto.aspx?c=2092465,26,16,24.6,10.1,0.5,1.6,2.2,2.1,0.8,0.1,0.3,1.7,2.2,2.4,9.3,9.2,1.4,2.9,48.0,1.9,4.5,42.4,1.5,2.0,75.5,60.6,57.5,61.1,27.5,16.6,6.7,77.0,61.4,16.6,2.8,26.1,18.8,262.0,56.0,55.0,20.0,3.0,43.0,238.0,36.0,75.0,50.0,118.0,40.0,53.0,640.8,38448.0
2819191,M. Heron,981343,SÚPER AGROPAL PALENCIA,SG,2,High Volume Scorer,https://imagenes.feb.es/Foto.aspx?c=2819191,9,4,14.4,7.1,0.4,0.9,1.3,0.9,0.4,0.1,0.2,1.1,2.0,1.1,3.1,4.2,2.0,3.8,52.9,0.9,2.3,38.1,0.4,0.9,50.0,54.7,54.5,38.2,14.5,14.6,3.6,66.7,58.6,18.2,3.5,31.3,27.5,64.0,12.0,8.0,4.0,1.0,10.0,38.0,18.0,34.0,8.0,21.0,4.0,8.0,130.0,7803.0
1376540,M. Rodriguez Barrientos,981343,SÚPER AGROPAL PALENCIA,SG,2,3&D Wing,https://imagenes.feb.es/Foto.aspx?c=1376540,18,3,9.7,3.4,0.3,0.7,1.0,0.4,0.4,0.0,0.1,0.3,2.0,0.4,0.3,1.0,0.3,1.4,20.0,0.8,2.0,41.7,0.4,0.6,70.0,47.4,45.1,59.0,16.4,7.1,1.5,62.3,47.4,7.1,4.3,16.4,19.2,62.0,18.0,8.0,7.0,0.0,5.0,18.0,5.0,25.0,15.0,36.0,7.0,10.0,173.9,10427.0
2734950,M. Kamba,981343,SÚPER AGROPAL PALENCIA,SF,3,Shooter Specialist,https://imagenes.feb.es/Foto.aspx?c=2734950,26,13,22.1,7.6,1.4,3.0,4.4,1.2,1.0,0.2,0.2,0.7,1.3,1.6,8.7,11.6,2.0,2.8,72.6,0.8,2.0,41.5,1.0,1.6,63.4,68.7,68.3,42.1,32.5,10.6,7.9,79.6,68.0,10.9,8.4,34.5,13.2,198.0,115.0,30.0,27.0,6.0,17.0,301.0,53.0,73.0,22.0,53.0,26.0,41.0,573.4,34408.0
1253254,A. Muñoz Borchers,981343,SÚPER AGROPAL PALENCIA,SF,3,3&D Wing,https://imagenes.feb.es/Foto.aspx?c=1253254,19,4,16.7,5.9,0.7,1.9,2.6,0.9,0.5,0.3,0.2,0.4,1.5,1.2,4.0,5.9,0.9,2.1,43.6,1.1,3.3,32.3,1.0,1.2,82.6,50.8,46.5,61.4,22.8,6.7,4.3,69.4,53.4,5.7,5.1,23.3,18.0,113.0,50.0,17.0,10.0,5.0,8.0,112.0,17.0,39.0,20.0,62.0,19.0,23.0,317.7,19069.0
2640789,J. Vrankic,981343,SÚPER AGROPAL PALENCIA,PF,4,3&D Wing,https://imagenes.feb.es/Foto.aspx?c=2640789,26,21,22.9,12.2,1.2,3.1,4.3,1.4,1.0,0.5,0.2,0.5,2.8,2.4,7.8,13.2,3.7,5.9,61.7,0.9,3.0,29.5,2.3,3.2,72.0,59.3,55.8,33.6,35.3,4.6,9.9,66.7,58.2,4.1,7.0,34.4,22.3,318.0,112.0,37.0,25.0,12.0,13.0,342.0,95.0,154.0,23.0,78.0,59.0,82.0,596.1,35771.0
2217440,V. Vucetic,981343,SÚPER AGROPAL PALENCIA,C,5,Stretch Big,https://imagenes.feb.es/Foto.aspx?c=2217440,9,0,15.9,6.3,1.1,2.7,3.8,0.7,0.3,0.0,0.0,0.3,2.0,1.7,6.2,7.8,1.6,3.1,50.0,0.7,1.3,50.0,1.2,1.7,73.3,61.2,57.5,30.0,37.5,6.0,5.2,68.8,65.0,5.0,10.4,40.6,15.7,57.0,34.0,6.0,3.0,0.0,3.0,70.0,14.0,28.0,6.0,12.0,11.0,15.0,142.7,8559.0
2818672,M. Armus,981343,SÚPER AGROPAL PALENCIA,C,5,Rolling Big,https://imagenes.feb.es/Foto.aspx?c=2818672,26,24,20.2,5.4,2.6,3.5,6.1,0.8,0.7,0.2,0.5,1.5,2.2,1.8,7.4,7.6,2.3,4.6,50.0,0.0,0.1,0.0,0.8,2.1,37.0,48.0,49.2,1.6,44.3,21.1,4.4,49.6,47.4,21.8,16.1,41.7,16.9,140.0,159.0,21.0,18.0,4.0,39.0,198.0,60.0,120.0,0.0,2.0,20.0,54.0,525.7,31549.0
1382607,J. Gonzalez Calvo,981343,SÚPER AGROPAL PALENCIA,C,5,Traditional Center,https://imagenes.feb.es/Foto.aspx?c=1382607,13,1,7.8,1.6,0.8,0.9,1.7,0.4,0.1,0.0,0.0,0.5,1.1,1.0,1.4,2.5,0.5,0.8,63.6,0.0,0.0,0.0,0.5,1.0,53.8,62.8,63.6,0.0,118.2,26.4,1.3,63.6,62.8,26.4,12.5,118.2,10.6,21.0,22.0,5.0,1.0,0.0,6.0,32.0,7.0,11.0,0.0,0.0,7.0,13.0,101.2,6067.0
2533871,I. Jakovics,981343,SÚPER AGROPAL PALENCIA,PG,6,High Volume Scorer,https://imagenes.feb.es/Foto.aspx?c=2533871,26,17,22.8,11.5,0.4,2.1,2.5,2.9,0.9,0.0,0.2,1.4,1.9,3.3,9.0,12.0,1.2,2.5,47.0,2.1,5.8,36.4,2.8,3.5,78.3,58.1,52.3,69.6,42.4,12.6,8.4,74.8,58.1,11.0,2.3,42.2,23.0,299.0,66.0,76.0,23.0,1.0,37.0,313.0,31.0,66.0,55.0,151.0,72.0,92.0,593.8,35632.0
2738742,S. Ugochukwu,981343,SÚPER AGROPAL PALENCIA,,6,Traditional Center,https://imagenes.feb.es/Foto.aspx?c=2738742,15,1,13.7,6.3,1.1,1.9,3.0,0.3,0.3,0.3,0.3,0.6,1.9,1.4,2.0,6.3,2.6,4.7,54.9,0.0,0.1,0.0,1.1,1.6,70.8,57.5,54.2,1.4,33.3,9.8,4.4,54.9,57.5,9.8,9.2,33.3,20.8,95.0,45.0,4.0,4.0,4.0,9.0,95.0,39.0,71.0,0.0,1.0,17.0,24.0,204.8,12290.0
2867081,G. Levy,981343,SÚPER AGROPAL PALENCIA,,6,Traditional Center,https://imagenes.feb.es/Foto.aspx?c=2867081,4,0,5.1,2.0,0.5,1.5,2.0,0.0,0.0,0.2,0.0,0.8,0.8,0.5,3.5,2.0,1.0,2.0,50.0,0.0,0.0,0.0,0.0,0.2,0.0,47.4,50.0,0.0,12.5,26.2,0.8,100.0,100.0,50.0,0.0,0.0,18.8,8.0,8.0,0.0,0.0,1.0,3.0,8.0,4.0,8.0,0.0,0.0,0.0,1.0,20.2,1217.0
2866321,G. Levy,981343,SÚPER AGROPAL PALENCIA,,6,Rolling Big,https://imagenes.feb.es/Foto.aspx?c=2866321,4,0,3.7,1.0,0.2,0.8,1.0,0.0,0.0,0.0,0.2,0.5,1.8,0.0,-2.8,-1.0,0.5,1.2,40.0,0.0,0.0,0.0,0.0,0.0,0.0,40.0,40.0,0.0,0.0,28.6,-0.5,40.0,40.0,28.6,10.2,0.0,23.4,4.0,4.0,0.0,0.0,0.0,2.0,-4.0,2.0,5.0,0.0,0.0,0.0,0.0,14.8,884.0
2186516,O. Gomez Fernandez,981343,SÚPER AGROPAL PALENCIA,,6,Rolling Big,https://imagenes.feb.es/Foto.aspx?c=2186516,4,0,1.4,0.0,0.0,0.2,0.2,0.0,0.0,0.0,0.0,0.2,0.2,0.0,-1.0,-0.8,0.0,0.0,0.0,0.0,0.5,0.0,0.0,0.0,0.0,0.0,0.0,100.0,0.0,33.3,-0.6,50.0,0.0,33.3,0.0,0.0,24.6,0.0,1.0,0.0,0.0,0.0,1.0,-3.0,0.0,0.0,0.0,2.0,0.0,0.0,5.8,347.0
